candidate_id,bunker_x,bunker_y,bunker_yaw,rm4d_reachable,ik_valid,collision_free,footprint_collision,joint_margin_rad,fk_position_residual_m,fk_orientation_residual_rad,field_relevance,valid,rejection_reason
candidate-000000,2.468320292067572,-0.4674736939095841,-3.141592653589793,True,True,True,False,0.6564431118364142,7.15749512893306e-16,8.62678528222365e-16,1.0,True,
candidate-000001,2.466041455019403,-0.4935209205596237,2.9670597283903604,True,True,True,False,0.6564431118364134,3.692639165456277e-16,9.577611321139587e-16,1.0,True,
candidate-000002,2.459274185185459,-0.5187767154084346,2.7925268031909276,True,True,True,False,0.6564431118364129,3.2487068343022356e-16,8.263970536599676e-16,1.0,True,
candidate-000003,2.4482241026352374,-0.5424736939095838,2.617993877991494,True,True,True,False,0.6564431118364125,1.5700924586837752e-16,3.5064278184345543e-16,1.0,True,
candidate-000004,2.466041455019404,-0.4414264672595442,-2.9670597283903604,True,True,True,False,1.08185846352007,2.3055512673781017e-16,2.9926031100396483e-16,1.0,True,
candidate-000005,2.433226958535419,-0.5638918353625652,2.443460952792061,True,True,True,False,0.6564431118364129,5.881301029635769e-16,5.30506575621226e-16,1.0,True,
candidate-000006,2.414738433520553,-0.5823803603774302,2.2689280275926285,True,True,True,False,0.656443111836412,2.1898779786837934e-16,7.545913729004261e-16,1.0,True,
candidate-000007,2.4592741851854596,-0.4161706724107338,-2.7925268031909276,True,True,True,False,0.707862642875356,5.266250202865052e-16,3.946235671685964e-15,1.0,True,
candidate-000008,2.393320292067572,-0.5973775044772501,2.094395102393195,True,True,True,False,0.6564431119317478,4.277601662880304e-11,2.8247901911181388e-11,1.0,True,
candidate-000009,2.3696233135664224,-0.6084275870274709,1.919862177193762,True,True,True,False,0.6564431118520577,1.4304461122864439e-11,6.1341514666496324e-12,1.0,True,
candidate-000010,2.448224102635238,-0.39247369390958436,-2.617993877991494,True,True,True,False,0.656443111830662,3.1559115307790214e-11,4.353155066486445e-13,1.0,True,
candidate-000011,2.3443675187176116,-0.6151948568614151,1.7453292519943293,True,True,True,False,0.6564431118387044,7.606186710347465e-12,1.4463922797093755e-12,1.0,True,
candidate-000012,2.4332269585354194,-0.37105555245660327,-2.443460952792062,True,True,True,False,1.0818584635201318,1.2544108448416281e-13,1.4680281560685653e-14,1.0,True,
candidate-000013,2.3183202920675727,-0.6174736939095837,1.5707963267948966,True,True,True,False,0.6564431118359448,3.861850638149976e-12,2.55087340613505e-13,1.0,True,
candidate-000014,2.4147384335205535,-0.35256702744173796,-2.268928027592629,True,True,True,False,1.081858463520071,3.2957919968262575e-16,4.196601311660448e-16,1.0,True,
candidate-000015,2.292273065417533,-0.6151948568614152,1.3962634015954638,True,True,True,False,0.6564431118352814,7.906490210050133e-12,3.6860682305632697e-13,1.0,True,
candidate-000016,2.393320292067573,-0.3375698833419184,-2.0943951023931957,True,True,True,False,0.6564431118364138,1.0011263372118013e-15,1.7498970636115995e-15,1.0,True,
candidate-000017,2.2670172705687226,-0.6084275870274705,1.221730476396031,True,True,True,False,0.6564431118364125,5.822058658345461e-16,8.433262496109134e-16,1.0,True,
candidate-000018,2.3677874581009712,-0.06760727959769959,-3.141592653589793,True,True,True,False,0.5154582464475799,2.8441001681421824e-16,5.078174828124733e-16,1.0,True,
candidate-000019,2.3655086210528022,-0.09365450624773909,2.9670597283903604,True,False,False,False,0.5427641435912887,3.921015392510342e-15,6.300167040037539e-15,0.0,False,ik_no_valid_solution
candidate-000020,2.358741351218858,-0.11891030109655013,2.7925268031909276,True,True,True,False,0.4076006676904269,9.301303977381312e-11,8.58304276882454e-12,0.8152013353808538,True,
candidate-000021,2.3677208427611323,-0.017607323973754276,-3.141592653589793,True,True,True,False,0.8843673854293028,1.986996825864056e-16,1.0238450412956857e-15,1.0,True,
candidate-000022,2.369623313566423,-0.3265198007916977,-1.9198621771937623,True,True,True,False,1.0818584635200676,2.5523059071936082e-15,1.5683995906289423e-15,1.0,True,
candidate-000023,2.243320292067572,-0.59737750447725,1.0471975511965974,True,True,True,False,0.6564431118364125,5.367457578043797e-15,4.603537335135691e-15,1.0,True,
candidate-000024,2.347691268668637,-0.14260727959769975,2.617993877991494,True,True,True,False,0.23306774265182106,6.718707955729214e-14,2.055792553089963e-14,0.4661354853036421,True,
candidate-000025,2.3654420057129633,-0.04365455062379381,2.9670597283903604,True,True,True,False,0.3542835924250176,5.4323970816324795e-11,1.7165894256548016e-12,0.7085671848500352,True,
candidate-000026,2.3655086210528022,-0.04156005294766005,-2.9670597283903604,True,True,True,False,0.11451974865544212,7.319744501993542e-12,1.7142029266699845e-12,0.22903949731088424,True,
candidate-000027,2.3586747358790188,-0.06891034547260473,2.7925268031909276,True,True,True,False,0.22517671772258563,1.576213700060856e-16,7.953131148102844e-16,0.45035343544517126,True,
candidate-000028,2.332694124568818,-0.1640254210506803,2.443460952792061,True,True,True,False,0.9137810401751971,2.776294974351541e-13,5.114450119616267e-14,1.0,True,
candidate-000029,2.3476246533287974,-0.092607323973754,2.617993877991494,True,True,True,False,0.8843673853818319,1.8006340631446417e-11,8.510394900520938e-12,1.0,True,
candidate-000030,2.3443675187176116,-0.31975253095775336,-1.745329251994329,True,True,True,False,1.0818584635200714,5.985173094038516e-16,3.925866931352442e-16,1.0,True,
candidate-000031,2.365442005712964,0.008439902676285343,-2.9670597283903604,True,True,True,False,0.35428359257005093,2.4708698718685164e-16,7.519116651340659e-16,0.7085671851401019,True,
candidate-000032,2.314205599553951,-0.18251394606554583,2.2689280275926285,True,True,True,False,0.9137810401760107,3.4359788356585895e-16,7.177116269423732e-16,1.0,True,
candidate-000033,2.221902150614592,-0.5823803603774311,0.8726646259971647,True,True,True,False,0.656443111836138,8.435295706065395e-13,5.191553535946899e-14,1.0,True,
candidate-000034,2.332627509228979,-0.11402546542673501,2.443460952792061,True,True,True,False,0.8843673854129426,5.232546294761393e-12,2.4960902608395757e-12,1.0,True,
candidate-000035,2.3587413512188578,-0.016304258098849188,-2.7925268031909276,True,True,True,False,0.11451974863467429,3.2911718309488017e-12,7.923642074341194e-13,0.22903949726934858,True,
candidate-000036,2.292787458100971,-0.1975110901653651,2.094395102393195,True,True,True,False,0.11451974861836023,1.3360988953210285e-13,3.2887166185494575e-14,0.22903949723672046,True,
candidate-000037,2.3183202920675723,-0.3174736939095844,-1.5707963267948963,True,True,True,False,1.0818584635200712,2.603703785810335e-16,4.662913278484829e-16,1.0,True,
candidate-000038,2.3141389842141127,-0.13251399044160073,2.2689280275926285,True,True,True,False,0.35428359276110344,3.5211105809663776e-11,8.409234160571635e-12,0.7085671855222069,True,
candidate-000039,2.3586747358790183,0.03369569752509605,-2.7925268031909276,True,True,True,False,0.3542835925700527,4.596460756922437e-16,6.471692184580665e-16,0.7085671851401054,True,
candidate-000040,2.203413625599725,-0.5638918353625653,0.6981317007977319,True,True,True,False,0.6564431118250353,3.6541738967216363e-11,1.8095715857364627e-12,1.0,True,
candidate-000041,2.269090479599821,-0.20856117271558622,1.919862177193762,True,True,True,False,0.26187709179145147,5.8069406181784584e-11,5.035290721792758e-12,0.5237541835829029,True,
candidate-000042,2.0176545380536766,0.03192632427131918,-3.141592653589793,True,True,True,False,0.5935106508531711,6.030453728774642e-16,3.955844122917737e-16,1.0,True,
candidate-000043,2.2927208427611316,-0.14751113454142004,2.094395102393195,True,True,True,False,0.2697696767637323,1.6557950953630956e-10,1.4347515388353151e-11,0.5395393535274646,True,
candidate-000044,2.3476912686686364,0.007392720402300379,-2.617993877991494,True,True,True,False,0.11451974862474446,1.3736711200088905e-12,3.131771292517753e-13,0.2290394972494889,True,
candidate-000045,2.2922730654175334,-0.3197525309577532,-1.3962634015954636,True,True,True,False,0.5379611899714392,2.237726045655905e-16,7.964851075043608e-16,1.0,True,
candidate-000046,2.0153757010055076,0.00587909762127958,2.9670597283903604,True,True,True,False,0.5934940872703622,1.4964743286224848e-15,2.156452638211056e-15,1.0,True,
candidate-000047,2.2438346847510107,-0.21532844254953049,1.7453292519943293,True,True,True,False,0.9137810401760134,1.2412670766236366e-16,3.961463054475097e-16,1.0,True,
candidate-000048,2.2690238642599816,-0.1585612170916408,1.919862177193762,True,True,True,False,0.8843673854292935,3.403200304649593e-15,1.4233635045097877e-15,1.0,True,
candidate-000049,2.008608431171563,-0.01937669722753141,2.7925268031909276,True,True,True,False,0.5935106508600345,1.9556830819904514e-12,1.5214649182173267e-13,1.0,True,
candidate-000050,2.347624653328798,0.05739267602624532,-2.617993877991494,True,True,True,False,0.3542835925700487,3.5652682413747997e-16,8.647777517396157e-16,0.7085671851400974,True,
candidate-000051,2.1884164814999063,-0.5424736939095843,0.5235987755982987,True,True,True,False,0.6564431118364129,2.779024842816778e-16,3.221574859547329e-16,1.0,True,
candidate-000052,2.2670172705687217,-0.32651980079169796,-1.2217304763960293,True,True,True,False,1.0818584635200708,1.7554167342883506e-16,5.65127055791304e-16,1.0,True,
candidate-000053,1.997558348621342,-0.04307367572868075,2.617993877991494,True,True,True,False,0.5086023276151725,1.910589980724133e-11,1.06304491888483e-12,1.0,True,
candidate-000054,2.0153757010055076,0.05797355092135875,-2.9670597283903604,True,True,True,False,0.5086095852360444,5.5839379326548874e-14,1.435362377744568e-14,1.0,True,
candidate-000055,2.332694124568818,0.028810861855281103,-2.443460952792062,True,True,True,False,0.11451974862027692,5.048076132271575e-13,1.218308309804007e-13,0.22903949724055384,True,
candidate-000056,2.2437680694111712,-0.16532848692558516,1.7453292519943293,True,True,True,False,0.6188337196262621,8.579715217388466e-13,1.459464067775716e-13,1.0,True,
candidate-000057,2.2177874581009713,-0.2176072795976992,1.5707963267948966,True,True,True,False,0.5154582464475794,3.203936111033422e-16,5.933698694078114e-16,1.0,True,
candidate-000058,1.9825612045215228,-0.06449181718166146,2.443460952792061,True,True,True,False,0.5086023276652081,1.498191865892815e-13,3.2476775331246775e-14,1.0,True,
candidate-000059,2.2433202920675726,-0.3375698833419184,-1.0471975511965983,True,True,True,False,0.1888953395725732,8.182306501944381e-16,1.0408410523421353e-15,0.3777906791451464,True,
candidate-000060,2.332627509228979,0.07881081747922622,-2.443460952792062,True,True,True,False,0.35428359257005004,5.474255194514172e-16,6.286322412556174e-16,0.7085671851401001,True,
candidate-000061,2.177366398949686,-0.5187767154084344,0.34906585039886595,True,True,True,False,0.6564431118364129,2.7194799110210365e-16,8.380373612996956e-16,1.0,True,
candidate-000062,1.964072679506657,-0.08298034219652725,2.2689280275926285,True,True,True,False,0.5086023276193594,1.7787861186926427e-11,7.125921858563278e-13,1.0,True,
candidate-000063,2.2219021506145915,-0.3525670274417373,-0.8726646259971638,True,True,True,False,0.014362414373179089,2.2088835027113082e-14,1.930953434265258e-15,0.028724828746358178,True,
candidate-000064,2.2177208427611323,-0.1676073239737539,1.5707963267948966,True,True,True,False,0.7933666448212287,1.5091097240551817e-16,6.717308794953776e-16,1.0,True,
candidate-000065,2.008608431171563,0.08322934577016962,-2.7925268031909276,True,True,True,False,0.5935106508531898,4.424076813622219e-15,1.584064770953264e-14,1.0,True,
candidate-000066,2.3142055995539517,0.0472993868701469,-2.268928027592629,True,True,True,False,0.11451974861852587,1.683983588340335e-13,2.9413733857650284e-14,0.22903949723705175,True,
candidate-000067,2.191740231450932,-0.21532844254953068,1.3962634015954638,True,True,True,False,0.9137810401760134,1.249000902703301e-16,4.799820082097909e-16,1.0,True,
candidate-000068,2.203413625599726,-0.3710555524566036,-0.698131700797731,True,True,True,False,0.7078626428757486,1.275982979711396e-13,2.6650426145143333e-14,1.0,True,
candidate-000069,1.9426545380536762,-0.09797748629634638,2.094395102393195,True,True,True,False,0.5934940872719938,4.492360498900436e-13,1.921976885420759e-14,1.0,True,
candidate-000070,2.3141389842141127,0.097299342494092,-2.268928027592629,True,True,True,False,0.3542835945211418,3.592299497221128e-10,8.621849241218212e-11,0.7085671890422836,True,
candidate-000071,2.1916736161110935,-0.16532848692558527,1.3962634015954638,True,True,True,False,0.8843754454935979,3.6104475713416127e-13,3.163305756894445e-14,1.0,True,
candidate-000072,2.1884164814999063,-0.39247369390958387,-0.5235987755982983,True,True,True,False,0.13151536854175738,1.0795284969175218e-10,1.0100215130017884e-11,0.26303073708351477,True,
candidate-000073,2.1705991291157414,-0.49352092055962365,0.17453292519943275,True,True,True,False,0.6564431118364054,1.717083380905921e-14,8.2921426500537e-15,1.0,True,
candidate-000074,2.166484436602121,-0.2085611727155859,1.221730476396031,True,True,True,False,0.9137890521533905,5.2358880021453315e-14,1.7897140559187986e-15,1.0,True,
candidate-000075,2.292787458100971,0.06229653096996628,-2.0943951023931957,True,True,True,False,0.11451974861788328,4.1088856383810563e-14,1.2474700755781717e-14,0.22903949723576655,True,
candidate-000076,1.997558348621342,0.10692632427131898,-2.617993877991494,True,True,True,False,0.5086095852361852,3.645528710796847e-15,7.185628792957847e-15,1.0,True,
candidate-000077,1.9189575595525266,-0.10902756884656728,1.919862177193762,True,True,True,False,0.5934940874339523,5.143100152046508e-11,2.118729045235652e-12,1.0,True,
candidate-000078,2.1773663989496863,-0.41617067241073397,-0.3490658503988655,True,True,True,False,0.3060482935480029,7.850462293418876e-17,5.774256552113653e-16,0.6120965870960058,True,
candidate-000079,2.1705991291157414,-0.4414264672595447,-0.17453292519943275,True,True,True,False,0.48058121874743875,1.048606234488854e-14,7.182613380219297e-15,0.9611624374948775,True,
candidate-000080,2.1664178212622818,-0.15856121709164042,1.221730476396031,True,True,True,False,0.8843754454933976,2.37549462997806e-16,4.90711948604539e-16,1.0,True,
candidate-000081,2.292720842761132,0.11229648659391162,-2.0943951023931957,True,True,True,False,0.3542835937376583,2.1492404076370026e-10,5.109783378753747e-11,0.7085671874753166,True,
candidate-000082,1.8937017647037162,-0.11579483868051174,1.7453292519943293,True,True,True,False,0.5934940874346184,5.1651646140353516e-11,1.6221773926323087e-12,1.0,True,
candidate-000083,2.1427874581009703,-0.19751109016536567,1.0471975511965974,True,True,True,False,0.5154582464475768,1.1295700899707568e-16,3.651028179742848e-16,1.0,True,
candidate-000084,2.2690904795998215,0.0733466135201868,-1.9198621771937623,True,True,True,False,0.11451974861770298,6.454199258953082e-15,2.509105208339358e-15,0.22903949723540595,True,
candidate-000085,2.1683202920675724,-0.46747369390958404,0.0,True,True,True,False,0.6551141439394961,8.351520720709822e-11,2.0394459901885e-12,1.0,True,
candidate-000086,1.982561204521523,0.12834446572429997,-2.443460952792062,True,True,True,False,0.5086095852361892,1.2051322628916772e-15,1.451680915565744e-15,1.0,True,
candidate-000087,2.142720842761132,-0.14751113454142017,1.0471975511965974,True,True,True,False,0.4884036501574047,1.3027607464889927e-12,1.2103559013123948e-13,0.9768073003148094,True,
candidate-000088,2.269023864259982,0.12334656914413228,-1.9198621771937623,True,True,True,False,0.3542835931827617,1.1256053608235834e-10,2.7477787674980185e-11,0.7085671863655234,True,
candidate-000089,1.8676545380536764,-0.1180736757286805,1.5707963267948966,True,True,True,False,0.5086095851301327,3.9812841550415196e-11,7.385020068724856e-12,1.0,True,
candidate-000090,2.243834684751011,0.08011388335413122,-1.745329251994329,True,True,True,False,0.11451974861767011,7.791670339018883e-16,1.1702969129897971e-15,0.22903949723534023,True,
candidate-000091,2.12136931664799,-0.18251394606554647,0.8726646259971647,True,True,True,False,0.5154582464475879,9.927847763031972e-15,3.663288597029726e-15,1.0,True,
candidate-000092,1.9640726795066572,0.1468329907391655,-2.268928027592629,True,False,True,False,4.440892098500626e-16,0.016407811530838746,0.0015423324691318991,0.0,False,ik_no_valid_solution
candidate-000093,2.2437680694111717,0.13011383897807655,-1.745329251994329,True,True,True,False,0.3542835927049426,2.4969603455004925e-11,5.958937167733141e-12,0.7085671854098852,True,
candidate-000094,1.841607311403637,-0.11579483868051191,1.3962634015954638,True,True,True,False,0.5086023273918228,1.0311634774572958e-10,5.664824388615136e-12,1.0,True,
candidate-000095,2.2177874581009713,0.08239272040230003,-1.5707963267948963,True,True,True,False,0.11451975498730871,1.2348792757289477e-09,2.8625842215181725e-10,0.22903950997461742,True,
candidate-000096,2.1213027013081516,-0.13251399044160114,0.8726646259971647,True,True,True,False,0.31387072495366564,4.669248056451509e-13,4.374845548729346e-14,0.6277414499073313,True,
candidate-000097,2.1028807916331242,-0.1640254210506809,0.6981317007977319,True,True,True,False,0.5154582478300496,2.6004995885281885e-10,7.133206712793544e-11,1.0,True,
candidate-000098,1.9426545380536764,0.161830134838985,-2.0943951023931957,True,True,True,False,0.5086095852361794,4.560986215344052e-15,3.2257831032178117e-15,1.0,True,
candidate-000099,2.2177208427611323,0.13239267602624533,-1.5707963267948963,True,True,True,False,0.3542835925723411,4.440429262220247e-13,1.2902861122485813e-13,0.7085671851446822,True,
candidate-000100,2.1917402314509316,0.08011388335413137,-1.3962634015954636,True,True,True,False,0.11451975233509604,7.206957722271207e-10,1.6710124620940026e-10,0.22903950467019207,True,
candidate-000101,1.8163515165548263,-0.10902756884656706,1.221730476396031,True,True,True,False,0.508609585231286,1.8934183721785205e-12,1.588493462179901e-13,1.0,True,
candidate-000102,2.1028141762932853,-0.11402546542673556,0.6981317007977319,True,True,True,False,0.4589350424290286,1.006609436982008e-14,5.82439281607916e-15,0.9178700848580572,True,
candidate-000103,2.0878836475333054,-0.14260727959769942,0.5235987755982987,True,True,True,False,0.515458246447579,1.3877787807814457e-16,4.888667247901319e-16,1.0,True,
candidate-000104,2.1664844366021208,0.07334661352018651,-1.2217304763960293,True,True,True,False,0.11451974861766878,2.0396099332657776e-16,3.225043667587329e-16,0.22903949723533756,True,
candidate-000105,2.191673616111093,0.1301138389780767,-1.3962634015954636,True,True,True,False,0.3542835925688448,4.673051135020068e-13,1.3151343126488428e-13,0.7085671851376896,True,
candidate-000106,1.918957559552527,0.17288021738920556,-1.9198621771937623,True,True,True,False,0.35883595659482115,7.150638603868575e-13,3.216681640653791e-14,0.7176719131896423,True,
candidate-000107,1.792654538053676,-0.09797748629634676,1.0471975511965974,True,True,True,False,0.5934940872705514,5.458780910250303e-14,1.2223551471255643e-14,1.0,True,
candidate-000108,2.142787458100971,0.06229653096996618,-1.0471975511965983,True,True,True,False,0.114519748617675,1.261581747665054e-15,8.7396282322628125e-16,0.22903949723535,True,
candidate-000109,2.0878170321934664,-0.09260732397375421,0.5235987755982987,True,True,True,False,0.45893504243039995,2.7817270005127617e-13,1.3639449092965045e-14,0.9178700848607999,True,
candidate-000110,2.1664178212622818,0.12334656914413177,-1.2217304763960293,True,True,True,False,0.3542835925679304,9.247622382113978e-13,2.4804463212485237e-13,0.7085671851358608,True,
candidate-000111,1.8937017647037158,0.1796474872231501,-1.745329251994329,True,True,True,False,0.18430303137722426,6.775786942526902e-15,3.0553693781362296e-15,0.3686060627544485,True,
candidate-000112,2.0768335649830845,-0.11891030109654985,0.34906585039886595,True,True,True,False,0.9137890521528975,1.543707851962538e-13,7.234349275604615e-14,1.0,True,
candidate-000113,2.12136931664799,0.047299386870146995,-0.8726646259971638,True,True,True,False,0.11451974861809244,8.271508470876392e-14,1.8217638138126934e-14,0.22903949723618489,True,
candidate-000114,2.142720842761132,0.1122964865939114,-1.0471975511965983,True,True,True,False,0.3542835925695278,6.969316567318177e-13,1.9411701307921573e-13,0.7085671851390556,True,
candidate-000115,1.771236396600695,-0.0829803421965275,0.8726646259971647,True,False,False,False,4.440892098500626e-16,0.02154302368839048,0.0036756242007745525,0.0,False,ik_no_valid_solution
candidate-000116,2.1028807916331247,0.028810861855281214,-0.698131700797731,True,True,True,False,0.11451974861870573,2.005108157561493e-13,4.943410041549721e-14,0.22903949723741146,True,
candidate-000117,2.0767669496432455,-0.06891034547260458,0.34906585039886595,True,True,True,False,0.45893504242444827,1.0896227078727239e-12,1.9599314161483247e-13,0.9178700848488965,True,
candidate-000118,1.8676545380536764,0.18192632427131883,-1.5707963267948963,True,True,True,False,0.40189996776989423,1.8998002168728927e-14,3.32804153176029e-15,0.8037999355397885,True,
candidate-000119,2.1213027013081516,0.09729934249409239,-0.8726646259971638,True,True,True,False,0.35428359291210265,6.93092543671505e-11,1.8270567796907776e-11,0.7085671858242053,True,
candidate-000120,2.07006629514914,-0.09365450624773927,0.17453292519943275,True,True,True,False,0.913789052153402,1.5265566588595902e-16,6.646700293277253e-16,1.0,True,
candidate-000121,2.087883647533305,0.007392720402300421,-0.5235987755982983,True,True,True,False,0.11451974871969117,2.1973437833695235e-11,5.817962925791693e-12,0.22903949743938234,True,
candidate-000122,2.1028141762932857,0.07881081747922639,-0.698131700797731,True,True,True,False,0.3542835925700505,2.0770370905276122e-16,6.183886861664917e-16,0.708567185140101,True,
candidate-000123,1.7527478715858296,-0.06449181718166211,0.6981317007977319,True,True,True,False,0.5086023276656291,6.690187733356917e-16,3.3473396360610804e-15,1.0,True,
candidate-000124,2.0768335649830854,-0.016304258098849382,-0.3490658503988655,True,True,True,False,0.9137890520813472,2.426544639348169e-11,9.963805148104149e-12,1.0,True,
candidate-000125,1.841607311403637,0.17964748722315022,-1.3962634015954636,True,False,True,False,4.440892098500626e-16,0.007902594101996483,0.0007428436415957307,0.0,False,ik_no_valid_solution
candidate-000126,2.0699996798093014,-0.04365455062379381,0.17453292519943275,True,True,True,False,0.18107566866692526,2.4394924734781536e-16,7.316511293748516e-16,0.3621513373338505,True,
candidate-000127,2.0878170321934664,0.05739267602624584,-0.5235987755982983,True,True,True,False,0.3542835925699377,2.623288462708035e-14,5.571549452081946e-15,0.7085671851398754,True,
candidate-000128,2.07006629514914,-0.041560052947660006,-0.17453292519943275,True,True,True,False,0.9137890521534033,4.0221650305342743e-16,3.454338494179242e-16,1.0,True,
candidate-000129,2.0677874581009714,-0.06760727959769958,0.0,True,True,True,False,0.11451974866763015,1.1540155096190202e-11,2.814286114894443e-12,0.2290394973352603,True,
candidate-000130,2.0767669496432464,0.033695697525095866,-0.3490658503988655,True,True,True,False,0.3542835926246899,1.0000801992115877e-11,2.2118550984988924e-12,0.7085671852493798,True,
candidate-000131,1.8163515165548259,0.17288021738920523,-1.2217304763960293,True,True,True,False,0.1361104378416811,3.098885880469032e-11,3.689696992201367e-12,0.2722208756833622,True,
candidate-000132,1.737750727486011,-0.04307367572868064,0.5235987755982987,True,True,True,False,0.5086095851148831,4.7135810892288034e-11,7.719192847906566e-13,1.0,True,
candidate-000133,2.069999679809301,0.00843990267628526,-0.17453292519943275,True,True,True,False,0.35428359257005404,6.121288326346743e-16,1.1143011011905065e-15,0.7085671851401081,True,
candidate-000134,2.0677208427611324,-0.017607323973754273,0.0,True,True,True,False,0.8843754454933985,2.297444613877834e-16,6.663413604403695e-16,1.0,True,
candidate-000135,1.7926545380536762,0.1618301348389849,-1.0471975511965983,True,True,True,False,0.508602327665566,2.3169913316457952e-14,1.3164562384896101e-14,1.0,True,
candidate-000136,1.7712363966006957,0.14683299073916573,-0.8726646259971638,True,True,True,False,0.50860232750362,6.251943754587051e-11,3.124672699736493e-12,1.0,True,
candidate-000137,1.72670064493579,-0.019376697227531048,0.34906585039886595,True,True,True,False,0.5086023276538723,4.571452759527297e-12,2.697011435991302e-13,1.0,True,
candidate-000138,1.7527478715858298,0.1283444657242997,-0.698131700797731,True,True,True,False,0.5086023276610083,1.819190566995818e-12,1.5362920997834548e-13,1.0,True,
candidate-000139,1.7377507274860104,0.10692632427131918,-0.5235987755982983,True,True,True,False,0.5934940872708951,1.543951900662982e-13,2.4284441344188767e-14,1.0,True,
candidate-000140,1.7199333751018453,0.005879097621279614,0.17453292519943275,True,True,True,False,0.5086095852282648,3.054156930395796e-12,1.658293156954484e-13,1.0,True,
candidate-000141,1.7267006449357905,0.08322934577016938,-0.3490658503988655,True,False,False,False,4.440892098500626e-16,0.021543023682489674,0.003675624235433278,0.0,False,ik_no_valid_solution
candidate-000142,1.7199333751018455,0.057973550921358696,-0.17453292519943275,True,True,True,False,0.5086023276656291,8.034233943789537e-16,3.064785058675897e-15,1.0,True,
candidate-000143,1.7176545380536765,0.03192632427131915,0.0,True,True,True,False,0.5935106508533754,7.499820041610119e-14,1.4828025517424963e-14,1.0,True,
