slot,scene,method,tier,role,retrieval_success,confirmation_failure,round,already_confirmed,best_tier,historical_first_tier,first_index,second_index,total_cost,changed,strict_improvement,all_phase_sequence_exists,any_phase_sequence_not_excluded,allowed_sequences,historical_view_id,predicted_first_pose,predicted_second_pose,generic_first_tier,ours_first_tier
1,eval-hard-015,generic,hard,primary,False,True,1,False,2,0,82,82,2.1963495408493623,True,True,True,True,19009,1,"[-1.397159129208104,-2.0994446212754307,1.2733219964101763,0.7761773310815401]","[-1.397159129208104,-2.0994446212754307,1.2733219964101763,0.7761773310815401]",0,0
1,eval-hard-015,generic,hard,primary,False,True,2,False,0,0,,,,,,False,False,65,0,,,0,0
2,eval-hard-015,ours,hard,primary,True,False,1,False,2,0,81,41,3.0,True,True,True,True,19009,82,"[-1.4358711681560483,-2.0563733263591293,1.2035830029607255,-0.013503729011119958]","[-2.4358711681560483,-2.0563733263591293,1.2035830029607255,-0.013503729011119958]",0,0
2,eval-hard-015,ours,hard,primary,True,False,2,False,2,1,32,0,1.196349540849362,True,True,True,True,113,0,"[-2.469727550943695,-2.102324070976831,1.1511570876526813,-0.014318319207987429]",,0,1
3,eval-moderate-016,ours,moderate,primary,True,False,1,False,2,2,57,57,1.0000000000000002,True,False,True,True,19009,49,"[-2.426486364411538,-0.08601247899911693,1.2798931296465283,-0.012342620605977572]","[-2.426486364411538,-0.08601247899911693,1.2798931296465283,-0.012342620605977572]",2,2
3,eval-moderate-016,ours,moderate,primary,True,False,2,False,2,2,0,0,0.0,False,False,True,True,121,0,"[-2.489387704428052,-1.087157366771702,1.2148454211513406,-0.011274842117705575]",,2,2
4,eval-moderate-016,generic,moderate,primary,True,False,1,False,2,2,57,57,1.0,True,False,True,True,19009,1,"[-2.4255690190270536,-0.06001595621608583,1.275393311241767,-0.012770243009115223]","[-2.4255690190270536,-0.06001595621608583,1.275393311241767,-0.012770243009115223]",2,2
4,eval-moderate-016,generic,moderate,primary,True,False,2,False,2,2,0,0,0.0,False,False,True,True,65,0,"[-3.520250450909413,-2.118953739352945,1.1657701588304077,-0.011553557564804251]",,2,2
5,eval-moderate-024,generic,moderate,primary,True,False,1,False,2,2,0,89,0.9999999999999999,True,False,True,True,19009,1,"[-1.4293742108684195,-0.06756476975302804,1.2699188494239169,-0.011450342770435551]","[-1.4293742108684195,-1.067564769753028,1.2699188494239169,-0.011450342770435551]",2,2
5,eval-moderate-024,generic,moderate,primary,True,False,2,True,2,,0,0,0.0,,,True,True,65,,"[-3.52977083313605,-2.1161710213304614,1.1558319318136896,-0.010102581549164213]",,2,2
6,eval-moderate-024,ours,moderate,primary,True,False,1,False,2,2,0,89,1.0,True,False,True,True,19009,41,"[-1.431071394041413,-0.06140829956078159,1.3027911875707303,-0.012201874802919566]","[-1.431071394041413,-1.0614082995607816,1.3027911875707303,-0.012201874802919566]",2,2
6,eval-moderate-024,ours,moderate,primary,True,False,2,True,2,,0,0,0.0,,,True,True,89,,"[-2.5010221566636437,-2.1182994444596193,1.1965474430888468,-0.011126635498639903]",,2,2
7,eval-easy-033,ours,easy,primary,True,False,1,False,2,2,57,57,1.0,True,False,True,True,19009,49,"[-2.4356624020342372,-0.02199575463403222,1.3247645173008478,-0.012314321310781029]","[-2.4356624020342372,-0.02199575463403222,1.3247645173008478,-0.012314321310781029]",1,2
7,eval-easy-033,ours,easy,primary,True,False,2,False,2,2,0,0,0.0,False,False,True,True,153,0,"[-2.4776855609555453,-0.9889168934784189,1.2681324400518386,-0.012139902750885057]",,2,2
8,eval-easy-033,generic,easy,primary,True,False,1,False,2,2,57,57,0.9999999999999998,True,False,True,True,19009,25,"[-2.3526768615990266,0.02686646115544681,1.0952610224891874,-0.003750905116524983]","[-2.3526768615990266,0.02686646115544681,1.0952610224891874,-0.003750905116524983]",2,2
8,eval-easy-033,generic,easy,primary,True,False,2,False,2,2,0,0,0.0,False,False,True,True,89,0,"[-3.4392027769011646,1.0417401852827741,0.9722495979519868,-0.0037974497507966554]",,2,2
9,eval-easy-009,ours,easy,primary,True,False,1,False,2,2,57,57,1.0,True,False,True,True,19009,49,"[-2.4235443730475295,-0.048172963144532135,1.313298733652249,-0.011842522093552521]","[-2.4235443730475295,-0.048172963144532135,1.313298733652249,-0.011842522093552521]",1,2
9,eval-easy-009,ours,easy,primary,True,False,2,False,2,2,0,0,0.0,False,False,True,True,121,0,"[-2.45599251984083,-1.0144448618750421,1.2471046103236898,-0.011109079712590564]",,2,2
10,eval-easy-009,generic,easy,primary,True,False,1,False,2,1,57,57,1.0,True,True,True,True,19009,33,"[-2.4210516733935843,-0.05261538713741006,1.3024637224178754,-0.011534391225179963]","[-2.4210516733935843,-0.05261538713741006,1.3024637224178754,-0.011534391225179963]",1,2
10,eval-easy-009,generic,easy,primary,True,False,2,False,2,2,9,0,1.0,False,False,True,True,65,9,"[-3.4959765879959934,1.018233069072823,1.18145735193192,-0.010282862181889563]",,2,2
11,eval-easy-006,generic,easy,primary,True,False,1,False,2,2,57,50,2.1963495408493623,True,False,True,True,19009,17,"[-2.486120874399399,0.09576404757156567,1.2954960760695453,-0.011410810995345244]","[-2.486120874399399,-0.9042359524284344,1.2954960760695453,0.773987352402103]",2,2
11,eval-easy-006,generic,easy,primary,True,False,2,False,2,2,0,0,0.0,False,False,True,True,113,0,"[-3.5530578837782127,0.139462008663763,1.1911425868951144,-0.011296915822958553]",,2,2
12,eval-easy-006,ours,easy,primary,True,False,1,False,2,2,50,50,1.6105631032224572,True,False,True,True,19009,64,"[-2.441290731560735,-0.9428872682833973,1.2668544463666207,0.7736134919932849]","[-2.441290731560735,-0.9428872682833973,1.2668544463666207,0.7736134919932849]",2,2
12,eval-easy-006,ours,easy,primary,True,False,2,False,2,2,0,0,0.0,False,False,True,True,153,0,"[-2.3882228243525154,0.12034464045458937,1.2199207072243206,-0.8001977919743113]",,2,2
13,eval-hard-007,ours,hard,primary,False,False,1,False,2,1,82,82,2.1963495408493623,True,True,True,True,19009,41,"[-1.4172924851440962,-2.073792216619846,1.2892721927092272,0.773439351533082]","[-1.4172924851440962,-2.073792216619846,1.2892721927092272,0.773439351533082]",0,1
13,eval-hard-007,ours,hard,primary,False,False,2,False,2,2,0,0,0.0,True,False,True,True,89,42,"[-2.464552488538724,-2.0696418619582877,1.243479231221882,-0.011513305737633317]",,2,2
14,eval-hard-007,generic,hard,primary,False,True,1,False,1,0,81,81,2.0,True,True,False,True,19009,33,"[-1.4261754446951929,-2.05877837821051,1.2919068782910768,-0.012239476590087506]","[-1.4261754446951929,-2.05877837821051,1.2919068782910768,-0.012239476590087506]",0,1
14,eval-hard-007,generic,hard,primary,False,True,2,False,0,0,,,,,,False,False,65,0,,,0,0
15,eval-moderate-023,generic,moderate,primary,True,False,1,False,2,2,57,57,1.0,True,False,True,True,19009,1,"[-2.425622526780211,-0.039111328942936265,1.3187606621501877,-0.013454828121995277]","[-2.425622526780211,-0.039111328942936265,1.3187606621501877,-0.013454828121995277]",2,2
15,eval-moderate-023,generic,moderate,primary,True,False,2,False,2,2,0,0,0.0,False,False,True,True,65,0,"[-3.510469216558948,-2.1025827525805947,1.2026863834636539,-0.012667286252101118]",,2,2
16,eval-moderate-023,ours,moderate,primary,True,False,1,False,2,2,57,57,1.0,False,False,True,True,19009,57,"[-2.43330939713392,-0.017447057716865118,1.2967928825029162,-0.009840232150839512]","[-2.43330939713392,-0.017447057716865118,1.2967928825029162,-0.009840232150839512]",2,2
16,eval-moderate-023,ours,moderate,primary,True,False,2,False,2,2,0,0,0.0,False,False,True,True,153,0,"[-2.479770224965902,0.013600523393713333,1.2382755048204228,-0.009974629682329983]",,2,2
17,eval-moderate-004,ours,moderate,primary,True,False,1,False,2,2,57,57,1.0,True,False,True,True,19009,49,"[-2.4515719573382815,-0.02415219727516532,1.3225644292921657,-0.011289716028787922]","[-2.4515719573382815,-0.02415219727516532,1.3225644292921657,-0.011289716028787922]",2,2
17,eval-moderate-004,ours,moderate,primary,True,False,2,False,2,2,0,0,0.0,False,False,True,True,121,0,"[-2.5112074037055168,-1.0037800712846867,1.2552459672999228,-0.010838429748537326]",,2,2
18,eval-moderate-004,generic,moderate,primary,True,False,1,False,2,2,57,57,1.0,True,False,True,True,19009,1,"[-2.4279701313330553,-0.07421918784124087,1.287429462636708,-0.011079320659773906]","[-2.4279701313330553,-0.07421918784124087,1.287429462636708,-0.011079320659773906]",2,2
18,eval-moderate-004,generic,moderate,primary,True,False,2,False,2,2,0,0,0.0,False,False,True,True,65,0,"[-3.5286994587967833,-2.1319105847386908,1.1917661948294191,-0.011123566340206725]",,2,2
19,eval-moderate-026,generic,moderate,primary,True,False,1,False,2,2,0,57,1.0,True,False,True,True,19009,1,"[-1.414266719837848,-0.06845628262309658,1.2381052790830338,-0.011083864379334507]","[-2.414266719837848,-0.06845628262309658,1.2381052790830338,-0.011083864379334507]",2,2
19,eval-moderate-026,generic,moderate,primary,True,False,2,False,2,2,0,0,0.0,False,False,True,True,65,0,"[-3.4782761942630422,-2.0621553734707923,1.1718867964792419,-0.010381832371594513]",,2,2
20,eval-moderate-026,ours,moderate,primary,True,False,1,False,2,2,57,57,1.0000000000000002,True,False,True,True,19009,41,"[-2.4490898220155435,-0.035454945244307486,1.2973991813162637,-0.010728537643372338]","[-2.4490898220155435,-0.035454945244307486,1.2973991813162637,-0.010728537643372338]",2,2
20,eval-moderate-026,ours,moderate,primary,True,False,2,False,2,2,0,0,0.0,False,False,True,True,89,0,"[-2.5223182374275903,-2.114852910346666,1.1901993141562486,-0.009162812432296441]",,2,2
21,eval-hard-006,generic,hard,primary,False,True,1,False,2,2,81,41,3.0,True,False,True,True,19009,1,"[-1.3750982804562417,-2.0880769947936217,1.243330575704539,-0.010898356992683489]","[-2.3750982804562417,-2.0880769947936217,1.243330575704539,-0.010898356992683489]",2,1
21,eval-hard-006,generic,hard,primary,False,True,2,False,2,0,41,0,2.0,True,True,True,True,65,0,"[-1.4312561200347886,-2.1216288577952374,1.168395176674406,-0.010354795311175558]",,0,2
22,eval-hard-006,ours,hard,primary,True,False,1,False,2,1,81,41,3.0,True,True,True,True,19009,82,"[-1.4520795606220271,-2.0256577438769043,1.324356324760532,-0.009539862362070828]","[-2.4520795606220274,-2.0256577438769043,1.324356324760532,-0.009539862362070828]",1,1
22,eval-hard-006,ours,hard,primary,True,False,2,False,2,2,0,0,0.0,False,False,True,True,113,0,"[-1.4868161506004922,-2.129344753488839,1.2594644063106473,0.7752171524046974]",,2,2
23,eval-hard-002,ours,hard,primary,True,False,1,False,2,2,81,81,2.0,True,False,True,True,19009,41,"[-1.3488967786227228,-1.9590660473185633,1.182741724033909,-0.005207240276777991]","[-1.3488967786227228,-1.9590660473185633,1.182741724033909,-0.005207240276777991]",2,2
23,eval-hard-002,ours,hard,primary,True,False,2,False,2,2,0,0,0.0,False,False,True,True,89,0,"[-2.2811394748786706,-2.0197559324225844,1.1208066761810946,-0.006428520944549376]",,1,2
24,eval-hard-002,generic,hard,primary,True,False,1,False,2,1,41,41,2.23606797749979,True,True,True,True,19009,1,"[-2.4666481911163434,-1.9925354954638814,1.3087405852064697,-0.011185929418407348]","[-2.4666481911163434,-1.9925354954638814,1.3087405852064697,-0.011185929418407348]",1,2
24,eval-hard-002,generic,hard,primary,True,False,2,False,2,0,17,0,1.0,True,True,True,True,65,0,"[-2.5531300893382594,-2.0363198309566486,1.2176931771927517,-0.010653901686738632]",,0,2
26,eval-hard-002,no_cost,hard,secondary_ablation,True,False,1,False,2,2,41,41,2.23606797749979,False,False,True,True,19009,41,"[-2.4514657038752596,-1.9929557751050853,1.3010267641155209,-0.011894725731776745]","[-2.4514657038752596,-1.9929557751050853,1.3010267641155209,-0.011894725731776745]",1,2
26,eval-hard-002,no_cost,hard,secondary_ablation,True,False,2,False,2,2,0,0,0.0,False,False,True,True,89,0,"[-2.5303683846019283,-2.0485598235870235,1.3948781336585208,-0.012229347947431357]",,1,2
27,eval-hard-002,no_occlusion,hard,secondary_ablation,False,True,1,False,2,0,41,41,2.23606797749979,True,True,True,True,19009,57,"[-2.456789030357648,-1.980436282982287,1.3186935982972752,-0.011802674382724643]","[-2.456789030357648,-1.980436282982287,1.3186935982972752,-0.011802674382724643]",1,2
27,eval-hard-002,no_occlusion,hard,secondary_ablation,False,True,2,False,0,0,,,,,,False,False,153,0,,,0,0
28,eval-hard-002,fixed,hard,secondary_baseline,False,False,1,False,1,0,41,41,2.23606797749979,True,True,False,True,19009,0,"[-2.4286216213453873,-2.015455635476545,1.2929568331381334,-0.011700944199656949]","[-2.4286216213453873,-2.015455635476545,1.2929568331381334,-0.011700944199656949]",1,1
29,eval-easy-015,generic,easy,primary,True,False,1,False,2,1,57,57,1.0,True,True,True,True,19009,33,"[-2.417345811244237,-0.07014071344033738,1.2827755871725999,-0.011607982092494584]","[-2.417345811244237,-0.07014071344033738,1.2827755871725999,-0.011607982092494584]",1,2
29,eval-easy-015,generic,easy,primary,True,False,2,False,2,2,9,0,1.0,False,False,True,True,65,9,"[-3.504470042755363,1.003358824505495,1.1482034362420224,-0.010502783717109221]",,2,2
30,eval-easy-015,ours,easy,primary,True,False,1,False,2,2,57,57,1.0,True,False,True,True,19009,49,"[-2.38188603562786,0.06053142607074964,1.235738821269559,-0.0022130729143778893]","[-2.38188603562786,0.06053142607074964,1.235738821269559,-0.0022130729143778893]",1,2
30,eval-easy-015,ours,easy,primary,True,False,2,False,2,2,0,0,0.0,False,False,True,True,153,0,"[-2.434411131554053,-0.9097015970984126,1.141960156854949,-0.0017180949805575274]",,2,2
31,eval-hard-027,generic,hard,primary,False,True,1,False,2,0,81,81,2.0,True,True,True,True,19009,1,"[-1.4853611293962197,-1.9706787419519773,1.291520656362131,-0.01207333606159855]","[-1.4853611293962197,-1.9706787419519773,1.291520656362131,-0.01207333606159855]",0,0
31,eval-hard-027,generic,hard,primary,False,True,2,False,0,0,,,,,,False,False,89,1,,,0,0
32,eval-hard-027,ours,hard,primary,True,False,1,False,2,0,81,81,2.0,True,True,True,True,19009,41,"[-1.3754628618919242,-1.9297544853159274,1.2426146445526547,-0.002845144174810965]","[-1.3754628618919242,-1.9297544853159274,1.2426146445526547,-0.002845144174810965]",0,0
32,eval-hard-027,ours,hard,primary,True,False,2,False,2,2,65,0,1.0,True,False,True,True,121,34,"[-1.3149975860492504,-1.9555100926140683,1.1612740305712719,-0.005835596723956726]",,0,2
33,eval-easy-004,generic,easy,primary,True,False,1,False,2,2,0,50,1.6105631032224572,True,False,True,True,19009,17,"[-1.4187015246891477,-0.03262198340755538,1.3171225655357455,-0.01213611613569654]","[-2.4187015246891477,-1.0326219834075554,1.3171225655357455,0.7732620472617517]",2,2
33,eval-easy-004,generic,easy,primary,True,False,2,True,2,,0,0,0.0,,,True,True,113,,"[-3.4626577387346784,0.010644990876241635,1.238733377583333,-0.012137166734464966]",,2,2
34,eval-easy-004,ours,easy,primary,False,False,1,False,2,2,0,49,1.414213562373095,True,False,True,True,19009,57,"[-1.4372717345489117,-0.043047347799348566,1.3062190213694003,-0.011418633023602798]","[-2.4372717345489114,-1.0430473477993485,1.3062190213694003,-0.011418633023602798]",2,2
34,eval-easy-004,ours,easy,primary,False,False,2,True,2,,0,0,0.0,,,True,True,153,,"[-2.497333928359999,0.005470619511059226,1.2216979177734608,-0.010589670893768943]",,2,2
35,eval-easy-038,ours,easy,primary,True,False,1,False,2,2,0,81,2.0,True,False,True,True,19009,82,"[-1.4157759870649498,-0.06202434452733033,1.2546176659712096,-0.009551678840805877]","[-1.4157759870649498,-2.0620243445273303,1.2546176659712096,-0.009551678840805877]",2,2
35,eval-easy-038,ours,easy,primary,True,False,2,True,2,,0,0,0.0,,,True,True,113,,"[-1.449665792829443,-2.1408535851307415,1.1835471936828492,0.7752257881641227]",,2,2
36,eval-easy-038,generic,easy,primary,True,False,1,False,2,2,0,81,1.9999999999999998,True,False,True,True,19009,1,"[-1.396618853724683,-0.073915503646406,1.2786031050618534,-0.011819624001331519]","[-1.396618853724683,-2.073915503646406,1.2786031050618534,-0.011819624001331519]",2,2
36,eval-easy-038,generic,easy,primary,True,False,2,False,2,2,0,0,0.0,True,False,True,True,65,1,"[-3.4809937011366587,-2.1224552290184633,1.1969441150182485,-0.011681370738091168]",,2,2
37,eval-hard-009,generic,hard,primary,False,True,1,False,2,2,82,82,2.196349540849362,True,False,True,True,19009,1,"[-1.423954447067514,-2.079413925587679,1.28827379066224,0.7733170388582975]","[-1.423954447067514,-2.079413925587679,1.28827379066224,0.7733170388582975]",2,2
37,eval-hard-009,generic,hard,primary,False,True,2,False,1,0,41,0,2.0,True,True,False,True,65,0,"[-1.5214631092956847,-2.1385016576127627,1.1610166916171256,-0.011269427253376652]",,0,1
38,eval-hard-009,ours,hard,primary,True,False,1,False,2,2,82,41,3.3926990816987246,False,False,True,True,19009,82,"[-1.4256769775614169,-2.040122034145978,1.2131364848836415,0.7707403548164184]","[-2.425676977561417,-2.040122034145978,1.2131364848836415,-0.01465780858102983]",1,2
38,eval-hard-009,ours,hard,primary,True,False,2,False,2,1,32,0,1.1963495408493618,True,True,True,True,113,0,"[-2.4877730491053693,-2.1358207907694533,1.127472085616283,-0.015065669237461776]",,1,1
39,eval-easy-036,generic,easy,primary,True,False,1,False,2,2,57,57,1.0,True,False,True,True,19009,17,"[-2.4417786923966496,-0.0068655307586825455,1.321136916637629,-0.011355836050889856]","[-2.4417786923966496,-0.0068655307586825455,1.321136916637629,-0.011355836050889856]",2,2
39,eval-easy-036,generic,easy,primary,True,False,2,False,2,2,0,0,0.0,True,False,True,True,113,17,"[-3.531149477670877,0.04363429202883347,1.2182150722425547,-0.011267340437675522]",,2,2
40,eval-easy-036,ours,easy,primary,True,False,1,False,2,2,0,57,1.0,True,False,True,True,19009,49,"[-1.4099947634711643,-0.07795416793616264,1.284424689794633,-0.012604657911750472]","[-2.4099947634711643,-0.07795416793616264,1.284424689794633,-0.012604657911750472]",2,2
40,eval-easy-036,ours,easy,primary,True,False,2,True,2,,0,0,0.0,,,True,True,121,,"[-2.465814553545026,-1.0439971391712626,1.2093112135011699,-0.011874302068661802]",,2,2
41,eval-moderate-025,generic,moderate,primary,True,False,1,False,2,2,57,57,1.0,True,False,True,True,19009,1,"[-2.4214190978748027,-0.07241854157810541,1.2805870732737157,-0.009582836361335278]","[-2.4214190978748027,-0.07241854157810541,1.2805870732737157,-0.009582836361335278]",2,2
41,eval-moderate-025,generic,moderate,primary,True,False,2,False,2,2,0,0,0.0,False,False,True,True,65,0,"[-3.3901441058101653,-2.098875341259316,1.1928832992136869,-0.012407422598196938]",,2,2
42,eval-moderate-025,ours,moderate,primary,True,False,1,False,2,2,57,57,1.0000000000000002,True,False,True,True,19009,42,"[-2.347263804428102,0.051164497443237755,1.1950841605051614,-0.0036097701560953155]","[-2.347263804428102,0.051164497443237755,1.1950841605051614,-0.0036097701560953155]",2,2
42,eval-moderate-025,ours,moderate,primary,True,False,2,False,2,2,25,0,1.0,True,False,True,True,89,8,"[-2.4266800360662204,-1.045833215966958,1.0968681193402925,0.7802099980443393]",,2,2
43,eval-hard-008,generic,hard,primary,False,True,1,False,2,0,81,81,2.0,True,True,True,True,19009,33,"[-1.3655693959979707,-1.9502078650418215,1.207615049511673,-0.0038986198312440656]","[-1.3655693959979707,-1.9502078650418215,1.207615049511673,-0.0038986198312440656]",0,0
43,eval-hard-008,generic,hard,primary,False,True,2,False,0,0,,,,,,False,False,65,0,,,0,0
44,eval-hard-008,ours,hard,primary,True,False,1,False,0,0,,,,,,False,False,19009,41,,,0,0
44,eval-hard-008,ours,hard,primary,True,False,2,False,2,2,41,0,1.0,True,False,True,True,89,42,"[-1.482396121653836,-2.1303038819976625,1.208488986943768,-0.012132651279774365]",,0,2
45,eval-easy-014,ours,easy,primary,True,False,1,False,2,2,57,57,1.0,True,False,True,True,19009,49,"[-2.429986740344453,-0.07820286438378386,1.291584651864911,-0.011725481050461006]","[-2.429986740344453,-0.07820286438378386,1.291584651864911,-0.011725481050461006]",1,2
45,eval-easy-014,ours,easy,primary,True,False,2,False,2,2,0,0,0.0,False,False,True,True,121,0,"[-2.4844665404661668,-1.0710036405040124,1.228253347346984,-0.010769377709662464]",,2,2
46,eval-easy-014,generic,easy,primary,False,True,1,False,2,1,57,57,1.0000000000000002,True,True,True,True,19009,33,"[-2.4350137603023523,-0.022956393937960028,1.3202297230805922,-0.011276422064310232]","[-2.4350137603023523,-0.022956393937960028,1.3202297230805922,-0.011276422064310232]",1,2
46,eval-easy-014,generic,easy,primary,False,True,2,False,0,0,,,,,,False,False,65,9,,,0,0
47,eval-hard-023,ours,hard,primary,False,True,1,False,0,0,,,,,,False,False,19009,41,,,0,0
47,eval-hard-023,ours,hard,primary,False,True,2,False,0,0,,,,,,False,False,89,42,,,0,0
48,eval-hard-023,generic,hard,primary,False,True,1,False,0,0,,,,,,False,False,19009,1,,,0,0
48,eval-hard-023,generic,hard,primary,False,True,2,False,0,0,,,,,,False,False,65,0,,,0,0
49,eval-hard-024,ours,hard,primary,True,False,1,False,1,1,81,81,2.0,True,False,False,True,19009,82,"[-1.4086004094817166,-2.0733896544792696,1.271932742754173,-0.011324904977643158]","[-1.4086004094817166,-2.0733896544792696,1.271932742754173,-0.011324904977643158]",0,1
49,eval-hard-024,ours,hard,primary,True,False,2,False,2,1,32,0,1.196349540849362,True,True,True,True,113,0,"[-2.453456027024601,-2.1641240665035997,1.2208702454774605,-0.012548213576920375]",,1,1
50,eval-hard-024,generic,hard,primary,False,True,1,False,1,0,81,81,2.0,True,True,False,True,19009,1,"[-1.4014799698696845,-2.075214108832884,1.2688339662595045,-0.010561939481065874]","[-1.4014799698696845,-2.075214108832884,1.2688339662595045,-0.010561939481065874]",0,1
50,eval-hard-024,generic,hard,primary,False,True,2,False,1,0,41,0,2.0,True,True,False,True,65,1,"[-1.496142267885912,-2.124652932687155,1.1582808346332185,-0.009418170088806743]",,0,1
51,eval-moderate-018,generic,moderate,primary,True,False,1,False,2,2,0,89,1.0,True,False,True,True,19009,1,"[-1.4238427592074645,-0.07230914778958895,1.2474256794786265,-0.011442026042141062]","[-1.4238427592074645,-1.072309147789589,1.2474256794786265,-0.011442026042141062]",2,2
51,eval-moderate-018,generic,moderate,primary,True,False,2,False,2,2,0,0,0.0,False,False,True,True,65,0,"[-3.5033505458072156,-2.1062966969637014,1.1334087756520428,-0.011499976008652713]",,2,2
52,eval-moderate-018,ours,moderate,primary,True,False,1,False,2,2,0,89,1.0,True,False,True,True,19009,49,"[-1.3995543571696634,-0.06587425403957554,1.2550108360833347,-0.011716937303797526]","[-1.3995543571696634,-1.0658742540395756,1.2550108360833347,-0.011716937303797526]",2,2
52,eval-moderate-018,ours,moderate,primary,True,False,2,True,2,,0,0,0.0,,,True,True,121,,"[-2.4476935489989273,-1.0475061705218243,1.188612811289616,-0.011485389500003329]",,2,2
53,eval-hard-012,ours,hard,primary,False,True,1,False,0,0,,,,,,False,False,19009,41,,,0,0
53,eval-hard-012,ours,hard,primary,False,True,2,False,0,0,,,,,,False,False,89,41,,,0,0
54,eval-hard-012,generic,hard,primary,False,True,1,False,0,0,,,,,,False,False,19009,33,,,0,0
54,eval-hard-012,generic,hard,primary,False,True,2,False,0,0,,,,,,False,False,89,56,,,0,0
55,eval-moderate-008,ours,moderate,primary,True,False,1,False,2,2,81,81,2.0,True,False,True,True,19009,41,"[-1.4642724446902984,-1.994669336737515,1.2984570485136846,-0.01133353456250319]","[-1.4642724446902984,-1.994669336737515,1.2984570485136846,-0.01133353456250319]",2,2
55,eval-moderate-008,ours,moderate,primary,True,False,2,False,2,2,0,0,0.0,False,False,True,True,89,0,"[-2.523055983226477,-2.066586883922135,1.1984404986089272,-0.011681753082835034]",,2,2
56,eval-moderate-008,generic,moderate,primary,True,False,1,False,2,2,0,81,2.0,True,False,True,True,19009,1,"[-1.4233905561254123,-0.06346097068393422,1.280732823379304,-0.012872632061452727]","[-1.4233905561254123,-2.063460970683934,1.280732823379304,-0.012872632061452727]",2,2
56,eval-moderate-008,generic,moderate,primary,True,False,2,False,2,2,0,0,0.0,False,False,True,True,65,0,"[-3.534737746837419,-2.1541215139774015,1.167400400333207,-0.012072398745586632]",,2,1
57,eval-hard-030,ours,hard,primary,True,False,1,False,2,2,81,81,2.0,True,False,True,True,19009,41,"[-1.4262230808560974,-2.0707171238381474,1.2876421381655765,-0.010428646831174504]","[-1.4262230808560974,-2.0707171238381474,1.2876421381655765,-0.010428646831174504]",0,2
57,eval-hard-030,ours,hard,primary,True,False,2,False,2,2,42,0,1.196349540849362,False,False,True,True,89,42,"[-1.4705559604556941,-2.099635388142877,1.2529884138134246,0.7758218822569156]",,0,2
58,eval-hard-030,generic,hard,primary,False,True,1,False,2,1,81,81,2.0,True,True,True,True,19009,1,"[-1.4281735173385761,-2.0247476233149855,1.2838091383750134,-0.008927995845741332]","[-1.4281735173385761,-2.0247476233149855,1.2838091383750134,-0.008927995845741332]",1,1
58,eval-hard-030,generic,hard,primary,False,True,2,False,0,0,,,,,,False,False,65,0,,,0,0
59,eval-easy-034,generic,easy,primary,True,False,1,False,2,2,57,57,1.0,True,False,True,True,19009,25,"[-2.4320572424977747,-0.08711962820857574,1.2628329290455094,-0.010440185820040249]","[-2.4320572424977747,-0.08711962820857574,1.2628329290455094,-0.010440185820040249]",2,2
59,eval-easy-034,generic,easy,primary,True,False,2,False,2,2,0,0,0.0,False,False,True,True,113,0,"[-3.523491426370917,0.9736919061780926,1.1433068930128016,-0.010087168510555689]",,2,2
60,eval-easy-034,ours,easy,primary,True,False,1,False,2,2,57,57,0.9999999999999998,False,False,True,True,19009,57,"[-2.3985382736391463,-0.07374795107242102,1.3118965965772953,-0.01064622863944642]","[-2.3985382736391463,-0.07374795107242102,1.3118965965772953,-0.01064622863944642]",1,2
60,eval-easy-034,ours,easy,primary,True,False,2,False,2,2,0,0,0.0,False,False,True,True,153,0,"[-2.4503466908600293,-0.03650517122737061,1.210227770326839,-0.010744009012333411]",,2,2
61,eval-moderate-011,ours,moderate,primary,True,False,1,False,2,2,57,57,1.0,True,False,True,True,19009,41,"[-2.3820622961170637,0.080243332902005,1.2115415352357644,-0.0037968700473531847]","[-2.3820622961170637,0.080243332902005,1.2115415352357644,-0.0037968700473531847]",2,2
61,eval-moderate-011,ours,moderate,primary,True,False,2,False,2,2,0,0,0.0,False,False,True,True,121,0,"[-2.3408936506164992,-1.942771400816589,1.1397216621022566,-0.006699280839204125]",,1,2
62,eval-moderate-011,generic,moderate,primary,True,False,1,False,2,2,57,57,1.0,True,False,True,True,19009,1,"[-2.4246237035375127,-0.07553967783627166,1.2986221626149141,-0.010920242781288447]","[-2.4246237035375127,-0.07553967783627166,1.2986221626149141,-0.010920242781288447]",2,2
62,eval-moderate-011,generic,moderate,primary,True,False,2,False,2,2,0,0,0.0,False,False,True,True,65,0,"[-3.513273427604985,-2.119907391072858,1.1651457109453998,-0.00965544584003597]",,2,2
63,eval-easy-026,generic,easy,primary,True,False,1,False,2,2,57,57,1.0,True,False,True,True,19009,25,"[-2.4170082910969035,-0.0851707428084029,1.2717104813917215,-0.010094887018324172]","[-2.4170082910969035,-0.0851707428084029,1.2717104813917215,-0.010094887018324172]",2,2
63,eval-easy-026,generic,easy,primary,True,False,2,False,2,2,0,0,0.0,False,False,True,True,113,0,"[-3.4990595772349278,0.9958625227211441,1.1611446448712783,-0.01003962271375336]",,2,2
64,eval-easy-026,ours,easy,primary,True,False,1,False,2,2,57,57,1.0,True,False,True,True,19009,41,"[-2.4125160212561365,-0.066889800625241,1.2702737967416575,-0.010967405044235434]","[-2.4125160212561365,-0.066889800625241,1.2702737967416575,-0.010967405044235434]",2,2
64,eval-easy-026,ours,easy,primary,True,False,2,False,2,2,0,0,0.0,False,False,True,True,89,0,"[-2.4447843430687684,-2.0745738232179183,1.253745225692721,-0.010108039325813944]",,2,2
65,eval-easy-019,generic,easy,primary,True,False,1,False,2,2,89,81,2.0,True,False,True,True,19009,9,"[-1.412937010620938,-1.0498959236645828,1.2826409008770971,-0.012524316466575147]","[-1.412937010620938,-2.049895923664583,1.2826409008770971,-0.012524316466575147]",2,2
65,eval-easy-019,generic,easy,primary,True,False,2,False,2,0,26,0,1.6105631032224572,True,True,True,True,89,0,"[-2.495553111350115,-2.046560406350173,1.186730333432187,0.7727032059135022]",,0,1
66,eval-easy-019,ours,easy,primary,True,False,1,False,2,2,0,81,2.0,True,False,True,True,19009,81,"[-1.4122045553627673,-0.04374102923066878,1.295913903495861,-0.011225303526654518]","[-1.4122045553627673,-2.043741029230669,1.295913903495861,-0.011225303526654518]",2,2
66,eval-easy-019,ours,easy,primary,True,False,2,True,2,,0,0,0.0,,,True,True,113,,"[-1.4250375725353333,-2.0743817608705504,1.302557979145132,-0.010365372622802571]",,2,2
67,eval-easy-013,ours,easy,primary,True,False,1,False,2,2,81,81,2.0,True,False,True,True,19009,41,"[-1.3466860194438306,-1.939209365962128,1.2370697182131243,-0.003211708477291797]","[-1.3466860194438306,-1.939209365962128,1.2370697182131243,-0.003211708477291797]",2,2
67,eval-easy-013,ours,easy,primary,True,False,2,False,2,2,0,0,0.0,True,False,True,True,121,58,"[-2.2964322465272122,-1.9736306854977674,1.1655560675312244,-0.006105756182424038]",,2,2
68,eval-easy-013,generic,easy,primary,True,False,1,False,2,2,0,81,2.0,True,False,True,True,19009,9,"[-1.4131716688294422,-0.05449052968131605,1.3007456562281832,-0.013316742123458791]","[-1.4131716688294422,-2.054490529681316,1.3007456562281832,-0.013316742123458791]",2,2
68,eval-easy-013,generic,easy,primary,True,False,2,False,2,0,1,0,1.0,True,True,True,True,89,0,"[-3.4739142656579434,-2.041026115974816,1.2263465937577378,-0.013431003243449702]",,0,2
69,eval-hard-004,generic,hard,primary,False,True,1,False,1,0,41,41,2.23606797749979,True,True,False,True,19009,33,"[-2.473682619547005,-1.9592010389738668,1.2931253296971017,-0.010239484346849625]","[-2.473682619547005,-1.9592010389738668,1.2931253296971017,-0.010239484346849625]",0,1
69,eval-hard-004,generic,hard,primary,False,True,2,False,0,0,,,,,,False,False,65,0,,,0,0
70,eval-hard-004,ours,hard,primary,True,False,1,False,1,1,41,41,2.23606797749979,False,False,False,True,19009,41,"[-2.4206026950401824,-2.041224875216254,1.2887743394645812,-0.011179779081434305]","[-2.4206026950401824,-2.041224875216254,1.2887743394645812,-0.011179779081434305]",0,1
70,eval-hard-004,ours,hard,primary,True,False,2,False,2,2,42,0,1.196349540849362,False,False,True,True,89,42,"[-1.4891179560773464,-2.0949637502576257,1.2091802420282602,0.7751784042009975]",,0,2
71,eval-hard-004,no_occlusion,hard,secondary_ablation,False,True,1,False,1,0,41,41,2.23606797749979,True,True,False,True,19009,57,"[-2.4420759949241497,-2.0252510339050094,1.310430886257849,-0.011436232105560773]","[-2.4420759949241497,-2.0252510339050094,1.310430886257849,-0.011436232105560773]",0,1
71,eval-hard-004,no_occlusion,hard,secondary_ablation,False,True,2,False,0,0,,,,,,False,False,153,0,,,0,0
72,eval-hard-004,no_cost,hard,secondary_ablation,True,False,1,False,1,1,41,41,2.23606797749979,False,False,False,True,19009,41,"[-2.4604168563915754,-2.0186377188321503,1.295971521926595,-0.01132998060757151]","[-2.4604168563915754,-2.0186377188321503,1.295971521926595,-0.01132998060757151]",0,1
72,eval-hard-004,no_cost,hard,secondary_ablation,True,False,2,False,1,1,0,0,0.0,True,False,False,True,89,42,"[-2.4076824846298006,-2.101333437777785,1.2084460707225264,-0.012798558245249225]",,0,1
73,eval-easy-016,ours,easy,primary,True,False,1,False,2,2,0,81,2.0,True,False,True,True,19009,82,"[-1.4154403351997331,-0.07712525847490165,1.3002421815896885,-0.012072053630267199]","[-1.4154403351997331,-2.0771252584749016,1.3002421815896885,-0.012072053630267199]",2,2
73,eval-easy-016,ours,easy,primary,True,False,2,True,2,,0,0,0.0,,,True,True,113,,"[-1.4746453758798772,-2.152933329197654,1.2313920624283223,0.7726270172726535]",,2,2
74,eval-easy-016,generic,easy,primary,False,True,1,False,2,2,0,81,2.0,True,False,True,True,19009,17,"[-1.4212478352405067,-0.07035190187884705,1.2465120782575374,-0.011957806044838648]","[-1.4212478352405067,-2.070351901878847,1.2465120782575374,-0.011957806044838648]",2,2
74,eval-easy-016,generic,easy,primary,False,True,2,False,2,0,33,0,2.23606797749979,True,True,True,True,113,0,"[-2.459066709706083,-2.0021197279301393,1.1739721613118397,-0.011212927485897861]",,0,2
75,eval-moderate-002,generic,moderate,primary,False,False,1,False,1,1,1,1,2.8284271247461903,True,False,False,True,19009,2,"[-3.4222980985533016,-2.0419867275254986,1.304224448124966,-0.011230813151295038]","[-3.4222980985533016,-2.0419867275254986,1.304224448124966,-0.011230813151295038]",1,1
75,eval-moderate-002,generic,moderate,primary,False,False,2,False,2,1,24,0,1.1963495408493623,True,True,True,True,65,0,"[-2.488410151942367,-2.0689174219337305,1.2309503477829413,-0.011640701503045747]",,1,2
76,eval-moderate-002,ours,moderate,primary,True,False,1,False,2,2,57,57,1.0,False,False,True,True,19009,57,"[-2.431659264239843,-0.023783906843814154,1.3163930628571583,-0.010663103214726188]","[-2.431659264239843,-0.023783906843814154,1.3163930628571583,-0.010663103214726188]",2,2
76,eval-moderate-002,ours,moderate,primary,True,False,2,False,2,2,0,0,0.0,False,False,True,True,153,0,"[-2.47661655663273,0.0332679243685228,1.2395092031505404,-0.01065053811003569]",,0,2
78,eval-moderate-002,fixed,moderate,secondary_baseline,False,True,1,False,2,0,57,57,1.0,True,True,True,True,19009,0,"[-2.4085730448259275,-0.05678427506088829,1.2483805495438374,-0.011785837208569738]","[-2.4085730448259275,-0.05678427506088829,1.2483805495438374,-0.011785837208569738]",2,2
78,eval-moderate-002,fixed,moderate,secondary_baseline,False,True,2,False,2,0,57,0,1.0,True,True,True,True,193,0,"[-2.4527349956733695,0.10220120421030471,1.1831150766464231,-0.0018219215484345241]",,0,2
79,eval-easy-037,ours,easy,primary,True,False,1,False,2,2,0,81,2.0,True,False,True,True,19009,81,"[-1.3490547112236275,0.050597083478596754,1.141385028215191,-0.003917864366314028]","[-1.3490547112236275,-1.9494029165214033,1.141385028215191,-0.003917864366314028]",2,2
79,eval-easy-037,ours,easy,primary,True,False,2,True,2,,0,0,0.0,,,True,True,113,,"[-1.2333470060305616,-2.020104983663038,1.0741830568173678,-0.005996394895552815]",,2,2
80,eval-easy-037,generic,easy,primary,True,False,1,False,2,2,0,81,2.0,True,False,True,True,19009,9,"[-1.4185743438954983,-0.041395899078307784,1.304633273359025,-0.012468046514381825]","[-1.4185743438954983,-2.041395899078308,1.304633273359025,-0.012468046514381825]",2,2
80,eval-easy-037,generic,easy,primary,True,False,2,True,2,,0,0,0.0,,,True,True,89,,"[-3.4935696155074094,-1.0317397103534023,1.208659572323433,-0.01221449528909746]",,2,2
81,eval-moderate-015,ours,moderate,primary,False,False,1,False,2,2,49,49,1.4142135623730951,True,False,True,True,19009,41,"[-2.42208722069912,-1.0693347352215004,1.286126390857504,-0.011142871335067195]","[-2.42208722069912,-1.0693347352215004,1.286126390857504,-0.011142871335067195]",0,2
81,eval-moderate-015,ours,moderate,primary,False,False,2,False,2,2,0,0,0.0,False,False,True,True,89,0,"[-2.478039672873768,-2.067631799576007,1.2637697056925412,-0.01030886458741298]",,2,2
82,eval-moderate-015,generic,moderate,primary,False,True,1,False,2,1,0,57,1.0,True,True,True,True,19009,33,"[-1.4008286901111249,-0.06069111383067215,1.2622330605897683,-0.013402483353997408]","[-2.400828690111125,-0.06069111383067215,1.2622330605897683,-0.013402483353997408]",1,2
82,eval-moderate-015,generic,moderate,primary,False,True,2,False,0,0,,,,,,False,False,65,0,,,0,0
83,eval-easy-027,generic,easy,primary,False,True,1,False,2,2,89,81,2.0,True,False,True,True,19009,9,"[-1.4121126018413903,-1.0792211404928,1.2758267561851075,-0.010651050336590195]","[-1.4121126018413903,-2.0792211404928,1.2758267561851075,-0.010651050336590195]",2,2
83,eval-easy-027,generic,easy,primary,False,True,2,False,2,0,25,0,1.414213562373095,True,True,True,True,89,0,"[-2.463190859670775,-2.0370637924511534,1.2173259357739452,-0.010041154029967636]",,0,2
84,eval-easy-027,ours,easy,primary,True,False,1,False,2,2,0,89,1.0,True,False,True,True,19009,81,"[-1.423511982610297,-0.07289312568436158,1.2864541503680786,-0.012810805145344606]","[-1.423511982610297,-1.0728931256843617,1.2864541503680786,-0.012810805145344606]",2,2
84,eval-easy-027,ours,easy,primary,True,False,2,True,2,,0,0,0.0,,,True,True,113,,"[-1.4229950830209583,-2.047256961275707,1.3699956392904755,-0.012270921567232307]",,2,2
85,eval-easy-003,generic,easy,primary,True,False,1,False,2,2,0,81,2.0,True,False,True,True,19009,1,"[-1.4216875944181975,-0.07186789830010273,1.2980359528887775,-0.011164170723382938]","[-1.4216875944181975,-2.071867898300103,1.2980359528887775,-0.011164170723382938]",2,2
85,eval-easy-003,generic,easy,primary,True,False,2,False,2,2,0,0,0.0,True,False,True,True,65,1,"[-3.490313346592421,-2.0808110455656093,1.2317883446957814,-0.010264894904667532]",,2,2
86,eval-easy-003,ours,easy,primary,True,False,1,False,2,1,81,81,2.0,True,True,True,True,19009,41,"[-1.4155591763397624,-2.071778205080922,1.2835743857242325,-0.010532277300537629]","[-1.4155591763397624,-2.071778205080922,1.2835743857242325,-0.010532277300537629]",2,1
86,eval-easy-003,ours,easy,primary,True,False,2,False,2,2,0,0,0.0,False,False,True,True,89,0,"[-2.456889784494018,-2.0691973568766033,1.245468042699023,-0.009961321984098603]",,2,2
87,eval-moderate-010,generic,moderate,primary,True,False,1,False,2,2,0,89,0.9999999999999999,True,False,True,True,19009,1,"[-1.415725474273057,-0.07830815593293781,1.2685136832343085,-0.012168645656565946]","[-1.415725474273057,-1.0783081559329377,1.2685136832343085,-0.012168645656565946]",2,2
87,eval-moderate-010,generic,moderate,primary,True,False,2,False,2,2,0,0,0.0,False,False,True,True,65,0,"[-3.499293413059911,-2.1119835428236353,1.1972737966524538,-0.010774375913204626]",,2,2
88,eval-moderate-010,ours,moderate,primary,True,False,1,False,2,2,0,81,2.0,True,False,True,True,19009,41,"[-1.441090312234788,-0.041467090584271386,1.2976825859283627,-0.01160622256566457]","[-1.441090312234788,-2.0414670905842716,1.2976825859283627,-0.01160622256566457]",2,2
88,eval-moderate-010,ours,moderate,primary,True,False,2,True,2,,0,0,0.0,,,True,True,89,,"[-2.4862716568508807,-2.049850754675822,1.2390616028868873,-0.01120898758085076]",,2,2
89,eval-easy-029,generic,easy,primary,True,False,1,False,2,2,0,97,0.9999999999999999,True,False,True,True,19009,17,"[-1.335080289215643,0.04186709041389945,1.1138792723997015,-0.0037569647870618894]","[-1.335080289215643,1.0418670904138994,1.1138792723997015,-0.0037569647870618894]",2,2
89,eval-easy-029,generic,easy,primary,True,False,2,True,2,,0,0,0.0,,,True,True,113,,"[-3.3028631819746948,0.047160348322632634,1.0408022508665333,-0.004753026644271685]",,2,2
90,eval-easy-029,ours,easy,primary,True,False,1,False,2,2,57,57,1.0,True,False,True,True,19009,41,"[-2.4265545270152824,-0.07300512768573293,1.2662490090734244,-0.01186535612326578]","[-2.4265545270152824,-0.07300512768573293,1.2662490090734244,-0.01186535612326578]",2,2
90,eval-easy-029,ours,easy,primary,True,False,2,True,2,,0,0,0.0,,,True,True,89,,"[-2.436097435200663,-2.0146702443107847,1.2489266639715546,-0.01117263762332188]",,2,2
91,eval-hard-010,generic,hard,primary,False,True,1,False,2,0,82,82,2.1963495408493623,True,True,True,True,19009,1,"[-1.3956386628247077,-2.0841076610849862,1.2601132556183863,0.7745411918781353]","[-1.3956386628247077,-2.0841076610849862,1.2601132556183863,0.7745411918781353]",0,1
91,eval-hard-010,generic,hard,primary,False,True,2,False,2,0,17,0,1.0,True,True,True,True,65,0,"[-2.4166108534604462,-2.0233219094039074,1.2113650378738363,-0.010394328002340192]",,0,1
92,eval-hard-010,ours,hard,primary,True,False,1,False,2,2,81,81,2.0,True,False,True,True,19009,41,"[-1.3748170429899833,-1.9456974936191016,1.213422198197932,-0.003162305987636671]","[-1.3748170429899833,-1.9456974936191016,1.213422198197932,-0.003162305987636671]",2,2
92,eval-hard-010,ours,hard,primary,True,False,2,False,1,1,0,0,0.0,True,False,False,True,89,42,"[-2.2914660795827455,-2.028213185718894,1.151454496511678,-0.004753463448983197]",,1,1
93,eval-easy-023,generic,easy,primary,True,False,1,False,2,2,57,57,1.0000000000000002,True,False,True,True,19009,25,"[-2.4173014214463873,-0.06483465926312,1.244487337435812,-0.010472775265730316]","[-2.4173014214463873,-0.06483465926312,1.244487337435812,-0.010472775265730316]",2,2
93,eval-easy-023,generic,easy,primary,True,False,2,False,2,2,0,0,0.0,False,False,True,True,113,0,"[-3.4689449223480455,0.989432220605069,1.1382729192765197,-0.010700239160498004]",,2,2
94,eval-easy-023,ours,easy,primary,True,False,1,False,2,2,57,57,1.0,False,False,True,True,19009,57,"[-2.4343713826166233,-0.07959347155793599,1.277890934862382,-0.010552786336296194]","[-2.4343713826166233,-0.07959347155793599,1.277890934862382,-0.010552786336296194]",2,2
94,eval-easy-023,ours,easy,primary,True,False,2,False,2,2,0,0,0.0,False,False,True,True,153,0,"[-2.4978135320817954,-0.028166282766551178,1.1820057724943314,-0.009980876273635975]",,2,2
95,eval-easy-002,generic,easy,primary,False,True,1,False,2,2,0,81,2.0,True,False,True,True,19009,17,"[-1.4171957277012661,-0.07337114113365081,1.2671717063048347,-0.011114804709080772]","[-1.4171957277012661,-2.073371141133651,1.2671717063048347,-0.011114804709080772]",2,2
95,eval-easy-002,generic,easy,primary,False,True,2,False,2,0,73,0,2.8284271247461903,True,True,True,True,113,0,"[-1.443624465124456,-2.012656676831092,1.1800269928516751,-0.011019790079581426]",,0,2
96,eval-easy-002,ours,easy,primary,True,False,1,False,2,2,0,81,2.0,True,False,True,True,19009,81,"[-1.4634462832421313,0.023481629993160315,1.2820114193428473,-0.011074920117109865]","[-1.4634462832421313,-1.9765183700068396,1.2820114193428473,-0.011074920117109865]",2,2
96,eval-easy-002,ours,easy,primary,True,False,2,True,2,,0,0,0.0,,,True,True,113,,"[-1.487338111253277,-2.0634354610365544,1.181510311690167,-0.01040298062002254]",,2,2
97,eval-easy-002,fixed,easy,secondary_baseline,True,False,1,False,2,1,81,114,3.1963495408493623,True,True,True,True,19009,0,"[-1.4703418028701902,-1.9502899109454106,1.3103309078136254,-0.011366014283147319]","[-0.47034180287019023,-1.9502899109454106,1.3103309078136254,0.774032149114301]",1,2
97,eval-easy-002,fixed,easy,secondary_baseline,True,False,2,True,2,,0,0,0.0,,,True,True,193,,"[-1.4724732444388489,0.06113108670388911,1.1715631573178005,-0.0013524273196448]",,2,2
99,eval-moderate-028,ours,moderate,primary,True,False,1,False,2,2,57,57,0.9999999999999998,True,False,True,True,19009,41,"[-2.416673747040469,-0.049230138404580986,1.3016524773636888,-0.01285790676202403]","[-2.416673747040469,-0.049230138404580986,1.3016524773636888,-0.01285790676202403]",2,2
99,eval-moderate-028,ours,moderate,primary,True,False,2,False,2,1,1,0,1.0,True,True,True,True,89,0,"[-3.4649529258329315,-2.062722813666132,1.2506157498598758,-0.012365511042604638]",,2,1
100,eval-moderate-028,generic,moderate,primary,True,False,1,False,2,2,57,57,1.0,True,False,True,True,19009,1,"[-2.4067923574041705,-0.08527099792924495,1.2806138586711096,-0.011819978044028012]","[-2.4067923574041705,-0.08527099792924495,1.2806138586711096,-0.011819978044028012]",2,2
100,eval-moderate-028,generic,moderate,primary,True,False,2,False,2,2,0,0,0.0,False,False,True,True,65,0,"[-3.4823400418270722,-2.100432593801996,1.1888606415635776,-0.011007393190961778]",,2,2
101,eval-hard-028,generic,hard,primary,False,True,1,False,2,0,81,81,2.0,True,True,True,True,19009,33,"[-1.4132596021705124,-2.0594330225972364,1.278915335634115,-0.012192197515943803]","[-1.4132596021705124,-2.0594330225972364,1.278915335634115,-0.012192197515943803]",0,1
101,eval-hard-028,generic,hard,primary,False,True,2,False,0,0,,,,,,False,False,65,9,,,0,0
102,eval-hard-028,ours,hard,primary,True,False,1,False,2,1,81,81,2.0,True,True,True,True,19009,41,"[-1.4068019025254928,-2.064630624570721,1.3002599942811275,-0.012626239425456376]","[-1.4068019025254928,-2.064630624570721,1.3002599942811275,-0.012626239425456376]",0,1
102,eval-hard-028,ours,hard,primary,True,False,2,False,2,1,41,0,1.0,True,True,True,True,89,42,"[-1.4567736068114727,-2.0923471804273404,1.2291484995446158,-0.012472805488411787]",,0,1
103,eval-moderate-013,ours,moderate,primary,True,False,1,False,2,2,0,81,1.9999999999999998,True,False,True,True,19009,82,"[-1.4057738584086286,-0.05508141925159442,1.231154051140485,-0.01372927108828259]","[-1.4057738584086286,-2.0550814192515943,1.231154051140485,-0.01372927108828259]",2,2
103,eval-moderate-013,ours,moderate,primary,True,False,2,True,2,,0,0,0.0,,,True,True,113,,"[-1.436704870535232,-2.1838934370427827,1.1523972398725224,0.770281816547512]",,2,2
104,eval-moderate-013,generic,moderate,primary,True,False,1,False,2,2,57,1,3.23606797749979,True,False,True,True,19009,1,"[-2.4432756695892666,-0.03514090461343253,1.3066814387956112,-0.012090272982436367]","[-3.4432756695892666,-2.0351409046134323,1.3066814387956112,-0.012090272982436367]",2,1
104,eval-moderate-013,generic,moderate,primary,True,False,2,False,2,2,0,0,0.0,False,False,True,True,65,0,"[-3.525568926271405,-2.064713219521885,1.2130359970514462,-0.012182416638526483]",,2,2
105,eval-hard-017,ours,hard,primary,True,False,1,False,1,0,81,81,1.9999999999999998,True,True,False,True,19009,41,"[-1.410539290326538,-2.0553086410225267,1.2402664957248275,-0.010203935341701165]","[-1.410539290326538,-2.0553086410225267,1.2402664957248275,-0.010203935341701165]",0,0
105,eval-hard-017,ours,hard,primary,True,False,2,False,0,0,,,,,,False,False,89,41,,,0,0
106,eval-hard-017,generic,hard,primary,False,True,1,False,0,0,,,,,,False,False,19009,1,,,0,0
106,eval-hard-017,generic,hard,primary,False,True,2,False,0,0,,,,,,False,False,65,0,,,0,0
107,eval-easy-031,generic,easy,primary,True,False,1,False,2,2,57,57,1.0,True,False,True,True,19009,25,"[-2.4361260935693707,-0.048426816164444615,1.30893864786383,-0.011844828206402536]","[-2.4361260935693707,-0.048426816164444615,1.30893864786383,-0.011844828206402536]",2,2
107,eval-easy-031,generic,easy,primary,True,False,2,False,2,2,0,0,0.0,False,False,True,True,89,0,"[-3.495140950974893,1.0278605346979213,1.1922729062024993,-0.012149250643032516]",,2,2
108,eval-easy-031,ours,easy,primary,True,False,1,False,2,2,57,57,1.0000000000000002,True,False,True,True,19009,49,"[-2.42324511583248,-0.0707337431014928,1.2950024522322943,-0.012512001038258447]","[-2.42324511583248,-0.0707337431014928,1.2950024522322943,-0.012512001038258447]",2,2
108,eval-easy-031,ours,easy,primary,True,False,2,False,2,2,0,0,0.0,False,False,True,True,121,0,"[-2.4608037722459315,-1.0462931548783685,1.2446471013004894,-0.011803960880952147]",,2,2
109,eval-moderate-001,ours,moderate,primary,True,False,1,False,2,2,57,57,0.9999999999999998,True,False,True,True,19009,41,"[-2.431546667726499,-0.057474260901030166,1.2929057324106736,-0.012670202314811085]","[-2.431546667726499,-0.057474260901030166,1.2929057324106736,-0.012670202314811085]",2,2
109,eval-moderate-001,ours,moderate,primary,True,False,2,False,2,2,0,0,0.0,False,False,True,True,89,0,"[-2.4712191860959756,-2.057673067938798,1.2510347699332252,-0.012148645339724595]",,2,2
110,eval-moderate-001,generic,moderate,primary,True,False,1,False,2,2,57,57,1.0,True,False,True,True,19009,1,"[-2.463524141917989,0.0022080489304664008,1.2976666565628567,-0.010648677638806614]","[-2.463524141917989,0.0022080489304664008,1.2976666565628567,-0.010648677638806614]",2,2
110,eval-moderate-001,generic,moderate,primary,True,False,2,False,2,2,0,0,0.0,False,False,True,True,65,0,"[-3.5629161585863898,-2.0458417035597667,1.174187094389581,-0.00940992085866732]",,2,2
112,eval-moderate-001,fixed,moderate,secondary_baseline,False,False,1,False,2,0,57,57,1.0000000000000002,True,True,True,True,19009,0,"[-2.4323516029241334,-0.03899912699684519,1.3059610096104033,-0.011152221676888008]","[-2.4323516029241334,-0.03899912699684519,1.3059610096104033,-0.011152221676888008]",2,1
113,eval-moderate-009,generic,moderate,primary,True,False,1,False,2,2,0,81,2.0,True,False,True,True,19009,1,"[-1.4303764776469492,-0.07467196336297544,1.2715888004415261,-0.011724602277459084]","[-1.4303764776469492,-2.0746719633629755,1.2715888004415261,-0.011724602277459084]",2,2
113,eval-moderate-009,generic,moderate,primary,True,False,2,False,2,2,0,0,0.0,False,False,True,True,65,0,"[-3.535004501200447,-2.142419499731974,1.1564375521678434,-0.010701092944772839]",,2,2
114,eval-moderate-009,ours,moderate,primary,True,False,1,False,2,2,0,89,1.0,True,False,True,True,19009,49,"[-1.4154257421654308,-0.07663768411783421,1.2347148047118206,-0.011157564428206701]","[-1.4154257421654308,-1.0766376841178342,1.2347148047118206,-0.011157564428206701]",2,2
114,eval-moderate-009,ours,moderate,primary,True,False,2,True,2,,0,0,0.0,,,True,True,121,,"[-2.4487887705324836,-1.0555688382384323,1.2094596432463296,-0.01040993010029112]",,2,2
115,eval-hard-026,generic,hard,primary,True,False,1,False,1,0,41,41,2.23606797749979,True,True,False,True,19009,1,"[-2.4271251127128615,-2.078507021899266,1.29950654585886,-0.011671409564836921]","[-2.4271251127128615,-2.078507021899266,1.29950654585886,-0.011671409564836921]",0,1
115,eval-hard-026,generic,hard,primary,True,False,2,False,2,0,42,0,2.1963495408493623,True,True,True,True,65,0,"[-1.5069174098376292,-2.1008259188600005,1.2023579491392327,0.7735576696544668]",,0,1
116,eval-hard-026,ours,hard,primary,True,False,1,False,1,1,41,41,2.23606797749979,False,False,False,True,19009,41,"[-2.4028485577944223,-2.052953828605057,1.2454956974285492,-0.013950835527647865]","[-2.4028485577944223,-2.052953828605057,1.2454956974285492,-0.013950835527647865]",0,1
116,eval-hard-026,ours,hard,primary,True,False,2,False,2,2,0,0,0.0,False,False,True,True,89,0,"[-2.4422785534643476,-2.0564432213294954,1.2030043945102238,-0.013649066432498635]",,2,2
117,eval-easy-035,ours,easy,primary,True,False,1,False,2,2,0,57,1.0,True,False,True,True,19009,49,"[-1.4317930480154049,-0.019848844723184593,1.3154925481524518,-0.011403543514793224]","[-2.431793048015405,-0.019848844723184593,1.3154925481524518,-0.011403543514793224]",2,2
117,eval-easy-035,ours,easy,primary,True,False,2,True,2,,0,0,0.0,,,True,True,121,,"[-2.472113049168433,-1.0120967105148637,1.2553908962483746,-0.01103303728917826]",,2,2
118,eval-easy-035,generic,easy,primary,True,False,1,False,2,2,0,57,1.0,True,False,True,True,19009,25,"[-1.4262708765988936,-0.06635431277318796,1.3042267737149433,-0.011196676847708087]","[-2.4262708765988936,-0.06635431277318796,1.3042267737149433,-0.011196676847708087]",2,2
118,eval-easy-035,generic,easy,primary,True,False,2,False,2,2,0,0,0.0,True,False,True,True,89,9,"[-3.510489464696756,1.0191105172329973,1.1900985926955934,-0.011409574105191833]",,2,2
121,eval-hard-020,ours,hard,primary,False,True,1,False,0,0,,,,,,False,False,19009,41,,,0,0
121,eval-hard-020,ours,hard,primary,False,True,2,False,0,0,,,,,,False,False,121,58,,,0,0
122,eval-hard-020,generic,hard,primary,False,True,1,False,0,0,,,,,,False,False,19009,40,,,0,0
122,eval-hard-020,generic,hard,primary,False,True,2,False,0,0,,,,,,False,False,65,0,,,0,0
123,eval-easy-024,ours,easy,primary,True,False,1,False,2,2,0,81,2.0,True,False,True,True,19009,49,"[-1.4293514056874517,-0.0646932043337003,1.2712046631820408,-0.011580810697225719]","[-1.4293514056874517,-2.0646932043337003,1.2712046631820408,-0.011580810697225719]",2,2
123,eval-easy-024,ours,easy,primary,True,False,2,True,2,,0,0,0.0,,,True,True,121,,"[-2.4851845655050657,-1.040200719622173,1.2144656821132334,-0.01072030429210935]",,2,2
124,eval-easy-024,generic,easy,primary,False,True,1,False,2,1,49,81,2.82842712474619,True,True,True,True,19009,9,"[-2.483193322567859,-0.9631602306952868,1.2807850568074952,-0.010049955858342674]","[-1.483193322567859,-1.9631602306952867,1.2807850568074952,-0.010049955858342674]",1,2
124,eval-easy-024,generic,easy,primary,False,True,2,False,2,0,9,0,1.0,True,True,True,True,113,0,"[-3.5972241644668728,-1.991566423033705,1.1680908933313299,-0.00876726826512142]",,0,2
125,eval-moderate-020,generic,moderate,primary,True,False,1,False,2,2,0,57,1.0000000000000002,True,False,True,True,19009,1,"[-1.4160887175970147,-0.0678699929274844,1.2955932061667907,-0.012855173115712493]","[-2.416088717597015,-0.0678699929274844,1.2955932061667907,-0.012855173115712493]",2,2
125,eval-moderate-020,generic,moderate,primary,True,False,2,True,2,,0,0,0.0,,,True,True,65,,"[-3.484286105551445,-2.0733721711004196,1.2103029481461534,-0.013020863848780095]",,2,2
126,eval-moderate-020,ours,moderate,primary,True,False,1,False,2,2,0,57,1.0,True,False,True,True,19009,49,"[-1.4169561992376698,-0.08255656603355305,1.2831603525850097,-0.01217511057377818]","[-2.41695619923767,-0.08255656603355305,1.2831603525850097,-0.01217511057377818]",2,2
126,eval-moderate-020,ours,moderate,primary,True,False,2,True,2,,0,0,0.0,,,True,True,121,,"[-2.451911643623664,-1.060453248720734,1.2109737575674395,-0.012529567169397904]",,2,2
127,eval-hard-014,ours,hard,primary,False,True,1,False,0,0,,,,,,False,False,19009,41,,,0,0
127,eval-hard-014,ours,hard,primary,False,True,2,False,0,0,,,,,,False,False,121,34,,,0,0
128,eval-hard-014,generic,hard,primary,False,False,1,False,2,1,82,82,2.1963495408493623,True,True,True,True,19009,1,"[-1.4267677587942473,-2.0774039205101316,1.2941261564107605,0.7743857023151897]","[-1.4267677587942473,-2.0774039205101316,1.2941261564107605,0.7743857023151897]",1,1
128,eval-hard-014,generic,hard,primary,False,False,2,False,2,0,41,0,2.0,True,True,True,True,65,0,"[-1.4903701720677573,-2.0644511804638137,1.2579451917260387,-0.010418036071051073]",,0,1
129,eval-easy-005,ours,easy,primary,True,False,1,False,2,2,0,89,1.0,True,False,True,True,19009,82,"[-1.3682158824945347,0.04704919838951854,1.2115106570243335,-0.0045017251269725556]","[-1.3682158824945347,-0.9529508016104815,1.2115106570243335,-0.0045017251269725556]",2,2
129,eval-easy-005,ours,easy,primary,True,False,2,True,2,,0,0,0.0,,,True,True,113,,"[-1.3836708232433654,-2.0987696327083247,1.1088917300329897,0.7812343577878105]",,2,2
130,eval-easy-005,generic,easy,primary,True,False,1,False,2,2,0,89,0.9999999999999999,True,False,True,True,19009,17,"[-1.465294059765297,-0.04146338322238729,1.3201705178617593,-0.010874678360718981]","[-1.465294059765297,-1.0414633832223872,1.3201705178617593,-0.010874678360718981]",2,2
130,eval-easy-005,generic,easy,primary,True,False,2,True,2,,0,0,0.0,,,True,True,113,,"[-3.536216269867106,0.005051672634536229,1.2250495528782885,-0.010657124748622682]",,2,2
131,eval-easy-018,ours,easy,primary,True,False,1,False,2,2,0,89,0.9999999999999999,True,False,True,True,19009,49,"[-1.42598017759956,-0.07869877213600471,1.1794382411228774,-0.012504121684333125]","[-1.42598017759956,-1.0786987721360046,1.1794382411228774,-0.012504121684333125]",2,2
131,eval-easy-018,ours,easy,primary,True,False,2,True,2,,0,0,0.0,,,True,True,121,,"[-2.451853143540312,-1.0309595033818995,1.131085002994449,-0.012084285620121982]",,2,2
132,eval-easy-018,generic,easy,primary,True,False,1,False,2,2,0,89,0.9999999999999999,True,False,True,True,19009,9,"[-1.4663140944386606,-0.11220050797641087,1.1673309272253989,-0.010083781678138504]","[-1.4663140944386606,-1.1122005079764108,1.1673309272253989,-0.010083781678138504]",2,2
132,eval-easy-018,generic,easy,primary,True,False,2,True,2,,0,0,0.0,,,True,True,89,,"[-3.484709455609826,-1.0555282036642584,1.089437175661129,-0.01018636256590666]",,2,2
133,eval-hard-003,ours,hard,primary,False,True,1,False,0,0,,,,,,False,False,19009,41,,,0,0
133,eval-hard-003,ours,hard,primary,False,True,2,False,0,0,,,,,,False,False,121,33,,,0,0
134,eval-hard-003,generic,hard,primary,False,False,1,False,0,0,,,,,,False,False,19009,40,,,0,0
134,eval-hard-003,generic,hard,primary,False,False,2,False,0,0,,,,,,False,False,89,17,,,0,0
135,eval-hard-003,no_occlusion,hard,secondary_ablation,False,True,1,False,0,0,,,,,,False,False,19009,57,,,0,0
135,eval-hard-003,no_occlusion,hard,secondary_ablation,False,True,2,False,0,0,,,,,,False,False,153,0,,,0,0
136,eval-hard-003,no_cost,hard,secondary_ablation,False,True,1,False,0,0,,,,,,False,False,19009,41,,,0,0
136,eval-hard-003,no_cost,hard,secondary_ablation,False,True,2,False,0,0,,,,,,False,False,89,0,,,0,0
137,eval-easy-030,ours,easy,primary,True,False,1,False,2,2,0,81,2.0,True,False,True,True,19009,82,"[-1.4136973851004386,-0.06704425763877793,1.2300801229906615,-0.01204422478843492]","[-1.4136973851004386,-2.067044257638778,1.2300801229906615,-0.01204422478843492]",2,2
137,eval-easy-030,ours,easy,primary,True,False,2,True,2,,0,0,0.0,,,True,True,113,,"[-1.4518722513231004,-2.0740867452905247,1.1941742147453918,0.7727035038152921]",,2,2
138,eval-easy-030,generic,easy,primary,True,False,1,False,2,2,0,81,2.0,True,False,True,True,19009,17,"[-1.4156174713855934,-0.08880064837050197,1.2135824995435074,-0.011123082729518341]","[-1.4156174713855934,-2.088800648370502,1.2135824995435074,-0.011123082729518341]",2,2
138,eval-easy-030,generic,easy,primary,True,False,2,False,2,0,2,0,2.1963495408493623,True,True,True,True,113,0,"[-3.458411471369543,-2.0314804659310584,1.144531514150899,0.77517561728104]",,0,2
139,eval-easy-001,generic,easy,primary,True,False,1,False,2,2,0,49,1.4142135623730951,True,False,True,True,19009,17,"[-1.4224721223892676,-0.07570263222017262,1.2767231482732866,-0.012183851738117202]","[-2.4224721223892676,-1.0757026322201726,1.2767231482732866,-0.012183851738117202]",2,2
139,eval-easy-001,generic,easy,primary,True,False,2,False,2,2,0,0,0.0,False,False,True,True,113,0,"[-3.459146906276462,-0.016548455229281805,1.1787332250361968,-0.011862492406896408]",,2,2
140,eval-easy-001,ours,easy,primary,True,False,1,False,2,2,49,49,1.414213562373095,True,False,True,True,19009,41,"[-2.415713269986398,-1.0612200794778537,1.2249403810516581,-0.010241192606235128]","[-2.415713269986398,-1.0612200794778537,1.2249403810516581,-0.010241192606235128]",2,2
140,eval-easy-001,ours,easy,primary,True,False,2,False,2,2,0,0,0.0,False,False,True,True,89,0,"[-2.417680396801533,-2.0396466970462837,1.198940432986461,-0.010196233573891433]",,2,2
141,eval-easy-001,fixed,easy,secondary_baseline,False,False,1,False,2,2,0,50,1.6105631032224572,False,False,True,True,19009,0,"[-1.4142914162535116,-0.06315018339173131,1.2645995807843478,-0.010097745678544712]","[-2.4142914162535116,-1.0631501833917314,1.2645995807843478,0.7753004177189036]",2,2
143,eval-moderate-006,generic,moderate,primary,True,False,1,False,2,2,0,57,1.0,True,False,True,True,19009,1,"[-1.4127218049655461,-0.06729225766687624,1.2664145694227413,-0.01333285791131722]","[-2.412721804965546,-0.06729225766687624,1.2664145694227413,-0.01333285791131722]",2,2
143,eval-moderate-006,generic,moderate,primary,True,False,2,False,2,2,0,0,0.0,False,False,True,True,65,0,"[-3.477394985344575,-2.075038893590863,1.1850999447051478,-0.012704364751185526]",,2,2
144,eval-moderate-006,ours,moderate,primary,True,False,1,False,2,2,0,57,1.0,True,False,True,True,19009,41,"[-1.4164421029749756,-0.06934153422739597,1.2669379898283877,-0.0096694897952605]","[-2.4164421029749756,-0.06934153422739597,1.2669379898283877,-0.0096694897952605]",2,2
144,eval-moderate-006,ours,moderate,primary,True,False,2,True,2,,0,0,0.0,,,True,True,89,,"[-2.4484531178416504,-2.0850625765423128,1.2279548003051086,-0.009486055000568872]",,2,2
145,eval-moderate-012,ours,moderate,primary,True,False,1,False,2,2,0,81,1.9999999999999998,True,False,True,True,19009,41,"[-1.4220029307436772,-0.04300233340198572,1.2283063623920574,-0.01288777640450256]","[-1.4220029307436772,-2.0430023334019856,1.2283063623920574,-0.01288777640450256]",2,2
145,eval-moderate-012,ours,moderate,primary,True,False,2,True,2,,0,0,0.0,,,True,True,89,,"[-2.453318837155445,-2.0722652168429048,1.16612467904025,-0.012452321204848182]",,2,2
146,eval-moderate-012,generic,moderate,primary,True,False,1,False,2,2,0,81,2.0,True,False,True,True,19009,1,"[-1.4222904483318497,-0.07172682006530262,1.253992917397893,-0.01142814350424981]","[-1.4222904483318497,-2.0717268200653027,1.253992917397893,-0.01142814350424981]",2,2
146,eval-moderate-012,generic,moderate,primary,True,False,2,False,2,2,0,0,0.0,False,False,True,True,65,0,"[-3.515567650018931,-2.129498272263154,1.1427668174176158,-0.011216784680365244]",,2,2
147,eval-moderate-019,ours,moderate,primary,True,False,1,False,2,2,0,81,2.0,True,False,True,True,19009,81,"[-1.4567821102062026,-0.09969174751303267,1.2080113246646196,-0.008944344928805137]","[-1.4567821102062026,-2.099691747513033,1.2080113246646196,-0.008944344928805137]",2,2
147,eval-moderate-019,ours,moderate,primary,True,False,2,True,2,,0,0,0.0,,,True,True,113,,"[-1.4689761107397097,-2.1113946107671375,1.2851988021631153,-0.009238381606696766]",,2,2
148,eval-moderate-019,generic,moderate,primary,True,False,1,False,2,2,0,81,2.0,True,False,True,True,19009,1,"[-1.456812840800014,-0.08777050131440131,1.1902800402181266,-0.009386590971926179]","[-1.456812840800014,-2.0877705013144015,1.1902800402181266,-0.009386590971926179]",2,2
148,eval-moderate-019,generic,moderate,primary,True,False,2,False,2,0,26,0,1.6105631032224572,True,True,True,True,65,0,"[-2.4840453048602127,-1.036587549986201,1.1610607622442048,0.7765505561229484]",,0,2
149,eval-hard-016,generic,hard,primary,False,True,1,False,0,0,,,,,,False,False,19009,40,,,0,0
149,eval-hard-016,generic,hard,primary,False,True,2,False,0,0,,,,,,False,False,65,0,,,0,0
150,eval-hard-016,ours,hard,primary,True,False,1,False,2,1,81,81,1.9999999999999998,True,True,True,True,19009,41,"[-1.4323288828639118,-2.100821450159751,1.1881972012922157,-0.008408311585019312]","[-1.4323288828639118,-2.100821450159751,1.1881972012922157,-0.008408311585019312]",2,1
150,eval-hard-016,ours,hard,primary,True,False,2,False,2,2,0,0,0.0,False,False,True,True,89,0,"[-2.4582426746928245,-2.0488323802767248,1.141283040395696,-0.00820510319761425]",,0,2
154,eval-hard-001,fixed,hard,secondary_baseline,False,True,1,False,0,0,,,,,,False,False,19009,0,,,0,0
154,eval-hard-001,fixed,hard,secondary_baseline,False,True,2,False,0,0,,,,,,False,False,193,0,,,0,0
157,eval-easy-028,generic,easy,primary,False,False,1,False,2,2,57,57,1.0,True,False,True,True,19009,25,"[-2.4349588500402475,0.06168312235784733,1.241915051849674,-0.004410686413255149]","[-2.4349588500402475,0.06168312235784733,1.241915051849674,-0.004410686413255149]",2,2
157,eval-easy-028,generic,easy,primary,False,False,2,False,2,1,9,0,1.0,True,True,True,True,89,0,"[-3.513939951292554,0.11702638331999382,1.1281682925773007,-0.003181771577303927]",,1,2
158,eval-easy-028,ours,easy,primary,False,False,1,False,2,2,57,57,0.9999999999999998,False,False,True,True,19009,57,"[-2.419122128733502,-0.07384566398931876,1.2558413053517863,-0.010565024806327816]","[-2.419122128733502,-0.07384566398931876,1.2558413053517863,-0.010565024806327816]",2,2
158,eval-easy-028,ours,easy,primary,False,False,2,False,2,2,0,0,0.0,False,False,True,True,153,0,"[-2.450496173456317,-0.0334045508925797,1.1645487283692595,-0.010463474179063237]",,2,2
159,eval-hard-019,ours,hard,primary,True,False,1,False,2,1,82,82,2.1963495408493623,True,True,True,True,19009,41,"[-1.414785986806089,-2.097153364301294,1.2554208499693942,0.7754478065479944]","[-1.414785986806089,-2.097153364301294,1.2554208499693942,0.7754478065479944]",0,1
159,eval-hard-019,ours,hard,primary,True,False,2,False,2,1,41,0,1.0,True,True,True,True,89,0,"[-1.4407606602879763,-2.0471565308824125,1.2045175829545407,-0.009743279752135514]",,0,1
160,eval-hard-019,generic,hard,primary,False,True,1,False,0,0,,,,,,False,False,19009,2,,,0,0
160,eval-hard-019,generic,hard,primary,False,True,2,False,0,0,,,,,,False,False,65,0,,,0,0
161,eval-easy-021,generic,easy,primary,True,False,1,False,2,2,0,89,1.0,True,False,True,True,19009,25,"[-1.4463008144872702,-0.08681403696020923,1.1805826689011183,-0.009129431078294115]","[-1.4463008144872702,-1.0868140369602093,1.1805826689011183,-0.009129431078294115]",2,2
161,eval-easy-021,generic,easy,primary,True,False,2,True,2,,0,0,0.0,,,True,True,113,,"[-3.484771344621069,0.9900175165851014,1.115202166761567,-0.008591509089424854]",,2,2
162,eval-easy-021,ours,easy,primary,True,False,1,False,2,2,0,57,0.9999999999999998,True,False,True,True,19009,41,"[-1.4303715649178266,-0.04887272054895378,1.221729268735896,-0.010858330973006591]","[-2.4303715649178264,-0.04887272054895378,1.221729268735896,-0.010858330973006591]",2,2
162,eval-easy-021,ours,easy,primary,True,False,2,True,2,,0,0,0.0,,,True,True,89,,"[-2.4504924896538407,-2.0066560375284976,1.1955004288109405,-0.010566408716337072]",,2,2
163,eval-moderate-027,generic,moderate,primary,False,False,1,False,2,2,0,57,1.0,True,False,True,True,19009,1,"[-1.425105742027338,-0.07741260560220639,1.2135286027665342,-0.009992515723353357]","[-2.425105742027338,-0.07741260560220639,1.2135286027665342,-0.009992515723353357]",2,2
163,eval-moderate-027,generic,moderate,primary,False,False,2,True,2,,0,0,0.0,,,True,True,65,,"[-3.462364153414581,-2.020520164687777,1.1734956518874642,-0.009950314350516187]",,2,2
164,eval-moderate-027,ours,moderate,primary,True,False,1,False,2,2,0,0,0.0,True,False,True,True,19009,64,"[-1.4530193562658535,-0.08504812073686703,1.203600523573829,-0.009630628327125024]","[-1.4530193562658535,-0.08504812073686703,1.203600523573829,-0.009630628327125024]",2,2
164,eval-moderate-027,ours,moderate,primary,True,False,2,True,2,,0,0,0.0,,,True,True,153,,"[-2.426328274436731,-0.04527994665631697,1.0866137984959412,-0.7951698708172712]",,2,2
165,eval-easy-010,ours,easy,primary,False,False,1,False,2,2,0,89,0.9999999999999999,True,False,True,True,19009,41,"[-1.4372924192655174,-0.09659408817815361,1.202966612771218,-0.009300478532905387]","[-1.4372924192655174,-1.0965940881781535,1.202966612771218,-0.009300478532905387]",2,2
165,eval-easy-010,ours,easy,primary,False,False,2,True,2,,0,0,0.0,,,True,True,89,,"[-2.4433532872983945,-2.0414602655678924,1.1672500361614915,-0.009191434652873642]",,2,2
166,eval-easy-010,generic,easy,primary,True,False,1,False,2,2,0,57,1.0,True,False,True,True,19009,17,"[-1.4111096004455246,0.08728172344363608,1.251306438878991,-0.004353654161504128]","[-2.4111096004455246,0.08728172344363608,1.251306438878991,-0.004353654161504128]",2,2
166,eval-easy-010,generic,easy,primary,True,False,2,False,2,2,0,0,0.0,False,False,True,True,113,0,"[-3.5013088763621756,0.13496739059820045,1.165472496811469,-0.004141003666096932]",,2,2
167,eval-moderate-005,ours,moderate,primary,True,False,1,False,2,2,0,81,2.0,True,False,True,True,19009,82,"[-1.43288844350014,-0.09207449105015729,1.2076652444680844,-0.010372195985740351]","[-1.43288844350014,-2.092074491050157,1.2076652444680844,-0.010372195985740351]",1,2
167,eval-moderate-005,ours,moderate,primary,True,False,2,True,2,,0,0,0.0,,,True,True,113,,"[-1.4655907059243298,-2.111494778157052,1.1755213753921985,0.7749200409448358]",,2,2
168,eval-moderate-005,generic,moderate,primary,True,False,1,False,2,1,0,81,2.0,True,True,True,True,19009,1,"[-1.4589785384242273,-0.11048538572406956,1.2037215240220343,-0.008745978473888805]","[-1.4589785384242273,-2.1104853857240697,1.2037215240220343,-0.008745978473888805]",1,2
168,eval-moderate-005,generic,moderate,primary,True,False,2,False,2,0,9,0,2.0,True,True,True,True,65,0,"[-3.4920555980938177,-0.052396102746711914,1.16858265250867,-0.008148161920490615]",,0,2
169,eval-moderate-017,generic,moderate,primary,False,False,1,False,2,2,0,57,1.0,True,False,True,True,19009,1,"[-1.4338681559406887,-0.0860612985273408,1.2149484519989748,-0.011196934534186909]","[-2.4338681559406887,-0.0860612985273408,1.2149484519989748,-0.011196934534186909]",2,2
169,eval-moderate-017,generic,moderate,primary,False,False,2,False,2,2,0,0,0.0,False,False,True,True,65,0,"[-3.488164390494548,-2.0597353046378863,1.1659865882739733,-0.0108968108898293]",,2,2
170,eval-moderate-017,ours,moderate,primary,False,False,1,False,2,2,17,17,2.0,True,False,True,True,19009,1,"[-3.499753990758711,0.09238440019732472,1.1451370738331708,-0.0011995289884105809]","[-3.499753990758711,0.09238440019732472,1.1451370738331708,-0.0011995289884105809]",0,2
170,eval-moderate-017,ours,moderate,primary,False,False,2,False,2,2,0,0,0.0,True,False,True,True,89,2,"[-3.499289103180938,-1.855737114530458,1.2777149376198027,-0.006009048687553253]",,2,2
171,eval-hard-021,generic,hard,primary,False,True,1,False,2,0,81,81,2.0,True,True,True,True,19009,1,"[-1.453339846980698,-2.057292441197759,1.1895839790556058,-0.010025563577189978]","[-1.453339846980698,-2.057292441197759,1.1895839790556058,-0.010025563577189978]",0,2
171,eval-hard-021,generic,hard,primary,False,True,2,False,0,0,,,,,,False,False,65,0,,,0,0
172,eval-hard-021,ours,hard,primary,True,False,1,False,2,2,81,81,2.0,True,False,True,True,19009,82,"[-1.424267929485074,-2.060478080015829,1.184869060310861,-0.009907872973212939]","[-1.424267929485074,-2.060478080015829,1.184869060310861,-0.009907872973212939]",0,2
172,eval-hard-021,ours,hard,primary,True,False,2,False,2,1,32,0,1.1963495408493623,True,True,True,True,113,0,"[-2.47944311721874,-2.137717107146524,1.135372794384402,-0.01056844032142834]",,0,1
173,eval-easy-008,generic,easy,primary,True,False,1,False,2,2,0,81,2.0,True,False,True,True,19009,9,"[-1.4019372703932018,-0.07000568914773678,1.2397124121413134,-0.011584570245271042]","[-1.4019372703932018,-2.0700056891477367,1.2397124121413134,-0.011584570245271042]",2,2
173,eval-easy-008,generic,easy,primary,True,False,2,False,2,0,57,0,2.23606797749979,True,True,True,True,89,0,"[-1.4597424381099975,-2.0534396030210753,1.1717090872256306,-0.01115721854059526]",,0,2
174,eval-easy-008,ours,easy,primary,True,False,1,False,2,2,0,81,2.0,True,False,True,True,19009,82,"[-1.414040263427285,-0.08203124269114431,1.2366760441780227,-0.010413287580940622]","[-1.414040263427285,-2.0820312426911443,1.2366760441780227,-0.010413287580940622]",2,2
174,eval-easy-008,ours,easy,primary,True,False,2,True,2,,0,0,0.0,,,True,True,113,,"[-1.4464849529969546,-2.0918050524569036,1.2193838119873655,0.7745037970664597]",,2,2
175,eval-moderate-007,ours,moderate,primary,True,False,1,False,2,2,0,81,1.9999999999999998,True,False,True,True,19009,49,"[-1.418972526826791,-0.08264676614315311,1.210233789336927,-0.010181020173445798]","[-1.418972526826791,-2.082646766143153,1.210233789336927,-0.010181020173445798]",2,2
175,eval-moderate-007,ours,moderate,primary,True,False,2,True,2,,0,0,0.0,,,True,True,121,,"[-2.4566602588286726,-1.032136592341684,1.131050068074466,-0.009535675249571884]",,2,2
176,eval-moderate-007,generic,moderate,primary,True,False,1,False,2,2,0,81,2.0,True,False,True,True,19009,1,"[-1.442687882975805,-0.053773288521159535,1.220703319971899,-0.01041781884857862]","[-1.442687882975805,-2.0537732885211595,1.220703319971899,-0.01041781884857862]",2,2
176,eval-moderate-007,generic,moderate,primary,True,False,2,True,2,,0,0,0.0,,,True,True,65,,"[-3.4735897799223583,-2.0126585937376023,1.1719960403426626,-0.010219002091658602]",,2,2
177,eval-easy-017,ours,easy,primary,True,False,1,False,2,2,0,57,1.0,True,False,True,True,19009,57,"[-1.4311757603229607,-0.05756924397488444,1.2505258928812903,-0.009939959788998198]","[-2.4311757603229607,-0.05756924397488444,1.2505258928812903,-0.009939959788998198]",2,2
177,eval-easy-017,ours,easy,primary,True,False,2,True,2,,0,0,0.0,,,True,True,153,,"[-2.4947103079644335,-0.00024345243802747357,1.1570214739299054,-0.009388349025104326]",,2,2
178,eval-easy-017,generic,easy,primary,True,False,1,False,2,2,57,57,1.0,True,False,True,True,19009,17,"[-2.4708378732581946,0.00557216438926764,1.2977990942781445,-0.011764694487721439]","[-2.4708378732581946,0.00557216438926764,1.2977990942781445,-0.011764694487721439]",2,2
178,eval-easy-017,generic,easy,primary,True,False,2,False,2,2,0,0,0.0,False,False,True,True,113,0,"[-3.556628531730981,0.05925510375029766,1.1828653039872903,-0.01161562361513413]",,2,2
179,eval-hard-025,ours,hard,primary,False,False,1,False,0,0,,,,,,False,False,19009,41,,,0,0
179,eval-hard-025,ours,hard,primary,False,False,2,False,2,1,41,0,1.0,True,True,True,True,89,0,"[-1.5197177176346628,-2.0241047072430263,1.2086490452538188,-0.010662568453066346]",,0,1
180,eval-hard-025,generic,hard,primary,False,True,1,False,1,0,41,41,2.23606797749979,True,True,False,True,19009,33,"[-2.408011686145038,-2.0696891556333616,1.266589620503106,-0.010661538838150353]","[-2.408011686145038,-2.0696891556333616,1.266589620503106,-0.010661538838150353]",0,1
180,eval-hard-025,generic,hard,primary,False,True,2,False,0,0,,,,,,False,False,89,88,,,0,0
181,eval-easy-025,ours,easy,primary,True,False,1,False,2,2,49,49,1.4142135623730951,True,False,True,True,19009,41,"[-2.426909449594734,-1.04346385580375,1.313559685543191,-0.012054691518610383]","[-2.426909449594734,-1.04346385580375,1.313559685543191,-0.012054691518610383]",2,2
181,eval-easy-025,ours,easy,primary,True,False,2,False,2,2,0,0,0.0,False,False,True,True,89,0,"[-2.4510036058321956,-2.0057483729312016,1.3026185167157582,-0.011216591944857246]",,2,2
182,eval-easy-025,generic,easy,primary,True,False,1,False,2,2,0,49,1.4142135623730951,True,False,True,True,19009,17,"[-1.41937102171023,-0.06308778210504357,1.2979946932659805,-0.013764802006253962]","[-2.41937102171023,-1.0630877821050435,1.2979946932659805,-0.013764802006253962]",2,2
182,eval-easy-025,generic,easy,primary,True,False,2,False,2,2,0,0,0.0,False,False,True,True,113,0,"[-3.4498352535764982,-0.025248042636198204,1.2037438200445467,-0.013578129454714816]",,2,2
183,eval-hard-005,generic,hard,primary,False,True,1,False,0,0,,,,,,False,False,19009,1,,,0,0
183,eval-hard-005,generic,hard,primary,False,True,2,False,0,0,,,,,,False,False,65,0,,,0,0
184,eval-hard-005,ours,hard,primary,False,False,1,False,0,0,,,,,,False,False,19009,41,,,0,0
184,eval-hard-005,ours,hard,primary,False,False,2,False,2,2,41,0,1.0,False,False,True,True,89,41,"[-1.4807195283528687,-2.091965463639778,1.217715428185324,-0.009937133787762509]",,0,2
185,eval-moderate-014,ours,moderate,primary,True,False,1,False,2,2,50,50,1.6105631032224572,True,False,True,True,19009,49,"[-2.416226471514866,-1.0481760739568713,1.2849603212153629,0.773073378990285]","[-2.416226471514866,-1.0481760739568713,1.2849603212153629,0.773073378990285]",2,2
185,eval-moderate-014,ours,moderate,primary,True,False,2,False,2,2,0,0,0.0,False,False,True,True,121,0,"[-2.477452978979564,-1.0468135816544408,1.1990691129775648,-0.011826410007566679]",,2,2
186,eval-moderate-014,generic,moderate,primary,True,False,1,False,2,1,49,49,1.4142135623730951,True,True,True,True,19009,1,"[-2.449185602269851,-1.0122891841278754,1.2976442371823051,-0.011401778381795236]","[-2.449185602269851,-1.0122891841278754,1.2976442371823051,-0.011401778381795236]",1,2
186,eval-moderate-014,generic,moderate,primary,True,False,2,False,2,2,0,0,0.0,False,False,True,True,65,0,"[-3.552736346334065,-2.061628814130957,1.181601536034477,-0.01085420143675142]",,2,2
187,eval-easy-007,ours,easy,primary,True,False,1,False,2,2,0,49,1.4142135623730951,True,False,True,True,19009,49,"[-1.4343269152845108,-0.07452392117374783,1.2812289393016527,-0.011203463547582615]","[-2.434326915284511,-1.0745239211737478,1.2812289393016527,-0.011203463547582615]",2,2
187,eval-easy-007,ours,easy,primary,True,False,2,True,2,,0,0,0.0,,,True,True,121,,"[-2.4900672731995446,-1.0536721090052616,1.23026579834579,-0.010562508803996451]",,2,2
188,eval-easy-007,generic,easy,primary,True,False,1,False,2,2,0,65,1.4142135623730951,True,False,True,True,19009,17,"[-1.4433288423649064,-0.05269398076012666,1.2900434806017518,-0.01233109384071529]","[-2.4433288423649064,0.9473060192398733,1.2900434806017518,-0.01233109384071529]",2,2
188,eval-easy-007,generic,easy,primary,True,False,2,False,2,2,0,0,0.0,False,False,True,True,113,0,"[-3.480270018821513,-0.008971194593067534,1.1715772090487704,-0.012826272131995609]",,2,2
189,eval-easy-022,generic,easy,primary,True,False,1,False,2,2,0,0,0.0,True,False,True,True,19009,25,"[-1.3786348887557436,0.04690726356575399,1.1646407223973478,-0.005341512102603474]","[-1.3786348887557436,0.04690726356575399,1.1646407223973478,-0.005341512102603474]",2,2
189,eval-easy-022,generic,easy,primary,True,False,2,True,2,,0,0,0.0,,,True,True,89,,"[-3.3181423767266907,1.0834159628540874,1.0826113983433625,-0.006848451228387287]",,2,2
190,eval-easy-022,ours,easy,primary,True,False,1,False,2,2,0,0,0.0,True,False,True,True,19009,41,"[-1.343135170233564,0.038814346106089755,1.160600422522431,-0.004805088447733308]","[-1.343135170233564,0.038814346106089755,1.160600422522431,-0.004805088447733308]",2,2
190,eval-easy-022,ours,easy,primary,True,False,2,True,2,,0,0,0.0,,,True,True,89,,"[-2.264926810373172,-2.0240996432007576,1.1130735784902053,-0.006085403129224787]",,2,2
191,eval-hard-013,ours,hard,primary,True,False,1,False,2,1,81,81,2.0,True,True,True,True,19009,82,"[-1.4207626298333056,-2.0791815559844227,1.279167805612626,-0.011694748429862845]","[-1.4207626298333056,-2.0791815559844227,1.279167805612626,-0.011694748429862845]",0,1
191,eval-hard-013,ours,hard,primary,True,False,2,False,1,1,0,0,0.0,False,False,False,True,113,0,"[-1.4473440984337946,-2.1139935509472103,1.2688108241455736,0.7735905312434967]",,0,1
192,eval-hard-013,generic,hard,primary,False,True,1,False,0,0,,,,,,False,False,19009,2,,,0,0
192,eval-hard-013,generic,hard,primary,False,True,2,False,0,0,,,,,,False,False,89,1,,,0,0
193,eval-moderate-021,generic,moderate,primary,False,False,1,False,2,2,49,49,1.4142135623730951,True,False,True,True,19009,1,"[-2.456575698278611,-1.0123577862546365,1.3105593787485046,-0.011388637689480063]","[-2.456575698278611,-1.0123577862546365,1.3105593787485046,-0.011388637689480063]",2,2
193,eval-moderate-021,generic,moderate,primary,False,False,2,False,2,2,0,0,0.0,False,False,True,True,65,0,"[-3.547074080595691,-2.033962587873365,1.2128931740576556,-0.010942185253302483]",,2,2
194,eval-moderate-021,ours,moderate,primary,True,False,1,False,2,2,50,50,1.6105631032224572,True,False,True,True,19009,57,"[-2.4579675394339597,-0.9969734540081563,1.3081126347197052,0.7730260454438302]","[-2.4579675394339597,-0.9969734540081563,1.3081126347197052,0.7730260454438302]",2,2
194,eval-moderate-021,ours,moderate,primary,True,False,2,False,2,2,0,0,0.0,False,False,True,True,153,0,"[-2.5074465435172106,0.055428149356228376,1.209962627147755,-0.012877588177913069]",,2,2
195,eval-easy-032,ours,easy,primary,True,False,1,False,2,2,0,57,0.9999999999999998,True,False,True,True,19009,41,"[-1.4229839637413628,-0.07634947164017895,1.2841047222120787,-0.011084847359519756]","[-2.4229839637413626,-0.07634947164017895,1.2841047222120787,-0.011084847359519756]",2,2
195,eval-easy-032,ours,easy,primary,True,False,2,True,2,,0,0,0.0,,,True,True,89,,"[-2.441021991992439,-2.041091379703508,1.254722351866662,-0.01052400952849819]",,2,2
196,eval-easy-032,generic,easy,primary,True,False,1,False,2,2,49,49,1.4142135623730951,True,False,True,True,19009,17,"[-2.4127521669572527,-1.094466388659065,1.2796937156727939,-0.010891570123638061]","[-2.4127521669572527,-1.094466388659065,1.2796937156727939,-0.010891570123638061]",2,2
196,eval-easy-032,generic,easy,primary,True,False,2,False,2,0,17,0,1.0,True,True,True,True,113,0,"[-3.466468685225336,0.9583620748964425,1.1757195819983317,-0.01014835999687369]",,0,2
197,eval-hard-029,generic,hard,primary,False,True,1,False,2,0,82,82,2.1963495408493623,True,True,True,True,19009,33,"[-1.433323328498665,-2.0814664989889375,1.2925682648906447,0.7751897605551537]","[-1.433323328498665,-2.0814664989889375,1.2925682648906447,0.7751897605551537]",0,2
197,eval-hard-029,generic,hard,primary,False,True,2,False,0,0,,,,,,False,False,89,88,,,0,0
198,eval-hard-029,ours,hard,primary,True,False,1,False,2,1,82,82,2.1963495408493623,True,True,True,True,19009,81,"[-1.4190742699381111,-2.062045889036406,1.242855678815447,0.7728161203298489]","[-1.4190742699381111,-2.062045889036406,1.242855678815447,0.7728161203298489]",0,1
198,eval-hard-029,ours,hard,primary,True,False,2,False,1,1,0,0,0.0,True,False,False,True,113,25,"[-1.4252967741983797,-2.0555860212823656,1.3238910155745973,-0.012278144755710318]",,0,1
199,eval-moderate-022,ours,moderate,primary,True,False,1,False,2,2,57,57,1.0,True,False,True,True,19009,49,"[-2.4171209395244326,-0.059967642078536956,1.2671904456108993,-0.012580113554492733]","[-2.4171209395244326,-0.059967642078536956,1.2671904456108993,-0.012580113554492733]",2,2
199,eval-moderate-022,ours,moderate,primary,True,False,2,False,2,2,0,0,0.0,False,False,True,True,121,0,"[-2.4451112337334573,-1.0269917958000365,1.2334114162868683,-0.012083121470010116]",,2,2
200,eval-moderate-022,generic,moderate,primary,False,False,1,False,2,2,57,57,1.0,True,False,True,True,19009,1,"[-2.4196859129837063,-0.08516854373918867,1.2862437675635678,-0.011001547988801708]","[-2.4196859129837063,-0.08516854373918867,1.2862437675635678,-0.011001547988801708]",2,2
200,eval-moderate-022,generic,moderate,primary,False,False,2,False,2,2,0,0,0.0,True,False,True,True,65,17,"[-3.503366955795302,-2.1243308714444162,1.2063245779807217,-0.010447724738309905]",,2,2
201,eval-moderate-003,generic,moderate,primary,True,False,1,False,2,2,0,89,1.0,True,False,True,True,19009,1,"[-1.4321251039905758,-0.06724890603164163,1.2298272353520607,-0.011375812265898677]","[-1.4321251039905758,-1.0672489060316417,1.2298272353520607,-0.011375812265898677]",2,2
201,eval-moderate-003,generic,moderate,primary,True,False,2,True,2,,0,0,0.0,,,True,True,65,,"[-3.510970307845528,-2.0735802841879063,1.1492443294714623,-0.010251823757644996]",,2,2
202,eval-moderate-003,ours,moderate,primary,True,False,1,False,2,2,0,89,0.9999999999999999,True,False,True,True,19009,49,"[-1.4336465397545974,-0.08056729089208345,1.1894914520896196,-0.011912975619383204]","[-1.4336465397545974,-1.0805672908920834,1.1894914520896196,-0.011912975619383204]",2,2
202,eval-moderate-003,ours,moderate,primary,True,False,2,True,2,,0,0,0.0,,,True,True,121,,"[-2.4593706528205157,-1.0300571281522994,1.1577731767015036,-0.011071852944134264]",,2,2
203,eval-easy-020,ours,easy,primary,True,False,1,False,2,2,57,57,1.0,True,False,True,True,19009,41,"[-2.428442705140698,-0.07083114889594987,1.3026850296179866,-0.012704261382229465]","[-2.428442705140698,-0.07083114889594987,1.3026850296179866,-0.012704261382229465]",2,2
203,eval-easy-020,ours,easy,primary,True,False,2,False,2,1,1,0,1.0,True,True,True,True,89,0,"[-3.4389721400372197,-2.0533542447327857,1.2870505727247759,-0.012007773499663532]",,2,1
204,eval-easy-020,generic,easy,primary,True,False,1,False,2,2,0,57,1.0,True,False,True,True,19009,17,"[-1.4314562537346434,-0.0703002738323952,1.2282488928635635,-0.013531433394015302]","[-2.4314562537346434,-0.0703002738323952,1.2282488928635635,-0.013531433394015302]",2,2
204,eval-easy-020,generic,easy,primary,True,False,2,True,2,,0,0,0.0,,,True,True,113,,"[-3.4750700795318816,-0.00969123378337483,1.1686718488326022,-0.012979765436576862]",,2,2
205,eval-hard-011,generic,hard,primary,True,False,1,False,2,2,41,41,2.23606797749979,True,False,True,True,19009,1,"[-2.4263076158042978,-2.078684353681432,1.27042479722035,-0.01052467687506864]","[-2.4263076158042978,-2.078684353681432,1.27042479722035,-0.01052467687506864]",2,2
205,eval-hard-011,generic,hard,primary,True,False,2,False,2,1,41,0,2.0,True,True,True,True,65,0,"[-1.4627492759452645,-2.0413679900563317,1.2330637291765825,-0.010176959718331435]",,1,1
206,eval-hard-011,ours,hard,primary,False,False,1,False,2,1,1,1,2.8284271247461903,True,True,True,True,19009,41,"[-3.4189437384371857,-2.078011089464507,1.254198818194093,-0.011996398763050475]","[-3.4189437384371857,-2.078011089464507,1.254198818194093,-0.011996398763050475]",2,1
206,eval-hard-011,ours,hard,primary,False,False,2,False,2,2,0,0,0.0,False,False,True,True,89,0,"[-2.428542778337073,-2.042321093440582,1.2091103255866607,-0.011615875817892363]",,1,2
208,eval-easy-012,ours,easy,primary,True,False,1,False,2,2,57,57,1.0,True,False,True,True,19009,49,"[-2.4200258198803657,-0.06872579928799893,1.2913550454602079,-0.0108389760890506]","[-2.4200258198803657,-0.06872579928799893,1.2913550454602079,-0.0108389760890506]",2,2
208,eval-easy-012,ours,easy,primary,True,False,2,False,2,2,0,0,0.0,False,False,True,True,121,0,"[-2.4803609293046627,-1.0547203365773408,1.2399027949771224,-0.010386587950232506]",,2,2
209,eval-easy-011,ours,easy,primary,True,False,1,False,2,2,82,82,2.1963495408493623,True,False,True,True,19009,50,"[-1.4313081762909436,-2.0624796411025064,1.2760835612110564,0.774138149756268]","[-1.4313081762909436,-2.0624796411025064,1.2760835612110564,0.774138149756268]",2,2
209,eval-easy-011,ours,easy,primary,True,False,2,False,2,2,0,0,0.0,False,False,True,True,121,0,"[-2.5064714062784015,-1.0603318477970567,1.2380258946264264,0.7740142503555005]",,2,2
210,eval-easy-011,generic,easy,primary,True,False,1,False,2,2,0,49,1.414213562373095,True,False,True,True,19009,17,"[-1.4170883872334055,-0.06726914205663903,1.2580693218790266,-0.011777930822304938]","[-2.4170883872334055,-1.067269142056639,1.2580693218790266,-0.011777930822304938]",2,2
210,eval-easy-011,generic,easy,primary,True,False,2,True,2,,0,0,0.0,,,True,True,113,,"[-3.48107416216982,-0.012075601382226346,1.1667158788020553,-0.012605361030351148]",,2,2
211,eval-hard-022,ours,hard,primary,True,False,1,False,2,1,81,81,2.0,True,True,True,True,19009,82,"[-1.4272582363752002,-2.0413682246166847,1.3100553557363612,-0.01178856962935848]","[-1.4272582363752002,-2.0413682246166847,1.3100553557363612,-0.01178856962935848]",0,1
211,eval-hard-022,ours,hard,primary,True,False,2,False,2,2,0,0,0.0,False,False,True,True,113,0,"[-1.458465884873243,-2.1714770891345174,1.2341787093655803,0.7728350553058405]",,0,2
212,eval-hard-022,generic,hard,primary,False,True,1,False,2,0,81,81,2.0,True,True,True,True,19009,1,"[-1.4176011050794097,-2.070297310542521,1.2883592393976822,-0.012079056595063253]","[-1.4176011050794097,-2.070297310542521,1.2883592393976822,-0.012079056595063253]",0,1
212,eval-hard-022,generic,hard,primary,False,True,2,False,0,0,,,,,,False,False,65,0,,,0,0
