slot,scene,method,tier,role,retrieval_success,confirmation_failure,round,snapshot,candidates,viable,confirmed,vote_budget_possible_candidates,minimum_zero_cells,minimum_missing_cells,minimum_missing_tickets,fixed_source,fixed_missing_tickets,fixed_missing_cells,fixed_viable,task_mass
1,eval-hard-015,generic,hard,primary,False,True,1,slot-001-eval-hard-015-generic/attempt/data/rounds/round-01,36,5,0,5,59,96,158,584,158,96,True,145.32653298563167
1,eval-hard-015,generic,hard,primary,False,True,2,slot-001-eval-hard-015-generic/attempt/data/rounds/round-02,36,5,0,0,3,79,82,584,82,79,True,99.71653032171675
1,eval-hard-015,generic,hard,primary,False,True,3,slot-001-eval-hard-015-generic/attempt/data/rounds/round-03,36,5,0,0,3,19,22,584,22,19,True,71.56529403867192
2,eval-hard-015,ours,hard,primary,True,False,1,slot-002-eval-hard-015-ours/attempt/data/rounds/round-01,37,5,0,5,50,88,138,584,138,88,True,137.60490090218326
2,eval-hard-015,ours,hard,primary,True,False,2,slot-002-eval-hard-015-ours/attempt/data/rounds/round-02,37,5,0,4,0,50,50,584,50,50,True,83.85506066418012
2,eval-hard-015,ours,hard,primary,True,False,3,slot-002-eval-hard-015-ours/attempt/data/rounds/round-03,37,5,3,3,0,0,0,584,0,0,True,51.97008826079902
3,eval-moderate-016,ours,moderate,primary,True,False,1,slot-003-eval-moderate-016-ours/attempt/data/rounds/round-01,37,6,0,6,12,103,117,582,117,104,True,117.39020982522864
3,eval-moderate-016,ours,moderate,primary,True,False,2,slot-003-eval-moderate-016-ours/attempt/data/rounds/round-02,37,6,0,6,0,12,12,582,13,13,True,71.2007614091004
3,eval-moderate-016,ours,moderate,primary,True,False,3,slot-003-eval-moderate-016-ours/attempt/data/rounds/round-03,37,6,6,6,0,0,0,582,0,0,True,43.18544478950347
4,eval-moderate-016,generic,moderate,primary,True,False,1,slot-004-eval-moderate-016-generic/attempt/data/rounds/round-01,36,5,0,5,9,103,113,582,113,104,True,112.81633246407918
4,eval-moderate-016,generic,moderate,primary,True,False,2,slot-004-eval-moderate-016-generic/attempt/data/rounds/round-02,36,5,0,5,0,11,11,582,12,12,True,69.1425182114213
4,eval-moderate-016,generic,moderate,primary,True,False,3,slot-004-eval-moderate-016-generic/attempt/data/rounds/round-03,36,5,5,5,0,0,0,582,0,0,True,41.93705718496613
5,eval-moderate-024,generic,moderate,primary,True,False,1,slot-005-eval-moderate-024-generic/attempt/data/rounds/round-01,35,5,0,5,0,106,106,622,106,106,True,103.11021215114769
5,eval-moderate-024,generic,moderate,primary,True,False,2,slot-005-eval-moderate-024-generic/attempt/data/rounds/round-02,35,5,3,5,0,0,0,622,0,0,True,63.01680743622757
6,eval-moderate-024,ours,moderate,primary,True,False,1,slot-006-eval-moderate-024-ours/attempt/data/rounds/round-01,35,5,0,5,0,105,106,585,106,106,True,104.29062017200978
6,eval-moderate-024,ours,moderate,primary,True,False,2,slot-006-eval-moderate-024-ours/attempt/data/rounds/round-02,35,5,4,5,0,0,0,585,0,0,True,63.255458654768766
7,eval-easy-033,ours,easy,primary,True,False,1,slot-007-eval-easy-033-ours/attempt/data/rounds/round-01,32,7,0,7,23,102,128,501,128,102,True,133.53796454752757
7,eval-easy-033,ours,easy,primary,True,False,2,slot-007-eval-easy-033-ours/attempt/data/rounds/round-02,32,7,0,7,0,23,23,501,26,26,True,80.99486973369416
7,eval-easy-033,ours,easy,primary,True,False,3,slot-007-eval-easy-033-ours/attempt/data/rounds/round-03,32,7,7,7,0,0,0,501,0,0,True,49.12587177291632
8,eval-easy-033,generic,easy,primary,True,False,1,slot-008-eval-easy-033-generic/attempt/data/rounds/round-01,33,7,0,7,5,101,108,501,108,102,True,122.8816390612055
8,eval-easy-033,generic,easy,primary,True,False,2,slot-008-eval-easy-033-generic/attempt/data/rounds/round-02,33,7,0,7,0,5,5,501,6,6,True,74.53148160636269
8,eval-easy-033,generic,easy,primary,True,False,3,slot-008-eval-easy-033-generic/attempt/data/rounds/round-03,33,7,7,7,0,0,0,501,0,0,True,45.20562870806716
9,eval-easy-009,ours,easy,primary,True,False,1,slot-009-eval-easy-009-ours/attempt/data/rounds/round-01,37,5,0,5,15,101,120,623,120,105,True,118.39020982522864
9,eval-easy-009,ours,easy,primary,True,False,2,slot-009-eval-easy-009-ours/attempt/data/rounds/round-02,37,5,0,5,0,15,15,623,15,15,True,71.80729206881304
9,eval-easy-009,ours,easy,primary,True,False,3,slot-009-eval-easy-009-ours/attempt/data/rounds/round-03,37,5,5,5,0,0,0,623,0,0,True,43.55332423067491
10,eval-easy-009,generic,easy,primary,True,False,1,slot-010-eval-easy-009-generic/attempt/data/rounds/round-01,37,5,0,5,17,102,122,583,122,104,True,118.783679165516
10,eval-easy-009,generic,easy,primary,True,False,2,slot-010-eval-easy-009-generic/attempt/data/rounds/round-02,37,5,0,4,0,19,19,583,21,21,True,74.02613806063492
10,eval-easy-009,generic,easy,primary,True,False,3,slot-010-eval-easy-009-generic/attempt/data/rounds/round-03,37,5,4,4,0,0,0,583,0,0,True,44.899122353895365
11,eval-easy-006,generic,easy,primary,True,False,1,slot-011-eval-easy-006-generic/attempt/data/rounds/round-01,34,6,0,6,12,99,112,624,112,99,True,124.88163906120552
11,eval-easy-006,generic,easy,primary,True,False,2,slot-011-eval-easy-006-generic/attempt/data/rounds/round-02,34,6,0,6,0,13,13,624,14,14,True,75.98319414432915
11,eval-easy-006,generic,easy,primary,True,False,3,slot-011-eval-easy-006-generic/attempt/data/rounds/round-03,34,6,6,6,0,0,0,624,0,0,True,46.52038471450209
12,eval-easy-006,ours,easy,primary,True,False,1,slot-012-eval-easy-006-ours/attempt/data/rounds/round-01,34,5,0,5,13,99,113,624,113,99,True,124.45551642235499
12,eval-easy-006,ours,easy,primary,True,False,2,slot-012-eval-easy-006-ours/attempt/data/rounds/round-02,34,5,0,5,0,13,13,624,14,14,True,75.48608648052743
12,eval-easy-006,ours,easy,primary,True,False,3,slot-012-eval-easy-006-ours/attempt/data/rounds/round-03,34,5,4,4,0,0,0,624,0,0,True,46.261928269241594
13,eval-hard-007,ours,hard,primary,False,False,1,slot-013-eval-hard-007-ours/attempt/data/rounds/round-01,34,4,0,4,77,99,176,624,176,99,True,153.0155117705169
13,eval-hard-007,ours,hard,primary,False,False,2,slot-013-eval-hard-007-ours/attempt/data/rounds/round-02,34,4,0,4,0,77,77,624,77,77,True,92.80859930043785
13,eval-hard-007,ours,hard,primary,False,False,3,slot-013-eval-hard-007-ours/attempt/data/rounds/round-03,34,4,4,4,0,0,0,624,0,0,True,56.291260960700015
14,eval-hard-007,generic,hard,primary,False,True,1,slot-014-eval-hard-007-generic/attempt/data/rounds/round-01,35,5,0,5,77,99,176,624,176,99,True,157.40898111080426
14,eval-hard-007,generic,hard,primary,False,True,2,slot-014-eval-hard-007-generic/attempt/data/rounds/round-02,35,5,0,0,64,83,148,624,148,83,True,144.51507064384805
14,eval-hard-007,generic,hard,primary,False,True,3,slot-014-eval-hard-007-generic/attempt/data/rounds/round-03,35,5,0,0,63,70,133,624,136,72,True,136.73529712483116
15,eval-moderate-023,generic,moderate,primary,True,False,1,slot-015-eval-moderate-023-generic/attempt/data/rounds/round-01,37,6,0,6,9,102,111,500,111,102,True,118.06204708206761
15,eval-moderate-023,generic,moderate,primary,True,False,2,slot-015-eval-moderate-023-generic/attempt/data/rounds/round-02,37,6,0,6,0,10,10,500,10,10,True,71.84690252225165
15,eval-moderate-023,generic,moderate,primary,True,False,3,slot-015-eval-moderate-023-generic/attempt/data/rounds/round-03,37,6,6,6,0,0,0,500,0,0,True,43.722098466153575
16,eval-moderate-023,ours,moderate,primary,True,False,1,slot-016-eval-moderate-023-ours/attempt/data/rounds/round-01,36,6,0,6,17,102,123,500,123,106,True,128.9640871863781
16,eval-moderate-023,ours,moderate,primary,True,False,2,slot-016-eval-moderate-023-ours/attempt/data/rounds/round-02,36,6,0,6,0,17,17,500,17,17,True,78.2206728803915
16,eval-moderate-023,ours,moderate,primary,True,False,3,slot-016-eval-moderate-023-ours/attempt/data/rounds/round-03,36,6,6,6,0,0,0,500,0,0,True,47.44323632530995
17,eval-moderate-004,ours,moderate,primary,True,False,1,slot-017-eval-moderate-004-ours/attempt/data/rounds/round-01,32,6,0,6,24,101,130,542,130,105,True,125.93143388781493
17,eval-moderate-004,ours,moderate,primary,True,False,2,slot-017-eval-moderate-004-ours/attempt/data/rounds/round-02,32,6,0,6,0,24,24,542,25,25,True,76.38127567453428
17,eval-moderate-004,ours,moderate,primary,True,False,3,slot-017-eval-moderate-004-ours/attempt/data/rounds/round-03,32,6,6,6,0,0,0,542,0,0,True,46.327585524567795
18,eval-moderate-004,generic,moderate,primary,True,False,1,slot-018-eval-moderate-004-generic/attempt/data/rounds/round-01,36,6,0,6,15,99,114,582,114,99,True,120.39020982522862
18,eval-moderate-004,generic,moderate,primary,True,False,2,slot-018-eval-moderate-004-generic/attempt/data/rounds/round-02,36,6,0,6,0,15,15,582,15,15,True,73.02035338823829
18,eval-moderate-004,generic,moderate,primary,True,False,3,slot-018-eval-moderate-004-generic/attempt/data/rounds/round-03,36,6,6,6,0,0,0,582,0,0,True,44.28908311301779
19,eval-moderate-026,generic,moderate,primary,True,False,1,slot-019-eval-moderate-026-generic/attempt/data/rounds/round-01,37,4,0,4,0,104,104,583,104,104,True,110.97959895689499
19,eval-moderate-026,generic,moderate,primary,True,False,2,slot-019-eval-moderate-026-generic/attempt/data/rounds/round-02,37,4,0,4,0,1,1,583,1,1,True,67.55118058851022
19,eval-moderate-026,generic,moderate,primary,True,False,3,slot-019-eval-moderate-026-generic/attempt/data/rounds/round-03,37,4,4,4,0,0,0,583,0,0,True,41.11661140773934
20,eval-moderate-026,ours,moderate,primary,True,False,1,slot-020-eval-moderate-026-ours/attempt/data/rounds/round-01,36,4,0,4,6,104,111,623,111,105,True,115.09470038063077
20,eval-moderate-026,ours,moderate,primary,True,False,2,slot-020-eval-moderate-026-ours/attempt/data/rounds/round-02,36,4,0,4,0,6,6,623,6,6,True,69.80846455129188
20,eval-moderate-026,ours,moderate,primary,True,False,3,slot-020-eval-moderate-026-ours/attempt/data/rounds/round-03,36,4,4,4,0,0,0,623,0,0,True,42.48572333884405
21,eval-hard-006,generic,hard,primary,False,True,1,slot-021-eval-hard-006-generic/attempt/data/rounds/round-01,34,5,0,5,40,106,148,705,148,108,True,139.09633013816014
21,eval-hard-006,generic,hard,primary,False,True,2,slot-021-eval-hard-006-generic/attempt/data/rounds/round-02,34,5,0,3,0,64,64,705,64,64,True,92.312664119115
21,eval-hard-006,generic,hard,primary,False,True,3,slot-021-eval-hard-006-generic/attempt/data/rounds/round-03,34,5,0,0,0,12,12,705,23,23,True,63.29474690525631
22,eval-hard-006,ours,hard,primary,True,False,1,slot-022-eval-hard-006-ours/attempt/data/rounds/round-01,33,5,0,5,36,107,143,705,143,107,True,138.70286079787277
22,eval-hard-006,ours,hard,primary,True,False,2,slot-022-eval-hard-006-ours/attempt/data/rounds/round-02,33,5,0,5,0,36,36,705,36,36,True,84.12753766376333
22,eval-hard-006,ours,hard,primary,True,False,3,slot-022-eval-hard-006-ours/attempt/data/rounds/round-03,33,5,4,4,0,0,0,705,0,0,True,51.264582137742984
23,eval-hard-002,ours,hard,primary,True,False,1,slot-023-eval-hard-002-ours/attempt/data/rounds/round-01,34,4,0,4,89,101,192,580,192,101,True,152.52408253454004
23,eval-hard-002,ours,hard,primary,True,False,2,slot-023-eval-hard-002-ours/attempt/data/rounds/round-02,34,4,0,4,0,89,89,580,91,91,True,92.51053240173871
23,eval-hard-002,ours,hard,primary,True,False,3,slot-023-eval-hard-002-ours/attempt/data/rounds/round-03,34,4,4,4,0,0,0,580,0,0,True,56.11047424799354
24,eval-hard-002,generic,hard,primary,True,False,1,slot-024-eval-hard-002-generic/attempt/data/rounds/round-01,37,4,0,4,91,99,191,583,191,99,True,157.91755187482738
24,eval-hard-002,generic,hard,primary,True,False,2,slot-024-eval-hard-002-generic/attempt/data/rounds/round-02,37,4,0,4,0,91,91,583,92,92,True,95.78183691884308
24,eval-hard-002,generic,hard,primary,True,False,3,slot-024-eval-hard-002-generic/attempt/data/rounds/round-03,37,4,2,2,0,0,0,583,1,1,True,58.62277051546098
26,eval-hard-002,no_cost,hard,secondary_ablation,True,False,1,slot-026-eval-hard-002-no_cost/attempt/data/rounds/round-01,37,4,0,4,89,96,185,541,185,96,True,155.52408253454
26,eval-hard-002,no_cost,hard,secondary_ablation,True,False,2,slot-026-eval-hard-002-no_cost/attempt/data/rounds/round-02,37,4,0,4,0,89,89,541,89,89,True,94.33012438087663
26,eval-hard-002,no_cost,hard,secondary_ablation,True,False,3,slot-026-eval-hard-002-no_cost/attempt/data/rounds/round-03,37,4,4,4,0,0,0,541,0,0,True,57.21411257150786
27,eval-hard-002,no_occlusion,hard,secondary_ablation,False,True,1,slot-027-eval-hard-002-no_occlusion/attempt/data/rounds/round-01,37,4,0,4,89,99,189,583,189,99,True,157.13061319425265
27,eval-hard-002,no_occlusion,hard,secondary_ablation,False,True,2,slot-027-eval-hard-002-no_occlusion/attempt/data/rounds/round-02,37,4,0,0,87,90,178,583,179,90,True,146.69419993765953
27,eval-hard-002,no_occlusion,hard,secondary_ablation,False,True,3,slot-027-eval-hard-002-no_occlusion/attempt/data/rounds/round-03,37,4,0,0,84,88,172,583,179,90,True,139.61803514231138
28,eval-hard-002,fixed,hard,secondary_baseline,False,False,1,slot-028-eval-hard-002-fixed/attempt/data/rounds/round-01,36,4,0,4,92,99,192,583,192,99,True,158.70449055540212
29,eval-easy-015,generic,easy,primary,True,False,1,slot-029-eval-easy-015-generic/attempt/data/rounds/round-01,35,5,0,5,12,99,112,582,112,99,True,121.39020982522864
29,eval-easy-015,generic,easy,primary,True,False,2,slot-029-eval-easy-015-generic/attempt/data/rounds/round-02,35,5,0,3,0,12,12,582,14,13,True,74.25900460677948
29,eval-easy-015,generic,easy,primary,True,False,3,slot-029-eval-easy-015-generic/attempt/data/rounds/round-03,35,5,3,3,0,0,0,582,1,1,True,45.04036305375344
30,eval-easy-015,ours,easy,primary,True,False,1,slot-030-eval-easy-015-ours/attempt/data/rounds/round-01,36,5,0,5,31,99,130,582,130,99,True,128.44000465183808
30,eval-easy-015,ours,easy,primary,True,False,2,slot-030-eval-easy-015-ours/attempt/data/rounds/round-02,36,5,0,5,0,31,31,582,31,31,True,77.90280075497306
30,eval-easy-015,ours,easy,primary,True,False,3,slot-030-eval-easy-015-ours/attempt/data/rounds/round-03,36,5,5,5,0,0,0,582,0,0,True,47.25043713537564
31,eval-hard-027,generic,hard,primary,False,True,1,slot-031-eval-hard-027-generic/attempt/data/rounds/round-01,37,4,0,4,79,96,178,541,178,96,True,151.58938913166637
31,eval-hard-027,generic,hard,primary,False,True,2,slot-031-eval-hard-027-generic/attempt/data/rounds/round-02,37,4,0,0,2,86,88,541,90,88,True,97.01342473793702
31,eval-hard-027,generic,hard,primary,False,True,3,slot-031-eval-hard-027-generic/attempt/data/rounds/round-03,37,4,0,0,0,3,3,541,3,3,True,59.70231944392943
32,eval-hard-027,ours,hard,primary,True,False,1,slot-032-eval-hard-027-ours/attempt/data/rounds/round-01,37,4,0,4,69,99,169,583,169,99,True,150.04816506908006
32,eval-hard-027,ours,hard,primary,True,False,2,slot-032-eval-hard-027-ours/attempt/data/rounds/round-02,37,4,0,3,0,69,69,583,70,70,True,91.40228188830662
32,eval-hard-027,ours,hard,primary,True,False,3,slot-032-eval-hard-027-ours/attempt/data/rounds/round-03,37,4,3,3,0,0,0,583,0,0,True,55.43828633295469
33,eval-easy-004,generic,easy,primary,True,False,1,slot-033-eval-easy-004-generic/attempt/data/rounds/round-01,34,5,0,5,0,99,99,624,99,99,True,108.40572159574555
33,eval-easy-004,generic,easy,primary,True,False,2,slot-033-eval-easy-004-generic/attempt/data/rounds/round-02,34,5,1,5,0,0,0,624,0,0,True,65.9900450546328
34,eval-easy-004,ours,easy,primary,False,False,1,slot-034-eval-easy-004-ours/attempt/data/rounds/round-01,34,4,0,4,0,99,99,624,99,99,True,106.19266027632028
34,eval-easy-004,ours,easy,primary,False,False,2,slot-034-eval-easy-004-ours/attempt/data/rounds/round-02,34,4,1,4,0,0,0,624,0,0,True,64.4091042940361
35,eval-easy-038,ours,easy,primary,True,False,1,slot-035-eval-easy-038-ours/attempt/data/rounds/round-01,35,5,0,5,0,107,107,623,107,107,True,105.92980413028559
35,eval-easy-038,ours,easy,primary,True,False,2,slot-035-eval-easy-038-ours/attempt/data/rounds/round-02,35,5,4,5,0,0,0,623,0,0,True,64.24967398237216
36,eval-easy-038,generic,easy,primary,True,False,1,slot-036-eval-easy-038-generic/attempt/data/rounds/round-01,35,5,0,5,0,108,108,626,108,108,True,106.8971508317224
36,eval-easy-038,generic,easy,primary,True,False,2,slot-036-eval-easy-038-generic/attempt/data/rounds/round-02,35,5,0,5,0,3,3,626,3,3,True,65.79100428953025
36,eval-easy-038,generic,easy,primary,True,False,3,slot-036-eval-easy-038-generic/attempt/data/rounds/round-03,35,5,5,5,0,0,0,626,0,0,True,40.77275692102355
37,eval-hard-009,generic,hard,primary,False,True,1,slot-037-eval-hard-009-generic/attempt/data/rounds/round-01,35,5,0,5,35,106,143,705,143,108,True,138.70286079787277
37,eval-hard-009,generic,hard,primary,False,True,2,slot-037-eval-hard-009-generic/attempt/data/rounds/round-02,35,5,0,3,0,67,67,705,67,67,True,94.68632823268304
37,eval-hard-009,generic,hard,primary,False,True,3,slot-037-eval-hard-009-generic/attempt/data/rounds/round-03,35,5,0,0,0,16,16,705,30,30,True,67.74023163839156
38,eval-hard-009,ours,hard,primary,True,False,1,slot-038-eval-hard-009-ours/attempt/data/rounds/round-01,34,5,0,5,29,106,137,705,137,108,True,135.55510607557383
38,eval-hard-009,ours,hard,primary,True,False,2,slot-038-eval-hard-009-ours/attempt/data/rounds/round-02,34,5,0,5,0,29,29,705,29,29,True,82.21832791543379
38,eval-hard-009,ours,hard,primary,True,False,3,slot-038-eval-hard-009-ours/attempt/data/rounds/round-03,34,5,5,5,0,0,0,705,0,0,True,49.86793667101769
39,eval-easy-036,generic,easy,primary,True,False,1,slot-039-eval-easy-036-generic/attempt/data/rounds/round-01,36,6,0,6,1,102,104,623,104,103,True,116.94694565833183
39,eval-easy-036,generic,easy,primary,True,False,2,slot-039-eval-easy-036-generic/attempt/data/rounds/round-02,36,6,0,6,0,2,2,623,3,3,True,71.64786175714909
39,eval-easy-036,generic,easy,primary,True,False,3,slot-039-eval-easy-036-generic/attempt/data/rounds/round-03,36,6,6,6,0,0,0,623,0,0,True,43.74612342060921
40,eval-easy-036,ours,easy,primary,True,False,1,slot-040-eval-easy-036-ours/attempt/data/rounds/round-01,35,5,0,5,0,102,102,623,102,102,True,110.61878291517081
40,eval-easy-036,ours,easy,primary,True,False,2,slot-040-eval-easy-036-ours/attempt/data/rounds/round-02,35,5,3,5,0,0,0,623,0,0,True,67.09368337814715
41,eval-moderate-025,generic,moderate,primary,True,False,1,slot-041-eval-moderate-025-generic/attempt/data/rounds/round-01,37,5,0,5,5,96,101,500,101,96,True,113.24245510292971
41,eval-moderate-025,generic,moderate,primary,True,False,2,slot-041-eval-moderate-025-generic/attempt/data/rounds/round-02,37,5,0,5,0,5,5,500,5,5,True,68.68502100105823
41,eval-moderate-025,generic,moderate,primary,True,False,3,slot-041-eval-moderate-025-generic/attempt/data/rounds/round-03,37,5,5,5,0,0,0,500,0,0,True,41.65957110014793
42,eval-moderate-025,ours,moderate,primary,True,False,1,slot-042-eval-moderate-025-ours/attempt/data/rounds/round-01,37,6,0,6,18,104,122,582,122,104,True,123.9640871863781
42,eval-moderate-025,ours,moderate,primary,True,False,2,slot-042-eval-moderate-025-ours/attempt/data/rounds/round-02,37,6,0,6,0,18,18,582,20,20,True,75.66532201891071
42,eval-moderate-025,ours,moderate,primary,True,False,3,slot-042-eval-moderate-025-ours/attempt/data/rounds/round-03,37,6,6,6,0,0,0,582,0,0,True,45.89333768149876
43,eval-hard-008,generic,hard,primary,False,True,1,slot-043-eval-hard-008-generic/attempt/data/rounds/round-01,35,5,0,5,74,102,179,624,179,102,True,154.22857308994216
43,eval-hard-008,generic,hard,primary,False,True,2,slot-043-eval-hard-008-generic/attempt/data/rounds/round-02,35,5,0,0,69,88,157,624,162,90,True,141.3475106948298
43,eval-hard-008,generic,hard,primary,False,True,3,slot-043-eval-hard-008-generic/attempt/data/rounds/round-03,35,5,0,0,68,82,150,624,155,84,True,132.19952527991447
44,eval-hard-008,ours,hard,primary,True,False,1,slot-044-eval-hard-008-ours/attempt/data/rounds/round-01,36,5,0,5,88,102,190,624,190,102,True,156.95020517339054
44,eval-hard-008,ours,hard,primary,True,False,2,slot-044-eval-hard-008-ours/attempt/data/rounds/round-02,36,5,0,5,0,88,88,624,88,88,True,95.19511148584975
44,eval-hard-008,ours,hard,primary,True,False,3,slot-044-eval-hard-008-ours/attempt/data/rounds/round-03,36,5,3,3,0,0,0,624,0,0,True,60.747317674447444
45,eval-easy-014,ours,easy,primary,True,False,1,slot-045-eval-easy-014-ours/attempt/data/rounds/round-01,32,6,0,6,14,105,120,542,120,105,True,128.20980180436652
45,eval-easy-014,ours,easy,primary,True,False,2,slot-045-eval-easy-014-ours/attempt/data/rounds/round-02,32,6,0,6,0,14,14,542,15,15,True,77.76317567002842
45,eval-easy-014,ours,easy,primary,True,False,3,slot-045-eval-easy-014-ours/attempt/data/rounds/round-03,32,6,6,6,0,0,0,542,0,0,True,47.16575024049174
46,eval-easy-014,generic,easy,primary,False,True,1,slot-046-eval-easy-014-generic/attempt/data/rounds/round-01,33,7,0,7,20,102,123,501,123,102,True,131.57061784609073
46,eval-easy-014,generic,easy,primary,False,True,2,slot-046-eval-easy-014-generic/attempt/data/rounds/round-02,33,7,0,0,1,29,31,501,32,30,True,83.45236694405723
46,eval-easy-014,generic,easy,primary,False,True,3,slot-046-eval-easy-014-generic/attempt/data/rounds/round-03,33,7,0,0,0,1,1,501,2,2,True,50.90591773920581
47,eval-hard-023,ours,hard,primary,False,True,1,slot-047-eval-hard-023-ours/attempt/data/rounds/round-01,37,6,0,6,78,102,180,581,180,102,True,157.58938913166637
47,eval-hard-023,ours,hard,primary,False,True,2,slot-047-eval-hard-023-ours/attempt/data/rounds/round-02,37,6,0,0,2,80,82,581,82,80,True,103.22637981279051
47,eval-hard-023,ours,hard,primary,False,True,3,slot-047-eval-hard-023-ours/attempt/data/rounds/round-03,37,6,0,0,0,3,3,581,3,3,True,69.74380466014671
48,eval-hard-023,generic,hard,primary,False,True,1,slot-048-eval-hard-023-generic/attempt/data/rounds/round-01,37,5,0,5,65,102,168,582,168,103,True,143.08081836764322
48,eval-hard-023,generic,hard,primary,False,True,2,slot-048-eval-hard-023-generic/attempt/data/rounds/round-02,37,5,0,0,6,77,84,582,84,77,True,98.23205824061533
48,eval-hard-023,generic,hard,primary,False,True,3,slot-048-eval-hard-023-generic/attempt/data/rounds/round-03,37,5,0,0,6,16,22,582,22,16,True,70.06523645858752
49,eval-hard-024,ours,hard,primary,True,False,1,slot-049-eval-hard-024-ours/attempt/data/rounds/round-01,33,5,0,5,62,106,169,706,169,106,True,148.53959430505694
49,eval-hard-024,ours,hard,primary,True,False,2,slot-049-eval-hard-024-ours/attempt/data/rounds/round-02,33,5,0,5,0,62,62,706,63,63,True,90.0938181272931
49,eval-hard-024,ours,hard,primary,True,False,3,slot-049-eval-hard-024-ours/attempt/data/rounds/round-03,33,5,5,5,0,0,0,706,0,0,True,54.78941222580011
50,eval-hard-024,generic,hard,primary,False,True,1,slot-050-eval-hard-024-generic/attempt/data/rounds/round-01,36,7,0,7,53,105,160,745,160,107,True,158.42449288132116
50,eval-hard-024,generic,hard,primary,False,True,2,slot-050-eval-hard-024-generic/attempt/data/rounds/round-02,36,7,0,7,0,74,74,745,76,76,True,103.72615117526524
50,eval-hard-024,generic,hard,primary,False,True,3,slot-050-eval-hard-024-generic/attempt/data/rounds/round-03,36,7,0,0,0,35,35,745,49,49,True,84.87270491051113
51,eval-moderate-018,generic,moderate,primary,True,False,1,slot-051-eval-moderate-018-generic/attempt/data/rounds/round-01,33,3,0,3,0,106,106,584,106,106,True,93.19266027632028
51,eval-moderate-018,generic,moderate,primary,True,False,2,slot-051-eval-moderate-018-generic/attempt/data/rounds/round-02,33,3,0,3,0,2,2,584,2,2,True,57.24015937339544
51,eval-moderate-018,generic,moderate,primary,True,False,3,slot-051-eval-moderate-018-generic/attempt/data/rounds/round-03,33,3,2,2,0,0,0,584,0,0,True,35.246061407389035
52,eval-moderate-018,ours,moderate,primary,True,False,1,slot-052-eval-moderate-018-ours/attempt/data/rounds/round-01,33,3,0,3,0,106,106,584,106,106,True,92.79919093603291
52,eval-moderate-018,ours,moderate,primary,True,False,2,slot-052-eval-moderate-018-ours/attempt/data/rounds/round-02,33,3,3,3,0,0,0,584,0,0,True,56.28555449923067
53,eval-hard-012,ours,hard,primary,False,True,1,slot-053-eval-hard-012-ours/attempt/data/rounds/round-01,37,5,0,5,60,96,159,582,159,99,True,148.08081836764322
53,eval-hard-012,ours,hard,primary,False,True,2,slot-053-eval-hard-012-ours/attempt/data/rounds/round-02,37,5,0,0,8,67,76,582,76,67,True,101.01321224879345
53,eval-hard-012,ours,hard,primary,False,True,3,slot-053-eval-hard-012-ours/attempt/data/rounds/round-03,37,5,0,0,1,14,15,582,15,14,True,73.61323326987561
54,eval-hard-012,generic,hard,primary,False,True,1,slot-054-eval-hard-012-generic/attempt/data/rounds/round-01,37,5,0,5,59,96,158,582,158,99,True,147.68734902735585
54,eval-hard-012,generic,hard,primary,False,True,2,slot-054-eval-hard-012-generic/attempt/data/rounds/round-02,37,5,0,0,43,96,139,582,145,96,True,130.99397054169643
54,eval-hard-012,generic,hard,primary,False,True,3,slot-054-eval-hard-012-generic/attempt/data/rounds/round-03,37,5,0,0,9,61,70,582,70,61,True,102.45969877924554
55,eval-moderate-008,ours,moderate,primary,True,False,1,slot-055-eval-moderate-008-ours/attempt/data/rounds/round-01,31,3,0,3,1,106,107,625,107,106,True,96.12735367919394
55,eval-moderate-008,ours,moderate,primary,True,False,2,slot-055-eval-moderate-008-ours/attempt/data/rounds/round-02,31,3,0,3,0,2,2,625,2,2,True,58.542838462012334
55,eval-moderate-008,ours,moderate,primary,True,False,3,slot-055-eval-moderate-008-ours/attempt/data/rounds/round-03,31,3,3,3,0,0,0,625,0,0,True,35.65277571483748
56,eval-moderate-008,generic,moderate,primary,True,False,1,slot-056-eval-moderate-008-generic/attempt/data/rounds/round-01,33,4,0,4,0,106,106,625,106,106,True,95.61878291517081
56,eval-moderate-008,generic,moderate,primary,True,False,2,slot-056-eval-moderate-008-generic/attempt/data/rounds/round-02,33,4,0,4,0,1,1,625,3,3,True,58.47302591954002
56,eval-moderate-008,generic,moderate,primary,True,False,3,slot-056-eval-moderate-008-generic/attempt/data/rounds/round-03,33,4,4,4,0,0,0,625,0,0,True,35.75518154841855
57,eval-hard-030,ours,hard,primary,True,False,1,slot-057-eval-hard-030-ours/attempt/data/rounds/round-01,35,5,0,5,84,106,192,705,192,108,True,159.76979715252847
57,eval-hard-030,ours,hard,primary,True,False,2,slot-057-eval-hard-030-ours/attempt/data/rounds/round-02,35,5,0,5,0,84,84,705,84,84,True,96.90528046907671
57,eval-hard-030,ours,hard,primary,True,False,3,slot-057-eval-hard-030-ours/attempt/data/rounds/round-03,35,5,4,4,0,0,0,705,0,0,True,59.014674911088065
58,eval-hard-030,generic,hard,primary,False,True,1,slot-058-eval-hard-030-generic/attempt/data/rounds/round-01,35,5,0,5,77,106,185,705,185,108,True,157.40898111080426
58,eval-hard-030,generic,hard,primary,False,True,2,slot-058-eval-hard-030-generic/attempt/data/rounds/round-02,35,5,0,1,0,88,88,705,88,88,True,100.0658832632195
58,eval-hard-030,generic,hard,primary,False,True,3,slot-058-eval-hard-030-generic/attempt/data/rounds/round-03,35,5,0,0,0,4,4,705,11,11,True,63.556840812862184
59,eval-easy-034,generic,easy,primary,True,False,1,slot-059-eval-easy-034-generic/attempt/data/rounds/round-01,37,6,0,6,11,102,117,500,117,106,True,125.81633246407917
59,eval-easy-034,generic,easy,primary,True,False,2,slot-059-eval-easy-034-generic/attempt/data/rounds/round-02,37,6,0,6,0,13,13,500,13,13,True,77.02741678768554
59,eval-easy-034,generic,easy,primary,True,False,3,slot-059-eval-easy-034-generic/attempt/data/rounds/round-03,37,6,5,5,0,0,0,500,1,1,True,46.958141138736075
60,eval-easy-034,ours,easy,primary,True,False,1,slot-060-eval-easy-034-ours/attempt/data/rounds/round-01,37,6,0,6,19,102,125,500,125,106,True,129.75102586695283
60,eval-easy-034,ours,easy,primary,True,False,2,slot-060-eval-easy-034-ours/attempt/data/rounds/round-02,37,6,0,6,0,19,19,500,19,19,True,78.69797531747388
60,eval-easy-034,ours,easy,primary,True,False,3,slot-060-eval-easy-034-ours/attempt/data/rounds/round-03,37,6,6,6,0,0,0,500,0,0,True,47.732734887355974
61,eval-moderate-011,ours,moderate,primary,True,False,1,slot-061-eval-moderate-011-ours/attempt/data/rounds/round-01,32,7,0,7,14,101,116,582,116,102,True,116.57061784609074
61,eval-moderate-011,ours,moderate,primary,True,False,2,slot-061-eval-moderate-011-ours/attempt/data/rounds/round-02,32,7,0,7,0,14,14,582,14,14,True,70.7036537452987
61,eval-moderate-011,ours,moderate,primary,True,False,3,slot-061-eval-moderate-011-ours/attempt/data/rounds/round-03,32,7,7,7,0,0,0,582,0,0,True,42.88393375022962
62,eval-moderate-011,generic,moderate,primary,True,False,1,slot-062-eval-moderate-011-generic/attempt/data/rounds/round-01,33,7,0,7,9,101,110,582,110,101,True,122.20980180436653
62,eval-moderate-011,generic,moderate,primary,True,False,2,slot-062-eval-moderate-011-generic/attempt/data/rounds/round-02,33,7,0,7,0,10,10,582,11,11,True,74.60129414883501
62,eval-moderate-011,generic,moderate,primary,True,False,3,slot-062-eval-moderate-011-generic/attempt/data/rounds/round-03,33,7,7,7,0,0,0,582,0,0,True,45.39272143653213
63,eval-easy-026,generic,easy,primary,True,False,1,slot-063-eval-easy-026-generic/attempt/data/rounds/round-01,37,4,0,4,1,96,97,541,97,96,True,111.5208230194813
63,eval-easy-026,generic,easy,primary,True,False,2,slot-063-eval-easy-026-generic/attempt/data/rounds/round-02,37,4,0,4,0,1,1,541,1,1,True,67.87944957624303
63,eval-easy-026,generic,easy,primary,True,False,3,slot-063-eval-easy-026-generic/attempt/data/rounds/round-03,37,4,4,4,0,0,0,541,0,0,True,41.17096733240912
64,eval-easy-026,ours,easy,primary,True,False,1,slot-064-eval-easy-026-ours/attempt/data/rounds/round-01,36,6,0,6,1,101,103,541,103,101,True,111.94694565833183
64,eval-easy-026,ours,easy,primary,True,False,2,slot-064-eval-easy-026-ours/attempt/data/rounds/round-02,36,6,0,6,0,1,1,541,2,2,True,67.89925480296235
64,eval-easy-026,ours,easy,primary,True,False,3,slot-064-eval-easy-026-ours/attempt/data/rounds/round-03,36,6,6,6,0,0,0,541,0,0,True,41.18297980963694
65,eval-easy-019,generic,easy,primary,True,False,1,slot-065-eval-easy-019-generic/attempt/data/rounds/round-01,33,5,0,5,0,107,107,625,107,107,True,102.89715083172241
65,eval-easy-019,generic,easy,primary,True,False,2,slot-065-eval-easy-019-generic/attempt/data/rounds/round-02,33,5,0,5,0,1,1,625,1,1,True,62.88757921359733
65,eval-easy-019,generic,easy,primary,True,False,3,slot-065-eval-easy-019-generic/attempt/data/rounds/round-03,33,5,5,5,0,0,0,625,0,0,True,38.143244908153676
66,eval-easy-019,ours,easy,primary,True,False,1,slot-066-eval-easy-019-ours/attempt/data/rounds/round-01,34,5,0,5,0,105,105,706,105,105,True,102.50368149143505
66,eval-easy-019,ours,easy,primary,True,False,2,slot-066-eval-easy-019-ours/attempt/data/rounds/round-02,34,5,3,5,0,0,0,706,0,0,True,63.84218408776209
67,eval-easy-013,ours,easy,primary,True,False,1,slot-067-eval-easy-013-ours/attempt/data/rounds/round-01,34,5,0,5,3,105,108,705,108,105,True,110.37306829718236
67,eval-easy-013,ours,easy,primary,True,False,2,slot-067-eval-easy-013-ours/attempt/data/rounds/round-02,34,5,0,5,0,3,3,705,4,4,True,67.18330114733877
67,eval-easy-013,ours,easy,primary,True,False,3,slot-067-eval-easy-013-ours/attempt/data/rounds/round-03,34,5,5,5,0,0,0,705,0,0,True,40.7487319665679
68,eval-easy-013,generic,easy,primary,True,False,1,slot-068-eval-easy-013-generic/attempt/data/rounds/round-01,33,3,0,3,0,106,106,584,106,106,True,93.79919093603291
68,eval-easy-013,generic,easy,primary,True,False,2,slot-068-eval-easy-013-generic/attempt/data/rounds/round-02,33,3,0,3,0,1,1,584,2,2,True,57.369387596025696
68,eval-easy-013,generic,easy,primary,True,False,3,slot-068-eval-easy-013-generic/attempt/data/rounds/round-03,33,3,3,3,0,0,0,584,0,0,True,34.941041786950244
69,eval-hard-004,generic,hard,primary,False,True,1,slot-069-eval-hard-004-generic/attempt/data/rounds/round-01,33,5,0,5,81,99,181,624,181,99,True,164.19591979137897
69,eval-hard-004,generic,hard,primary,False,True,2,slot-069-eval-hard-004-generic/attempt/data/rounds/round-02,33,5,0,0,73,88,161,624,168,89,True,151.46967551801282
69,eval-hard-004,generic,hard,primary,False,True,3,slot-069-eval-hard-004-generic/attempt/data/rounds/round-03,33,5,0,0,71,79,150,624,162,85,True,142.1668719813513
70,eval-hard-004,ours,hard,primary,True,False,1,slot-070-eval-hard-004-ours/attempt/data/rounds/round-01,34,6,0,6,88,99,187,624,187,99,True,169.1632664928158
70,eval-hard-004,ours,hard,primary,True,False,2,slot-070-eval-hard-004-ours/attempt/data/rounds/round-02,34,6,0,5,0,88,88,624,88,88,True,103.62829752414751
70,eval-hard-004,ours,hard,primary,True,False,3,slot-070-eval-hard-004-ours/attempt/data/rounds/round-03,34,6,4,4,0,0,0,624,0,0,True,63.808344536383025
71,eval-hard-004,no_occlusion,hard,secondary_ablation,False,True,1,slot-071-eval-hard-004-no_occlusion/attempt/data/rounds/round-01,33,5,0,5,88,99,187,624,187,99,True,165.55673583310318
71,eval-hard-004,no_occlusion,hard,secondary_ablation,False,True,2,slot-071-eval-hard-004-no_occlusion/attempt/data/rounds/round-02,33,5,0,0,77,88,165,624,165,88,True,151.57909851392378
71,eval-hard-004,no_occlusion,hard,secondary_ablation,False,True,3,slot-071-eval-hard-004-no_occlusion/attempt/data/rounds/round-03,33,5,0,0,77,82,159,624,159,82,True,143.17499718556982
72,eval-hard-004,no_cost,hard,secondary_ablation,True,False,1,slot-072-eval-hard-004-no_cost/attempt/data/rounds/round-01,34,6,0,6,87,99,186,624,186,99,True,168.37632781224107
72,eval-hard-004,no_cost,hard,secondary_ablation,True,False,2,slot-072-eval-hard-004-no_cost/attempt/data/rounds/round-02,34,6,0,5,0,87,87,624,87,87,True,102.75752574677779
72,eval-hard-004,no_cost,hard,secondary_ablation,True,False,3,slot-072-eval-hard-004-no_cost/attempt/data/rounds/round-03,34,6,4,4,0,0,0,624,0,0,True,66.05010744077192
73,eval-easy-016,ours,easy,primary,True,False,1,slot-073-eval-easy-016-ours/attempt/data/rounds/round-01,34,4,0,4,0,106,106,666,106,106,True,105.11021215114768
73,eval-easy-016,ours,easy,primary,True,False,2,slot-073-eval-easy-016-ours/attempt/data/rounds/round-02,34,4,3,4,0,0,0,666,0,0,True,63.75256631857046
74,eval-easy-016,generic,easy,primary,False,True,1,slot-074-eval-easy-016-generic/attempt/data/rounds/round-01,34,4,0,4,0,106,106,666,106,106,True,104.32327347057294
74,eval-easy-016,generic,easy,primary,False,True,2,slot-074-eval-easy-016-generic/attempt/data/rounds/round-02,34,4,0,4,0,5,5,666,5,5,True,65.1844736298176
74,eval-easy-016,generic,easy,primary,False,True,3,slot-074-eval-easy-016-generic/attempt/data/rounds/round-03,34,4,0,0,0,2,2,666,2,2,True,40.01368423079641
75,eval-moderate-002,generic,moderate,primary,False,False,1,slot-075-eval-moderate-002-generic/attempt/data/rounds/round-01,37,1,0,1,103,108,211,581,211,108,True,106.03265329856316
75,eval-moderate-002,generic,moderate,primary,False,False,2,slot-075-eval-moderate-002-generic/attempt/data/rounds/round-02,37,1,0,1,0,103,103,581,103,103,True,64.31205515625845
75,eval-moderate-002,generic,moderate,primary,False,False,3,slot-075-eval-moderate-002-generic/attempt/data/rounds/round-03,37,1,1,1,0,0,0,581,0,0,True,39.00723324140071
76,eval-moderate-002,ours,moderate,primary,True,False,1,slot-076-eval-moderate-002-ours/attempt/data/rounds/round-01,37,6,0,6,33,102,135,581,135,102,True,129.2269433324128
76,eval-moderate-002,ours,moderate,primary,True,False,2,slot-076-eval-moderate-002-ours/attempt/data/rounds/round-02,37,6,0,6,0,33,33,581,33,33,True,78.38010319205543
76,eval-moderate-002,ours,moderate,primary,True,False,3,slot-076-eval-moderate-002-ours/attempt/data/rounds/round-03,37,6,6,6,0,0,0,581,0,0,True,47.53993569742167
78,eval-moderate-002,fixed,moderate,secondary_baseline,False,True,1,slot-078-eval-moderate-002-fixed/attempt/data/rounds/round-01,37,6,0,6,18,104,122,582,122,104,True,123.9640871863781
78,eval-moderate-002,fixed,moderate,secondary_baseline,False,True,2,slot-078-eval-moderate-002-fixed/attempt/data/rounds/round-02,37,6,0,5,0,18,18,582,18,18,True,77.54883562355253
78,eval-moderate-002,fixed,moderate,secondary_baseline,False,True,3,slot-078-eval-moderate-002-fixed/attempt/data/rounds/round-03,37,6,0,0,0,18,18,582,18,18,True,63.94240320738935
79,eval-easy-037,ours,easy,primary,True,False,1,slot-079-eval-easy-037-ours/attempt/data/rounds/round-01,33,4,0,4,0,106,106,625,106,106,True,95.22531357488344
79,eval-easy-037,ours,easy,primary,True,False,2,slot-079-eval-easy-037-ours/attempt/data/rounds/round-02,33,4,2,4,0,0,0,625,1,1,True,57.995723482457635
80,eval-easy-037,generic,easy,primary,True,False,1,slot-080-eval-easy-037-generic/attempt/data/rounds/round-01,33,3,0,3,0,106,106,584,106,106,True,92.79919093603291
80,eval-easy-037,generic,easy,primary,True,False,2,slot-080-eval-easy-037-generic/attempt/data/rounds/round-02,33,3,3,3,0,0,0,584,0,0,True,56.28555449923067
81,eval-moderate-015,ours,moderate,primary,False,False,1,slot-081-eval-moderate-015-ours/attempt/data/rounds/round-01,33,5,0,5,4,99,103,624,103,99,True,119.52082301948131
81,eval-moderate-015,ours,moderate,primary,False,False,2,slot-081-eval-moderate-015-ours/attempt/data/rounds/round-02,33,5,0,5,0,4,4,624,4,4,True,72.4930436354029
81,eval-moderate-015,ours,moderate,primary,False,False,3,slot-081-eval-moderate-015-ours/attempt/data/rounds/round-03,33,5,5,5,0,0,0,624,0,0,True,44.114002861780655
82,eval-moderate-015,generic,moderate,primary,False,True,1,slot-082-eval-moderate-015-generic/attempt/data/rounds/round-01,34,5,0,5,0,99,99,624,99,99,True,111.37306829718237
82,eval-moderate-015,generic,moderate,primary,False,True,2,slot-082-eval-moderate-015-generic/attempt/data/rounds/round-02,34,5,0,1,0,77,81,624,89,89,True,95.60249513588803
82,eval-moderate-015,generic,moderate,primary,False,True,3,slot-082-eval-moderate-015-generic/attempt/data/rounds/round-03,34,5,0,0,0,61,63,624,84,84,True,84.64603018385635
83,eval-easy-027,generic,easy,primary,False,True,1,slot-083-eval-easy-027-generic/attempt/data/rounds/round-01,32,1,0,1,0,107,107,705,107,107,True,64.89878058925179
83,eval-easy-027,generic,easy,primary,False,True,2,slot-083-eval-easy-027-generic/attempt/data/rounds/round-02,32,1,0,1,0,1,1,705,1,1,True,39.60175142388552
83,eval-easy-027,generic,easy,primary,False,True,3,slot-083-eval-easy-027-generic/attempt/data/rounds/round-03,32,1,0,0,0,1,1,705,1,1,True,24.258327635446193
84,eval-easy-027,ours,easy,primary,True,False,1,slot-084-eval-easy-027-ours/attempt/data/rounds/round-01,33,3,0,3,0,106,106,584,106,106,True,92.79919093603291
84,eval-easy-027,ours,easy,primary,True,False,2,slot-084-eval-easy-027-ours/attempt/data/rounds/round-02,33,3,2,3,0,0,0,584,0,0,True,56.52420571777186
85,eval-easy-003,generic,easy,primary,True,False,1,slot-085-eval-easy-003-generic/attempt/data/rounds/round-01,34,5,0,5,0,105,105,705,105,105,True,108.40572159574555
85,eval-easy-003,generic,easy,primary,True,False,2,slot-085-eval-easy-003-generic/attempt/data/rounds/round-02,34,5,0,5,0,1,1,705,2,2,True,66.46734749171519
85,eval-easy-003,generic,easy,primary,True,False,3,slot-085-eval-easy-003-generic/attempt/data/rounds/round-03,34,5,4,4,0,0,0,705,0,0,True,40.55313534204006
86,eval-easy-003,ours,easy,primary,True,False,1,slot-086-eval-easy-003-ours/attempt/data/rounds/round-01,34,5,0,5,1,105,106,584,106,105,True,109.79919093603291
86,eval-easy-003,ours,easy,primary,True,False,2,slot-086-eval-easy-003-ours/attempt/data/rounds/round-02,34,5,0,5,0,1,1,584,1,1,True,66.83522693288663
86,eval-easy-003,ours,easy,primary,True,False,3,slot-086-eval-easy-003-ours/attempt/data/rounds/round-03,34,5,5,5,0,0,0,584,0,0,True,40.5376142836473
87,eval-moderate-010,generic,moderate,primary,True,False,1,slot-087-eval-moderate-010-generic/attempt/data/rounds/round-01,33,5,0,5,0,106,106,665,106,106,True,108.11021215114766
87,eval-moderate-010,generic,moderate,primary,True,False,2,slot-087-eval-moderate-010-generic/attempt/data/rounds/round-02,33,5,0,5,0,2,2,665,3,3,True,67.00406560895551
87,eval-moderate-010,generic,moderate,primary,True,False,3,slot-087-eval-moderate-010-generic/attempt/data/rounds/round-03,33,5,3,3,0,0,0,665,0,0,True,41.457668459861594
88,eval-moderate-010,ours,moderate,primary,True,False,1,slot-088-eval-moderate-010-ours/attempt/data/rounds/round-01,34,5,0,5,0,106,106,665,106,106,True,107.68408951229713
88,eval-moderate-010,ours,moderate,primary,True,False,2,slot-088-eval-moderate-010-ours/attempt/data/rounds/round-02,34,5,2,5,0,0,0,665,0,0,True,65.55235307098906
89,eval-easy-029,generic,easy,primary,True,False,1,slot-089-eval-easy-029-generic/attempt/data/rounds/round-01,34,5,0,5,0,99,99,624,99,99,True,114.22531357488346
89,eval-easy-029,generic,easy,primary,True,False,2,slot-089-eval-easy-029-generic/attempt/data/rounds/round-02,34,5,1,5,0,0,0,624,0,0,True,69.28115479845648
90,eval-easy-029,ours,easy,primary,True,False,1,slot-090-eval-easy-029-ours/attempt/data/rounds/round-01,37,5,0,5,0,103,107,543,107,107,True,109.83184423459609
90,eval-easy-029,ours,easy,primary,True,False,2,slot-090-eval-easy-029-ours/attempt/data/rounds/round-02,37,5,2,5,0,0,0,543,0,0,True,66.85503215960595
91,eval-hard-010,generic,hard,primary,False,True,1,slot-091-eval-hard-010-generic/attempt/data/rounds/round-01,32,5,0,5,87,102,195,705,195,108,True,160.5567358331032
91,eval-hard-010,generic,hard,primary,False,True,2,slot-091-eval-hard-010-generic/attempt/data/rounds/round-02,32,5,0,4,0,95,97,705,99,99,True,101.03333620922811
91,eval-hard-010,generic,hard,primary,False,True,3,slot-091-eval-hard-010-generic/attempt/data/rounds/round-03,32,5,0,0,0,2,2,705,13,13,True,64.77575124527428
92,eval-hard-010,ours,hard,primary,True,False,1,slot-092-eval-hard-010-ours/attempt/data/rounds/round-01,32,4,0,4,65,107,173,705,173,108,True,147.08081836764325
92,eval-hard-010,ours,hard,primary,True,False,2,slot-092-eval-hard-010-ours/attempt/data/rounds/round-02,32,4,0,4,0,68,68,705,68,68,True,89.92497945122423
92,eval-hard-010,ours,hard,primary,True,False,3,slot-092-eval-hard-010-ours/attempt/data/rounds/round-03,32,4,3,3,0,0,0,705,0,0,True,54.78090832973724
93,eval-easy-023,generic,easy,primary,True,False,1,slot-093-eval-easy-023-generic/attempt/data/rounds/round-01,37,6,0,6,3,102,105,500,105,102,True,120.3404149986192
93,eval-easy-023,generic,easy,primary,True,False,2,slot-093-eval-easy-023-generic/attempt/data/rounds/round-02,37,6,0,6,0,4,4,500,4,4,True,73.70610495482818
93,eval-easy-023,generic,easy,primary,True,False,3,slot-093-eval-easy-023-generic/attempt/data/rounds/round-03,37,6,6,6,0,0,0,500,0,0,True,45.13926030616956
94,eval-easy-023,ours,easy,primary,True,False,1,slot-094-eval-easy-023-ours/attempt/data/rounds/round-01,38,7,0,7,6,101,108,541,108,102,True,123.66857774178024
94,eval-easy-023,ours,easy,primary,True,False,2,slot-094-eval-easy-023-ours/attempt/data/rounds/round-02,38,7,0,7,0,6,6,541,6,6,True,75.00878404344508
94,eval-easy-023,ours,easy,primary,True,False,3,slot-094-eval-easy-023-ours/attempt/data/rounds/round-03,38,7,7,7,0,0,0,541,0,0,True,45.49512727011319
95,eval-easy-002,generic,easy,primary,False,True,1,slot-095-eval-easy-002-generic/attempt/data/rounds/round-01,36,4,0,4,0,106,106,665,106,106,True,104.32327347057294
95,eval-easy-002,generic,easy,primary,False,True,2,slot-095-eval-easy-002-generic/attempt/data/rounds/round-02,36,4,0,4,0,4,4,665,6,6,True,64.46851997419404
95,eval-easy-002,generic,easy,primary,False,True,3,slot-095-eval-easy-002-generic/attempt/data/rounds/round-03,36,4,0,0,0,3,3,665,4,4,True,39.96283688729157
96,eval-easy-002,ours,easy,primary,True,False,1,slot-096-eval-easy-002-ours/attempt/data/rounds/round-01,36,6,0,6,0,105,105,664,105,105,True,110.11021215114766
96,eval-easy-002,ours,easy,primary,True,False,2,slot-096-eval-easy-002-ours/attempt/data/rounds/round-02,36,6,5,6,0,0,0,664,0,0,True,66.78521961713363
97,eval-easy-002,fixed,easy,secondary_baseline,True,False,1,slot-097-eval-easy-002-fixed/attempt/data/rounds/round-01,36,6,0,6,0,106,106,666,106,106,True,109.71674281086032
97,eval-easy-002,fixed,easy,secondary_baseline,True,False,2,slot-097-eval-easy-002-fixed/attempt/data/rounds/round-02,36,6,5,6,0,0,0,666,0,0,True,66.54656839859243
99,eval-moderate-028,ours,moderate,primary,True,False,1,slot-099-eval-moderate-028-ours/attempt/data/rounds/round-01,35,4,0,4,13,99,112,583,112,99,True,118.17714850580336
99,eval-moderate-028,ours,moderate,primary,True,False,2,slot-099-eval-moderate-028-ours/attempt/data/rounds/round-02,35,4,0,4,0,13,13,583,13,13,True,71.67806384618277
99,eval-moderate-028,ours,moderate,primary,True,False,3,slot-099-eval-moderate-028-ours/attempt/data/rounds/round-03,35,4,4,4,0,0,0,583,0,0,True,43.47494335154949
100,eval-moderate-028,generic,moderate,primary,True,False,1,slot-100-eval-moderate-028-generic/attempt/data/rounds/round-01,36,4,0,4,5,99,104,583,104,99,True,114.24245510292971
100,eval-moderate-028,generic,moderate,primary,True,False,2,slot-100-eval-moderate-028-generic/attempt/data/rounds/round-02,36,4,0,4,0,5,5,583,5,5,True,69.29155166077085
100,eval-moderate-028,generic,moderate,primary,True,False,3,slot-100-eval-moderate-028-generic/attempt/data/rounds/round-03,36,4,4,4,0,0,0,583,0,0,True,42.02745054131937
101,eval-hard-028,generic,hard,primary,False,True,1,slot-101-eval-hard-028-generic/attempt/data/rounds/round-01,33,4,0,4,76,104,183,664,183,107,True,150.0155117705169
101,eval-hard-028,generic,hard,primary,False,True,2,slot-101-eval-hard-028-generic/attempt/data/rounds/round-02,33,4,0,0,51,103,155,664,161,103,True,127.81356252083435
101,eval-hard-028,generic,hard,primary,False,True,3,slot-101-eval-hard-028-generic/attempt/data/rounds/round-03,33,4,0,0,1,89,93,664,93,92,True,98.33580280870143
102,eval-hard-028,ours,hard,primary,True,False,1,slot-102-eval-hard-028-ours/attempt/data/rounds/round-01,34,4,0,4,77,101,183,664,183,106,True,148.8024504510916
102,eval-hard-028,ours,hard,primary,True,False,2,slot-102-eval-hard-028-ours/attempt/data/rounds/round-02,34,4,0,3,0,77,77,664,77,77,True,91.04018711953178
102,eval-hard-028,ours,hard,primary,True,False,3,slot-102-eval-hard-028-ours/attempt/data/rounds/round-03,34,4,3,3,0,0,0,664,0,0,True,56.88922328375955
103,eval-moderate-013,ours,moderate,primary,True,False,1,slot-103-eval-moderate-013-ours/attempt/data/rounds/round-01,34,4,0,4,0,108,108,625,108,108,True,101.40572159574555
103,eval-moderate-013,ours,moderate,primary,True,False,2,slot-103-eval-moderate-013-ours/attempt/data/rounds/round-02,34,4,2,4,0,0,0,625,0,0,True,61.50567921810318
104,eval-moderate-013,generic,moderate,primary,True,False,1,slot-104-eval-moderate-013-generic/attempt/data/rounds/round-01,35,5,0,5,2,108,110,626,110,108,True,112.01225225545816
104,eval-moderate-013,generic,moderate,primary,True,False,2,slot-104-eval-moderate-013-generic/attempt/data/rounds/round-02,35,5,0,5,0,3,3,626,3,3,True,68.41616769348335
104,eval-moderate-013,generic,moderate,primary,True,False,3,slot-104-eval-moderate-013-generic/attempt/data/rounds/round-03,35,5,5,5,0,0,0,626,0,0,True,41.64125260716162
105,eval-hard-017,ours,hard,primary,True,False,1,slot-105-eval-hard-017-ours/attempt/data/rounds/round-01,35,5,0,5,72,101,178,623,178,106,True,153.04816506908006
105,eval-hard-017,ours,hard,primary,True,False,2,slot-105-eval-hard-017-ours/attempt/data/rounds/round-02,35,5,0,4,0,77,77,623,77,77,True,96.46630975838232
105,eval-hard-017,ours,hard,primary,True,False,3,slot-105-eval-hard-017-ours/attempt/data/rounds/round-03,35,5,4,4,0,0,0,623,0,0,True,58.50977449779488
106,eval-hard-017,generic,hard,primary,False,True,1,slot-106-eval-hard-017-generic/attempt/data/rounds/round-01,34,5,0,5,76,101,178,583,178,102,True,144.98285847195373
106,eval-hard-017,generic,hard,primary,False,True,2,slot-106-eval-hard-017-generic/attempt/data/rounds/round-02,34,5,0,0,1,87,89,583,89,87,True,95.76064672050134
106,eval-hard-017,generic,hard,primary,False,True,3,slot-106-eval-hard-017-generic/attempt/data/rounds/round-03,34,5,0,0,0,12,12,583,13,13,True,64.7254581335159
107,eval-easy-031,generic,easy,primary,True,False,1,slot-107-eval-easy-031-generic/attempt/data/rounds/round-01,33,6,0,6,2,102,107,542,107,104,True,113.12735367919393
107,eval-easy-031,generic,easy,primary,True,False,2,slot-107-eval-easy-031-generic/attempt/data/rounds/round-02,33,6,0,6,0,5,5,542,6,6,True,69.56981333275068
107,eval-easy-031,generic,easy,primary,True,False,3,slot-107-eval-easy-031-generic/attempt/data/rounds/round-03,33,6,5,5,0,0,0,542,0,0,True,42.86912383840826
108,eval-easy-031,ours,easy,primary,True,False,1,slot-108-eval-easy-031-ours/attempt/data/rounds/round-01,32,7,0,7,1,101,104,501,104,102,True,112.55347631804449
108,eval-easy-031,ours,easy,primary,True,False,2,slot-108-eval-easy-031-ours/attempt/data/rounds/round-02,32,7,0,7,0,1,1,501,2,2,True,68.26713424413379
108,eval-easy-031,ours,easy,primary,True,False,3,slot-108-eval-easy-031-ours/attempt/data/rounds/round-03,32,7,7,7,0,0,0,501,0,0,True,41.40610996978537
109,eval-moderate-001,ours,moderate,primary,True,False,1,slot-109-eval-moderate-001-ours/attempt/data/rounds/round-01,36,5,0,5,5,96,103,584,103,96,True,109.91429235976868
109,eval-moderate-001,ours,moderate,primary,True,False,2,slot-109-eval-moderate-001-ours/attempt/data/rounds/round-02,36,5,0,5,0,6,6,584,7,7,True,66.90503947535896
109,eval-moderate-001,ours,moderate,primary,True,False,3,slot-109-eval-moderate-001-ours/attempt/data/rounds/round-03,36,5,5,5,0,0,0,584,0,0,True,40.579957731089245
110,eval-moderate-001,generic,moderate,primary,True,False,1,slot-110-eval-moderate-001-generic/attempt/data/rounds/round-01,35,5,0,5,12,102,114,624,114,102,True,116.45551642235499
110,eval-moderate-001,generic,moderate,primary,True,False,2,slot-110-eval-moderate-001-generic/attempt/data/rounds/round-02,35,5,0,5,0,13,13,624,13,13,True,70.87249242136757
110,eval-moderate-001,generic,moderate,primary,True,False,3,slot-110-eval-moderate-001-generic/attempt/data/rounds/round-03,35,5,5,5,0,0,0,624,0,0,True,43.42058742687973
112,eval-moderate-001,fixed,moderate,secondary_baseline,False,False,1,slot-112-eval-moderate-001-fixed/attempt/data/rounds/round-01,35,5,0,5,8,102,110,624,110,102,True,114.48816972091815
113,eval-moderate-009,generic,moderate,primary,True,False,1,slot-113-eval-moderate-009-generic/attempt/data/rounds/round-01,35,5,0,5,0,105,105,584,105,105,True,105.47102819287188
113,eval-moderate-009,generic,moderate,primary,True,False,2,slot-113-eval-moderate-009-generic/attempt/data/rounds/round-02,35,5,0,5,0,2,2,584,2,2,True,64.6873659660159
113,eval-moderate-009,generic,moderate,primary,True,False,3,slot-113-eval-moderate-009-generic/attempt/data/rounds/round-03,35,5,5,5,0,0,0,584,0,0,True,39.81386787853223
114,eval-moderate-009,ours,moderate,primary,True,False,1,slot-114-eval-moderate-009-ours/attempt/data/rounds/round-01,35,5,0,5,0,106,106,585,106,106,True,103.89715083172241
114,eval-moderate-009,ours,moderate,primary,True,False,2,slot-114-eval-moderate-009-ours/attempt/data/rounds/round-02,35,5,4,5,0,0,0,585,0,0,True,63.01680743622757
115,eval-hard-026,generic,hard,primary,True,False,1,slot-115-eval-hard-026-generic/attempt/data/rounds/round-01,36,5,0,5,79,99,178,582,178,99,True,155.95020517339057
115,eval-hard-026,generic,hard,primary,True,False,2,slot-115-eval-hard-026-generic/attempt/data/rounds/round-02,36,5,0,2,0,82,83,582,83,82,True,98.77477351939582
115,eval-hard-026,generic,hard,primary,True,False,3,slot-115-eval-hard-026-generic/attempt/data/rounds/round-03,36,5,1,1,0,0,0,582,4,3,True,63.22534946157407
116,eval-hard-026,ours,hard,primary,True,False,1,slot-116-eval-hard-026-ours/attempt/data/rounds/round-01,36,5,0,5,78,99,177,582,177,99,True,155.5567358331032
116,eval-hard-026,ours,hard,primary,True,False,2,slot-116-eval-hard-026-ours/attempt/data/rounds/round-02,36,5,0,5,0,78,78,582,78,78,True,94.34992960759593
116,eval-hard-026,ours,hard,primary,True,False,3,slot-116-eval-hard-026-ours/attempt/data/rounds/round-03,36,5,5,5,0,0,0,582,0,0,True,57.22612504873568
117,eval-easy-035,ours,easy,primary,True,False,1,slot-117-eval-easy-035-ours/attempt/data/rounds/round-01,35,5,0,5,0,102,102,583,102,102,True,105.76653763746975
117,eval-easy-035,ours,easy,primary,True,False,2,slot-117-eval-easy-035-ours/attempt/data/rounds/round-02,35,5,4,5,0,0,0,583,0,0,True,64.1506478487756
118,eval-easy-035,generic,easy,primary,True,False,1,slot-118-eval-easy-035-generic/attempt/data/rounds/round-01,36,6,0,6,0,103,103,623,103,103,True,112.61878291517081
118,eval-easy-035,generic,easy,primary,True,False,2,slot-118-eval-easy-035-generic/attempt/data/rounds/round-02,36,6,0,6,0,3,3,623,4,4,True,69.73865200881956
118,eval-easy-035,generic,easy,primary,True,False,3,slot-118-eval-easy-035-generic/attempt/data/rounds/round-03,36,6,6,6,0,0,0,623,0,0,True,42.298630610379085
121,eval-hard-020,ours,hard,primary,False,True,1,slot-121-eval-hard-020-ours/attempt/data/rounds/round-01,29,6,0,6,98,99,198,587,198,99,True,145.34969355257226
121,eval-hard-020,ours,hard,primary,False,True,2,slot-121-eval-hard-020-ours/attempt/data/rounds/round-02,29,5,0,0,10,98,108,587,112,99,True,97.77143343380946
121,eval-hard-020,ours,hard,primary,False,True,3,slot-121-eval-hard-020-ours/attempt/data/rounds/round-03,29,5,0,0,1,11,12,587,14,13,True,61.730466747524034
122,eval-hard-020,generic,hard,primary,False,True,1,slot-122-eval-hard-020-generic/attempt/data/rounds/round-01,33,13,0,13,78,88,166,747,166,88,True,173.59852210533313
122,eval-hard-020,generic,hard,primary,False,True,2,slot-122-eval-hard-020-generic/attempt/data/rounds/round-02,33,13,0,0,45,88,133,747,133,88,True,150.68529786977408
122,eval-hard-020,generic,hard,primary,False,True,3,slot-122-eval-hard-020-generic/attempt/data/rounds/round-03,33,13,0,0,41,56,97,747,97,56,True,134.82037815660013
123,eval-easy-024,ours,easy,primary,True,False,1,slot-123-eval-easy-024-ours/attempt/data/rounds/round-01,35,5,0,5,0,105,108,705,108,108,True,110.32327347057294
123,eval-easy-024,ours,easy,primary,True,False,2,slot-123-eval-easy-024-ours/attempt/data/rounds/round-02,35,5,3,5,0,0,0,705,0,0,True,66.91444783976388
124,eval-easy-024,generic,easy,primary,False,True,1,slot-124-eval-easy-024-generic/attempt/data/rounds/round-01,35,5,0,5,2,107,110,705,110,108,True,112.83184423459608
124,eval-easy-024,generic,easy,primary,False,True,2,slot-124-eval-easy-024-generic/attempt/data/rounds/round-02,35,5,0,5,0,5,5,705,5,5,True,70.106531449991
124,eval-easy-024,generic,easy,primary,False,True,3,slot-124-eval-easy-024-generic/attempt/data/rounds/round-03,35,5,0,0,0,1,1,705,1,1,True,43.049910551114735
125,eval-moderate-020,generic,moderate,primary,True,False,1,slot-125-eval-moderate-020-generic/attempt/data/rounds/round-01,36,4,0,4,0,102,102,624,102,102,True,102.16000697775712
125,eval-moderate-020,generic,moderate,primary,True,False,2,slot-125-eval-moderate-020-generic/attempt/data/rounds/round-02,36,4,2,4,0,0,0,624,0,0,True,62.20182764700745
126,eval-moderate-020,ours,moderate,primary,True,False,1,slot-126-eval-moderate-020-ours/attempt/data/rounds/round-01,36,5,0,5,0,102,102,624,102,102,True,105.58612961660765
126,eval-moderate-020,ours,moderate,primary,True,False,2,slot-126-eval-moderate-020-ours/attempt/data/rounds/round-02,36,5,3,5,0,0,0,624,0,0,True,64.04122485286466
127,eval-hard-014,ours,hard,primary,False,True,1,slot-127-eval-hard-014-ours/attempt/data/rounds/round-01,29,6,0,6,91,99,190,748,190,99,True,148.7996995180929
127,eval-hard-014,ours,hard,primary,False,True,2,slot-127-eval-hard-014-ours/attempt/data/rounds/round-02,29,6,0,0,29,97,128,748,147,97,True,115.97266891486026
127,eval-hard-014,ours,hard,primary,False,True,3,slot-127-eval-hard-014-ours/attempt/data/rounds/round-03,29,6,0,0,11,29,40,748,85,51,True,85.39001577634752
128,eval-hard-014,generic,hard,primary,False,False,1,slot-128-eval-hard-014-generic/attempt/data/rounds/round-01,32,6,0,6,90,106,198,664,198,108,True,173.13061319425267
128,eval-hard-014,generic,hard,primary,False,False,2,slot-128-eval-hard-014-generic/attempt/data/rounds/round-02,32,6,0,6,0,96,96,664,98,98,True,106.91823478549234
128,eval-hard-014,generic,hard,primary,False,False,3,slot-128-eval-hard-014-generic/attempt/data/rounds/round-03,32,6,2,2,0,0,0,664,8,8,True,66.75839722808443
129,eval-easy-005,ours,easy,primary,True,False,1,slot-129-eval-easy-005-ours/attempt/data/rounds/round-01,34,5,0,5,0,106,106,665,106,106,True,111.83184423459608
129,eval-easy-005,ours,easy,primary,True,False,2,slot-129-eval-easy-005-ours/attempt/data/rounds/round-02,34,5,2,5,0,0,0,665,0,0,True,67.82944226049003
130,eval-easy-005,generic,easy,primary,True,False,1,slot-130-eval-easy-005-generic/attempt/data/rounds/round-01,34,5,0,5,0,105,105,665,105,105,True,110.65143621373397
130,eval-easy-005,generic,easy,primary,True,False,2,slot-130-eval-easy-005-generic/attempt/data/rounds/round-02,34,5,3,5,0,0,0,665,0,0,True,67.11348860486645
131,eval-easy-018,ours,easy,primary,True,False,1,slot-131-eval-easy-018-ours-replacement-1/attempt/data/rounds/round-01,33,5,0,5,0,105,105,584,105,105,True,106.86449753315924
131,eval-easy-018,ours,easy,primary,True,False,2,slot-131-eval-easy-018-ours-replacement-1/attempt/data/rounds/round-02,33,5,3,5,0,0,0,584,0,0,True,64.81659418864616
132,eval-easy-018,generic,easy,primary,True,False,1,slot-132-eval-easy-018-generic/attempt/data/rounds/round-01,35,5,0,5,0,105,105,584,105,105,True,105.86449753315925
132,eval-easy-018,generic,easy,primary,True,False,2,slot-132-eval-easy-018-generic/attempt/data/rounds/round-02,35,5,3,5,0,0,0,584,0,0,True,64.21006352893353
133,eval-hard-003,ours,hard,primary,False,True,1,slot-133-eval-hard-003-ours/attempt/data/rounds/round-01,33,5,0,5,86,88,174,587,174,88,True,133.10476069259852
133,eval-hard-003,ours,hard,primary,False,True,2,slot-133-eval-hard-003-ours/attempt/data/rounds/round-02,33,3,0,0,9,86,95,587,95,86,True,68.55638480262446
133,eval-hard-003,ours,hard,primary,False,True,3,slot-133-eval-hard-003-ours/attempt/data/rounds/round-03,33,3,0,0,4,9,13,587,13,9,True,44.335834683860554
134,eval-hard-003,generic,hard,primary,False,False,1,slot-134-eval-hard-003-generic/attempt/data/rounds/round-01,34,8,0,8,92,99,191,547,191,99,True,147.43929976426446
134,eval-hard-003,generic,hard,primary,False,False,2,slot-134-eval-hard-003-generic/attempt/data/rounds/round-02,34,8,0,0,65,99,167,547,170,99,True,132.86808610178807
135,eval-hard-003,no_occlusion,hard,secondary_ablation,False,True,1,slot-135-eval-hard-003-no_occlusion/attempt/data/rounds/round-01,35,6,0,6,86,88,174,587,174,88,True,147.43020567253993
135,eval-hard-003,no_occlusion,hard,secondary_ablation,False,True,2,slot-135-eval-hard-003-no_occlusion/attempt/data/rounds/round-02,35,6,0,0,58,86,147,587,147,86,True,123.84755534247711
135,eval-hard-003,no_occlusion,hard,secondary_ablation,False,True,3,slot-135-eval-hard-003-no_occlusion/attempt/data/rounds/round-03,35,6,0,0,58,59,117,587,123,62,True,109.78260609855295
136,eval-hard-003,no_cost,hard,secondary_ablation,False,True,1,slot-136-eval-hard-003-no_cost/attempt/data/rounds/round-01,33,7,0,7,88,88,176,547,176,88,True,151.64926389461982
136,eval-hard-003,no_cost,hard,secondary_ablation,False,True,2,slot-136-eval-hard-003-no_cost/attempt/data/rounds/round-02,33,6,0,0,9,88,97,547,97,88,True,96.25695859348912
136,eval-hard-003,no_cost,hard,secondary_ablation,False,True,3,slot-136-eval-hard-003-no_cost/attempt/data/rounds/round-03,33,6,0,0,7,9,16,547,16,9,True,71.81695495965724
137,eval-easy-030,ours,easy,primary,True,False,1,slot-137-eval-easy-030-ours/attempt/data/rounds/round-01,36,6,0,6,0,106,106,664,106,106,True,108.14286544971085
137,eval-easy-030,ours,easy,primary,True,False,2,slot-137-eval-easy-030-ours/attempt/data/rounds/round-02,36,6,5,6,0,0,0,664,0,0,True,65.59196352442767
138,eval-easy-030,generic,easy,primary,True,False,1,slot-138-eval-easy-030-generic/attempt/data/rounds/round-01,34,4,0,4,0,106,106,665,106,106,True,105.11021215114768
138,eval-easy-030,generic,easy,primary,True,False,2,slot-138-eval-easy-030-generic/attempt/data/rounds/round-02,34,4,0,4,0,2,2,665,2,2,True,64.46851997419404
138,eval-easy-030,generic,easy,primary,True,False,3,slot-138-eval-easy-030-generic/attempt/data/rounds/round-03,34,4,4,4,0,0,0,665,0,0,True,39.39163251269101
139,eval-easy-001,generic,easy,primary,True,False,1,slot-139-eval-easy-001-generic/attempt/data/rounds/round-01,35,5,0,5,0,102,107,543,107,106,True,114.01225225545818
139,eval-easy-001,generic,easy,primary,True,False,2,slot-139-eval-easy-001-generic/attempt/data/rounds/round-02,35,5,0,5,0,1,1,543,1,1,True,69.39057779436742
139,eval-easy-001,generic,easy,primary,True,False,3,slot-139-eval-easy-001-generic/attempt/data/rounds/round-03,35,5,5,5,0,0,0,543,0,0,True,42.08751292745848
140,eval-easy-001,ours,easy,primary,True,False,1,slot-140-eval-easy-001-ours/attempt/data/rounds/round-01,34,3,0,3,2,102,108,543,108,106,True,104.91429235976867
140,eval-easy-001,ours,easy,primary,True,False,2,slot-140-eval-easy-001-ours/attempt/data/rounds/round-02,34,3,0,3,0,2,2,543,2,2,True,63.63373495825459
140,eval-easy-001,ours,easy,primary,True,False,3,slot-140-eval-easy-001-ours/attempt/data/rounds/round-03,34,3,3,3,0,0,0,543,0,0,True,38.595811244209024
141,eval-easy-001,fixed,easy,secondary_baseline,False,False,1,slot-141-eval-easy-001-fixed/attempt/data/rounds/round-01,35,5,0,5,0,102,108,624,108,108,True,115.19266027632028
143,eval-moderate-006,generic,moderate,primary,True,False,1,slot-143-eval-moderate-006-generic/attempt/data/rounds/round-01,36,5,0,5,0,99,99,583,99,99,True,103.01225225545816
143,eval-moderate-006,generic,moderate,primary,True,False,2,slot-143-eval-moderate-006-generic/attempt/data/rounds/round-02,36,5,0,5,0,1,1,583,1,1,True,62.95739175606964
143,eval-moderate-006,generic,moderate,primary,True,False,3,slot-143-eval-moderate-006-generic/attempt/data/rounds/round-03,36,5,5,5,0,0,0,583,0,0,True,38.33033763661864
144,eval-moderate-006,ours,moderate,primary,True,False,1,slot-144-eval-moderate-006-ours/attempt/data/rounds/round-01,35,4,0,4,0,105,105,623,105,105,True,103.79919093603291
144,eval-moderate-006,ours,moderate,primary,True,False,2,slot-144-eval-moderate-006-ours/attempt/data/rounds/round-02,35,4,3,4,0,0,0,623,0,0,True,62.95739175606964
145,eval-moderate-012,ours,moderate,primary,True,False,1,slot-145-eval-moderate-012-ours/attempt/data/rounds/round-01,33,4,0,4,0,106,106,625,106,106,True,95.61878291517081
145,eval-moderate-012,ours,moderate,primary,True,False,2,slot-145-eval-moderate-012-ours/attempt/data/rounds/round-02,33,4,2,4,0,0,0,625,1,1,True,58.23437470099883
146,eval-moderate-012,generic,moderate,primary,True,False,1,slot-146-eval-moderate-012-generic/attempt/data/rounds/round-01,34,5,0,5,0,105,105,706,105,105,True,105.04490555402134
146,eval-moderate-012,generic,moderate,primary,True,False,2,slot-146-eval-moderate-012-generic/attempt/data/rounds/round-02,34,5,0,5,0,1,1,706,2,2,True,64.19025830221423
146,eval-moderate-012,generic,moderate,primary,True,False,3,slot-146-eval-moderate-012-generic/attempt/data/rounds/round-03,34,5,5,5,0,0,0,706,0,0,True,39.36760755823538
147,eval-moderate-019,ours,moderate,primary,True,False,1,slot-147-eval-moderate-019-ours/attempt/data/rounds/round-01,35,6,0,6,0,106,106,666,106,106,True,108.14286544971085
147,eval-moderate-019,ours,moderate,primary,True,False,2,slot-147-eval-moderate-019-ours/attempt/data/rounds/round-02,35,6,5,6,0,0,0,666,0,0,True,65.59196352442767
148,eval-moderate-019,generic,moderate,primary,True,False,1,slot-148-eval-moderate-019-generic/attempt/data/rounds/round-01,36,4,0,4,0,106,106,665,106,106,True,105.11021215114768
148,eval-moderate-019,generic,moderate,primary,True,False,2,slot-148-eval-moderate-019-generic/attempt/data/rounds/round-02,36,4,0,4,0,3,3,665,3,3,True,64.70717119273523
148,eval-moderate-019,generic,moderate,primary,True,False,3,slot-148-eval-moderate-019-generic/attempt/data/rounds/round-03,36,4,3,3,0,0,0,665,0,0,True,39.53638179371403
149,eval-hard-016,generic,hard,primary,False,True,1,slot-149-eval-hard-016-generic/attempt/data/rounds/round-01,31,6,0,6,73,102,176,749,176,103,True,145.28628715430762
149,eval-hard-016,generic,hard,primary,False,True,2,slot-149-eval-hard-016-generic/attempt/data/rounds/round-02,31,6,0,0,47,102,150,749,150,103,True,131.27271002696696
149,eval-hard-016,generic,hard,primary,False,True,3,slot-149-eval-hard-016-generic/attempt/data/rounds/round-03,31,6,0,0,45,74,125,749,125,80,True,122.08698801424379
150,eval-hard-016,ours,hard,primary,True,False,1,slot-150-eval-hard-016-ours/attempt/data/rounds/round-01,36,4,0,4,81,99,180,500,180,99,True,154.7371438539653
150,eval-hard-016,ours,hard,primary,True,False,2,slot-150-eval-hard-016-ours/attempt/data/rounds/round-02,36,4,0,4,0,81,81,500,81,81,True,93.85282194379423
150,eval-hard-016,ours,hard,primary,True,False,3,slot-150-eval-hard-016-ours/attempt/data/rounds/round-03,36,4,4,4,0,0,0,500,0,0,True,56.924614009461834
154,eval-hard-001,fixed,hard,secondary_baseline,False,True,1,slot-154-eval-hard-001-fixed/attempt/data/rounds/round-01,31,9,0,9,94,96,190,707,190,96,True,144.31875675051245
154,eval-hard-001,fixed,hard,secondary_baseline,False,True,2,slot-154-eval-hard-001-fixed/attempt/data/rounds/round-02,31,9,0,0,94,96,190,707,190,96,True,144.31875675051245
154,eval-hard-001,fixed,hard,secondary_baseline,False,True,3,slot-154-eval-hard-001-fixed/attempt/data/rounds/round-03,31,9,0,0,94,96,190,707,190,96,True,144.31875675051245
157,eval-easy-028,generic,easy,primary,False,False,1,slot-157-eval-easy-028-generic/attempt/data/rounds/round-01,35,4,0,4,5,99,104,583,104,99,True,114.63592444321708
157,eval-easy-028,generic,easy,primary,False,False,2,slot-157-eval-easy-028-generic/attempt/data/rounds/round-02,35,4,0,2,0,9,10,583,10,9,True,71.51039765259273
157,eval-easy-028,generic,easy,primary,False,False,3,slot-157-eval-easy-028-generic/attempt/data/rounds/round-03,35,4,2,2,0,0,0,583,1,1,True,43.37324866453983
158,eval-easy-028,ours,easy,primary,False,False,1,slot-158-eval-easy-028-ours/attempt/data/rounds/round-01,34,3,0,3,2,102,104,541,104,102,True,84.27510840149287
158,eval-easy-028,ours,easy,primary,False,False,2,slot-158-eval-easy-028-ours/attempt/data/rounds/round-02,34,3,0,3,0,2,2,541,2,2,True,51.11543709611117
158,eval-easy-028,ours,easy,primary,False,False,3,slot-158-eval-easy-028-ours/attempt/data/rounds/round-03,34,3,3,3,0,0,0,541,0,0,True,31.00307978340392
159,eval-hard-019,ours,hard,primary,True,False,1,slot-159-eval-hard-019-ours/attempt/data/rounds/round-01,34,5,0,5,93,105,200,664,200,107,True,164.34367451367794
159,eval-hard-019,ours,hard,primary,True,False,2,slot-159-eval-hard-019-ours/attempt/data/rounds/round-02,34,3,0,3,0,94,94,664,94,94,True,92.14265296056728
159,eval-hard-019,ours,hard,primary,True,False,3,slot-159-eval-hard-019-ours/attempt/data/rounds/round-03,34,3,3,3,0,0,0,664,0,0,True,55.887344087845094
160,eval-hard-019,generic,hard,primary,False,True,1,slot-160-eval-hard-019-generic/attempt/data/rounds/round-01,33,3,0,3,98,106,204,547,204,106,True,103.65595419484632
160,eval-hard-019,generic,hard,primary,False,True,2,slot-160-eval-hard-019-generic/attempt/data/rounds/round-02,33,3,0,0,23,98,121,547,121,98,True,72.82301271449306
160,eval-hard-019,generic,hard,primary,False,True,3,slot-160-eval-hard-019-generic/attempt/data/rounds/round-03,33,3,0,0,23,25,48,547,48,25,True,54.37062615011201
161,eval-easy-021,generic,easy,primary,True,False,1,slot-161-eval-easy-021-generic/attempt/data/rounds/round-01,36,6,0,6,0,103,103,623,103,103,True,116.979598956895
161,eval-easy-021,generic,easy,primary,True,False,2,slot-161-eval-easy-021-generic/attempt/data/rounds/round-02,36,6,1,6,0,0,0,623,2,2,True,71.42901576532721
162,eval-easy-021,ours,easy,primary,True,False,1,slot-162-eval-easy-021-ours/attempt/data/rounds/round-01,34,4,0,4,0,105,108,583,108,108,True,107.73388433890656
162,eval-easy-021,ours,easy,primary,True,False,2,slot-162-eval-easy-021-ours/attempt/data/rounds/round-02,34,4,1,4,0,0,0,583,0,0,True,65.34390394148156
163,eval-moderate-027,generic,moderate,primary,False,False,1,slot-163-eval-moderate-027-generic/attempt/data/rounds/round-01,34,5,0,5,0,99,99,624,99,99,True,109.29062017200978
163,eval-moderate-027,generic,moderate,primary,False,False,2,slot-163-eval-moderate-027-generic/attempt/data/rounds/round-02,34,5,2,5,0,0,0,624,0,0,True,66.52676317187313
164,eval-moderate-027,ours,moderate,primary,True,False,1,slot-164-eval-moderate-027-ours/attempt/data/rounds/round-01,36,6,0,6,0,88,88,624,88,88,True,106.07755885258452
164,eval-moderate-027,ours,moderate,primary,True,False,2,slot-164-eval-moderate-027-ours/attempt/data/rounds/round-02,36,6,4,6,0,0,0,624,0,0,True,64.33929175156378
165,eval-easy-010,ours,easy,primary,False,False,1,slot-165-eval-easy-010-ours/attempt/data/rounds/round-01,35,4,0,4,0,104,104,583,104,104,True,100.40572159574555
165,eval-easy-010,ours,easy,primary,False,False,2,slot-165-eval-easy-010-ours/attempt/data/rounds/round-02,35,4,3,4,0,0,0,583,0,0,True,60.89914855839055
166,eval-easy-010,generic,easy,primary,True,False,1,slot-166-eval-easy-010-generic/attempt/data/rounds/round-01,35,5,0,5,0,104,104,583,104,104,True,109.94694565833183
166,eval-easy-010,generic,easy,primary,True,False,2,slot-166-eval-easy-010-generic/attempt/data/rounds/round-02,35,5,0,5,0,1,1,583,1,1,True,66.92484470207827
166,eval-easy-010,generic,easy,primary,True,False,3,slot-166-eval-easy-010-generic/attempt/data/rounds/round-03,35,5,5,5,0,0,0,583,0,0,True,40.73671948934008
167,eval-moderate-005,ours,moderate,primary,True,False,1,slot-167-eval-moderate-005-ours/attempt/data/rounds/round-01,36,6,0,6,0,105,105,623,105,105,True,111.175518748274
167,eval-moderate-005,ours,moderate,primary,True,False,2,slot-167-eval-moderate-005-ours/attempt/data/rounds/round-02,36,6,5,6,0,0,0,623,0,0,True,67.4313607302849
168,eval-moderate-005,generic,moderate,primary,True,False,1,slot-168-eval-moderate-005-generic/attempt/data/rounds/round-01,35,5,0,5,0,106,106,663,106,106,True,107.3559267691361
168,eval-moderate-005,generic,moderate,primary,True,False,2,slot-168-eval-moderate-005-generic/attempt/data/rounds/round-02,35,5,0,5,0,1,1,663,1,1,True,65.35331230588648
168,eval-moderate-005,generic,moderate,primary,True,False,3,slot-168-eval-moderate-005-generic/attempt/data/rounds/round-03,35,5,5,5,0,0,0,663,0,0,True,39.63878762729509
169,eval-moderate-017,generic,moderate,primary,False,False,1,slot-169-eval-moderate-017-generic/attempt/data/rounds/round-01,33,4,0,4,0,103,103,583,103,103,True,101.79919093603291
169,eval-moderate-017,generic,moderate,primary,False,False,2,slot-169-eval-moderate-017-generic/attempt/data/rounds/round-02,33,4,0,4,0,1,1,583,1,1,True,62.22163287372677
169,eval-moderate-017,generic,moderate,primary,False,False,3,slot-169-eval-moderate-017-generic/attempt/data/rounds/round-03,33,4,4,4,0,0,0,583,0,0,True,38.31832515939082
170,eval-moderate-017,ours,moderate,primary,False,False,1,slot-170-eval-moderate-017-ours/attempt/data/rounds/round-01,29,25,0,25,55,88,149,546,149,88,True,216.2893732159282
170,eval-moderate-017,ours,moderate,primary,False,False,2,slot-170-eval-moderate-017-ours/attempt/data/rounds/round-02,29,25,0,21,0,55,55,546,61,61,True,132.00822259627336
170,eval-moderate-017,ours,moderate,primary,False,False,3,slot-170-eval-moderate-017-ours/attempt/data/rounds/round-03,29,25,21,21,0,0,0,546,0,0,True,80.662796555581
171,eval-hard-021,generic,hard,primary,False,True,1,slot-171-eval-hard-021-generic/attempt/data/rounds/round-01,33,3,0,3,65,106,171,705,171,106,True,137.2938796870685
171,eval-hard-021,generic,hard,primary,False,True,2,slot-171-eval-hard-021-generic/attempt/data/rounds/round-02,33,3,0,0,1,90,92,705,92,90,True,90.98077143937387
171,eval-hard-021,generic,hard,primary,False,True,3,slot-171-eval-hard-021-generic/attempt/data/rounds/round-03,33,3,0,0,0,14,14,705,27,26,True,62.641731281292664
172,eval-hard-021,ours,hard,primary,True,False,1,slot-172-eval-hard-021-ours/attempt/data/rounds/round-01,34,5,0,5,68,105,173,705,173,105,True,153.26122638850535
172,eval-hard-021,ours,hard,primary,True,False,2,slot-172-eval-hard-021-ours/attempt/data/rounds/round-02,34,5,0,5,0,68,68,705,68,68,True,92.95763274978741
172,eval-hard-021,ours,hard,primary,True,False,3,slot-172-eval-hard-021-ours/attempt/data/rounds/round-03,34,5,5,5,0,0,0,705,0,0,True,56.38165431705325
173,eval-easy-008,generic,easy,primary,True,False,1,slot-173-eval-easy-008-generic/attempt/data/rounds/round-01,35,5,0,5,0,107,108,705,108,108,True,108.11021215114766
173,eval-easy-008,generic,easy,primary,True,False,2,slot-173-eval-easy-008-generic/attempt/data/rounds/round-02,35,5,0,5,0,2,2,705,3,3,True,66.28811195333193
173,eval-easy-008,generic,easy,primary,True,False,3,slot-173-eval-easy-008-generic/attempt/data/rounds/round-03,35,5,5,5,0,0,0,705,0,0,True,40.20577227415933
174,eval-easy-008,ours,easy,primary,True,False,1,slot-174-eval-easy-008-ours/attempt/data/rounds/round-01,35,5,0,5,0,107,108,705,108,108,True,108.50368149143503
174,eval-easy-008,ours,easy,primary,True,False,2,slot-174-eval-easy-008-ours/attempt/data/rounds/round-02,35,5,3,5,0,0,0,705,0,0,True,65.81080951624955
175,eval-moderate-007,ours,moderate,primary,True,False,1,slot-175-eval-moderate-007-ours/attempt/data/rounds/round-01,34,5,0,5,0,107,107,584,107,107,True,102.89715083172241
175,eval-moderate-007,ours,moderate,primary,True,False,2,slot-175-eval-moderate-007-ours/attempt/data/rounds/round-02,34,5,4,5,0,0,0,584,0,0,True,62.41027677651494
176,eval-moderate-007,generic,moderate,primary,True,False,1,slot-176-eval-moderate-007-generic/attempt/data/rounds/round-01,34,5,0,5,0,106,106,622,106,106,True,102.0775588525845
176,eval-moderate-007,generic,moderate,primary,True,False,2,slot-176-eval-moderate-007-generic/attempt/data/rounds/round-02,34,5,1,5,0,0,0,622,1,1,True,62.15182033125444
177,eval-easy-017,ours,easy,primary,True,False,1,slot-177-eval-easy-017-ours/attempt/data/rounds/round-01,35,4,0,4,0,88,88,624,88,88,True,95.12735367919394
177,eval-easy-017,ours,easy,primary,True,False,2,slot-177-eval-easy-017-ours/attempt/data/rounds/round-02,35,4,3,4,0,0,0,624,0,0,True,57.69765658375851
178,eval-easy-017,generic,easy,primary,True,False,1,slot-178-eval-easy-017-generic/attempt/data/rounds/round-01,35,5,0,5,2,88,90,624,90,88,True,107.52082301948131
178,eval-easy-017,generic,easy,primary,True,False,2,slot-178-eval-easy-017-generic/attempt/data/rounds/round-02,35,5,0,5,0,3,3,624,7,7,True,66.40793181155726
178,eval-easy-017,generic,easy,primary,True,False,3,slot-178-eval-easy-017-generic/attempt/data/rounds/round-03,35,5,5,5,0,0,0,624,0,0,True,40.2784466918154
179,eval-hard-025,ours,hard,primary,False,False,1,slot-179-eval-hard-025-ours/attempt/data/rounds/round-01,35,5,0,5,94,102,196,623,196,102,True,165.70449055540212
179,eval-hard-025,ours,hard,primary,False,False,2,slot-179-eval-hard-025-ours/attempt/data/rounds/round-02,35,5,0,4,0,94,94,623,94,94,True,102.31738255360455
179,eval-hard-025,ours,hard,primary,False,False,3,slot-179-eval-hard-025-ours/attempt/data/rounds/round-03,35,5,4,4,0,0,0,623,0,0,True,63.63250690145712
180,eval-hard-025,generic,hard,primary,False,True,1,slot-180-eval-hard-025-generic/attempt/data/rounds/round-01,35,6,0,6,98,99,198,583,198,99,True,157.70449055540212
180,eval-hard-025,generic,hard,primary,False,True,2,slot-180-eval-hard-025-generic/attempt/data/rounds/round-02,35,6,0,0,89,98,187,583,190,99,True,152.0154055259451
180,eval-hard-025,generic,hard,primary,False,True,3,slot-180-eval-hard-025-generic/attempt/data/rounds/round-03,35,6,0,0,2,89,91,583,93,91,True,94.40800212011301
181,eval-easy-025,ours,easy,primary,True,False,1,slot-181-eval-easy-025-ours/attempt/data/rounds/round-01,37,5,0,5,2,103,109,543,109,107,True,112.19266027632028
181,eval-easy-025,ours,easy,primary,True,False,2,slot-181-eval-easy-025-ours/attempt/data/rounds/round-02,37,5,0,5,0,2,2,543,2,2,True,68.0482882523119
181,eval-easy-025,ours,easy,primary,True,False,3,slot-181-eval-easy-025-ours/attempt/data/rounds/round-03,37,5,5,5,0,0,0,543,0,0,True,41.27337316599017
182,eval-easy-025,generic,easy,primary,True,False,1,slot-182-eval-easy-025-generic/attempt/data/rounds/round-01,35,4,0,4,0,103,106,543,106,106,True,105.97959895689502
182,eval-easy-025,generic,easy,primary,True,False,2,slot-182-eval-easy-025-generic/attempt/data/rounds/round-02,35,4,0,4,0,1,1,543,1,1,True,64.75717850848824
182,eval-easy-025,generic,easy,primary,True,False,3,slot-182-eval-easy-025-generic/attempt/data/rounds/round-03,35,4,4,4,0,0,0,543,0,0,True,39.56671276392816
183,eval-hard-005,generic,hard,primary,False,True,1,slot-183-eval-hard-005-generic/attempt/data/rounds/round-01,35,4,0,4,43,99,144,624,144,99,True,136.8506155201717
183,eval-hard-005,generic,hard,primary,False,True,2,slot-183-eval-hard-005-generic/attempt/data/rounds/round-02,35,4,0,0,1,71,72,624,72,71,True,93.25324843895707
183,eval-hard-005,generic,hard,primary,False,True,3,slot-183-eval-hard-005-generic/attempt/data/rounds/round-03,35,4,0,0,0,22,22,624,26,26,True,66.2187665654072
184,eval-hard-005,ours,hard,primary,False,False,1,slot-184-eval-hard-005-ours/attempt/data/rounds/round-01,34,5,0,5,44,99,145,624,145,99,True,143.24408486045905
184,eval-hard-005,ours,hard,primary,False,False,2,slot-184-eval-hard-005-ours/attempt/data/rounds/round-02,34,5,0,4,0,54,54,624,54,54,True,91.80977178291668
184,eval-hard-005,ours,hard,primary,False,False,3,slot-184-eval-hard-005-ours/attempt/data/rounds/round-03,34,5,3,3,0,0,0,624,0,0,True,58.310604851511876
185,eval-moderate-014,ours,moderate,primary,True,False,1,slot-185-eval-moderate-014-ours/attempt/data/rounds/round-01,32,6,0,6,1,104,105,665,105,104,True,110.83184423459608
185,eval-moderate-014,ours,moderate,primary,True,False,2,slot-185-eval-moderate-014-ours/attempt/data/rounds/round-02,32,6,0,6,0,1,1,665,1,1,True,67.2229116007774
185,eval-moderate-014,ours,moderate,primary,True,False,3,slot-185-eval-moderate-014-ours/attempt/data/rounds/round-03,32,6,6,6,0,0,0,665,0,0,True,40.77275692102354
186,eval-moderate-014,generic,moderate,primary,True,False,1,slot-186-eval-moderate-014-generic/attempt/data/rounds/round-01,30,6,0,6,1,105,106,665,106,105,True,111.43837489430872
186,eval-moderate-014,generic,moderate,primary,True,False,2,slot-186-eval-moderate-014-generic/attempt/data/rounds/round-02,30,6,0,6,0,5,5,665,5,5,True,69.02269835319598
186,eval-moderate-014,generic,moderate,primary,True,False,3,slot-186-eval-moderate-014-generic/attempt/data/rounds/round-03,30,6,4,4,0,0,0,665,0,0,True,42.10303398585125
187,eval-easy-007,ours,easy,primary,True,False,1,slot-187-eval-easy-007-ours/attempt/data/rounds/round-01,33,5,0,5,0,106,106,665,106,106,True,111.83184423459608
187,eval-easy-007,ours,easy,primary,True,False,2,slot-187-eval-easy-007-ours/attempt/data/rounds/round-02,33,5,1,5,0,0,0,665,0,0,True,68.06809347903122
188,eval-easy-007,generic,easy,primary,True,False,1,slot-188-eval-easy-007-generic/attempt/data/rounds/round-01,33,5,0,5,0,106,106,665,106,106,True,112.61878291517081
188,eval-easy-007,generic,easy,primary,True,False,2,slot-188-eval-easy-007-generic/attempt/data/rounds/round-02,33,5,0,5,0,1,1,665,1,1,True,68.78404713465478
188,eval-easy-007,generic,easy,primary,True,False,3,slot-188-eval-easy-007-generic/attempt/data/rounds/round-03,33,5,5,5,0,0,0,665,0,0,True,41.71963348628704
189,eval-easy-022,generic,easy,primary,True,False,1,slot-189-eval-easy-022-generic/attempt/data/rounds/round-01,36,4,0,4,0,99,99,583,99,99,True,107.94694565833184
189,eval-easy-022,generic,easy,primary,True,False,2,slot-189-eval-easy-022-generic/attempt/data/rounds/round-02,36,4,1,4,0,0,0,583,0,0,True,65.4731321641118
190,eval-easy-022,ours,easy,primary,True,False,1,slot-190-eval-easy-022-ours/attempt/data/rounds/round-01,36,4,0,4,0,99,99,583,99,99,True,110.30776170005603
190,eval-easy-022,ours,easy,primary,True,False,2,slot-190-eval-easy-022-ours/attempt/data/rounds/round-02,36,4,1,4,0,0,0,583,0,0,True,66.90503947535895
191,eval-hard-013,ours,hard,primary,True,False,1,slot-191-eval-hard-013-ours/attempt/data/rounds/round-01,32,5,0,5,87,102,195,705,195,108,True,160.95020517339057
191,eval-hard-013,ours,hard,primary,True,False,2,slot-191-eval-hard-013-ours/attempt/data/rounds/round-02,32,4,0,3,0,87,87,705,87,87,True,94.61417072525305
191,eval-hard-013,ours,hard,primary,True,False,3,slot-191-eval-hard-013-ours/attempt/data/rounds/round-03,32,4,3,3,0,0,0,705,0,0,True,59.689074476768354
192,eval-hard-013,generic,hard,primary,False,True,1,slot-192-eval-hard-013-generic/attempt/data/rounds/round-01,31,7,0,7,95,99,195,627,195,99,True,135.36051600536402
192,eval-hard-013,generic,hard,primary,False,True,2,slot-192-eval-hard-013-generic/attempt/data/rounds/round-02,31,7,0,0,27,99,126,627,134,99,True,102.43995965474787
192,eval-hard-013,generic,hard,primary,False,True,3,slot-192-eval-hard-013-generic/attempt/data/rounds/round-03,31,7,0,0,14,27,41,627,57,35,True,76.00945725511383
193,eval-moderate-021,generic,moderate,primary,False,False,1,slot-193-eval-moderate-021-generic/attempt/data/rounds/round-01,33,5,0,5,3,99,102,624,102,99,True,118.34041499861921
193,eval-moderate-021,generic,moderate,primary,False,False,2,slot-193-eval-moderate-021-generic/attempt/data/rounds/round-02,33,5,0,5,0,4,4,624,4,4,True,72.4930436354029
193,eval-moderate-021,generic,moderate,primary,False,False,3,slot-193-eval-moderate-021-generic/attempt/data/rounds/round-03,33,5,4,4,0,0,0,624,0,0,True,44.35265408032185
194,eval-moderate-021,ours,moderate,primary,True,False,1,slot-194-eval-moderate-021-ours/attempt/data/rounds/round-01,33,5,0,5,7,99,106,624,106,99,True,121.30776170005603
194,eval-moderate-021,ours,moderate,primary,True,False,2,slot-194-eval-moderate-021-ours/attempt/data/rounds/round-02,33,5,0,5,0,7,7,624,7,7,True,73.57687673219792
194,eval-moderate-021,ours,moderate,primary,True,False,3,slot-194-eval-moderate-021-ours/attempt/data/rounds/round-03,33,5,5,5,0,0,0,624,0,0,True,44.62663158397511
195,eval-easy-032,ours,easy,primary,True,False,1,slot-195-eval-easy-032-ours/attempt/data/rounds/round-01,32,4,0,4,0,102,102,583,102,102,True,104.94694565833184
195,eval-easy-032,ours,easy,primary,True,False,2,slot-195-eval-easy-032-ours/attempt/data/rounds/round-02,32,4,1,4,0,0,0,583,0,0,True,63.65354018497391
196,eval-easy-032,generic,easy,primary,True,False,1,slot-196-eval-easy-032-generic/attempt/data/rounds/round-01,35,5,0,5,2,106,108,665,108,106,True,112.40572159574553
196,eval-easy-032,generic,easy,primary,True,False,2,slot-196-eval-easy-032-generic/attempt/data/rounds/round-02,35,5,0,5,0,5,5,665,5,5,True,69.13212134910692
196,eval-easy-032,generic,easy,primary,True,False,3,slot-196-eval-easy-032-generic/attempt/data/rounds/round-03,35,5,5,5,0,0,0,665,0,0,True,41.930751169207646
197,eval-hard-029,generic,hard,primary,False,True,1,slot-197-eval-hard-029-generic/attempt/data/rounds/round-01,32,5,0,5,67,103,175,705,175,108,True,152.2938796870685
197,eval-hard-029,generic,hard,primary,False,True,2,slot-197-eval-hard-029-generic/attempt/data/rounds/round-02,32,5,0,0,54,97,152,705,152,97,True,130.93700607106797
197,eval-hard-029,generic,hard,primary,False,True,3,slot-197-eval-hard-029-generic/attempt/data/rounds/round-03,32,5,0,0,1,58,59,705,59,58,True,81.95863898024002
198,eval-hard-029,ours,hard,primary,True,False,1,slot-198-eval-hard-029-ours/attempt/data/rounds/round-01,33,5,0,5,73,106,181,705,181,108,True,152.8351037496548
198,eval-hard-029,ours,hard,primary,True,False,2,slot-198-eval-hard-029-ours/attempt/data/rounds/round-02,33,5,0,5,0,73,73,705,73,73,True,92.6991763045269
198,eval-hard-029,ours,hard,primary,True,False,3,slot-198-eval-hard-029-ours/attempt/data/rounds/round-03,33,5,5,5,0,0,0,705,0,0,True,56.36964183982543
199,eval-moderate-022,ours,moderate,primary,True,False,1,slot-199-eval-moderate-022-ours/attempt/data/rounds/round-01,38,7,0,7,2,102,104,581,104,102,True,123.5208230194813
199,eval-moderate-022,ours,moderate,primary,True,False,2,slot-199-eval-moderate-022-ours/attempt/data/rounds/round-02,38,7,0,7,0,2,2,581,2,2,True,74.91916627425344
199,eval-moderate-022,ours,moderate,primary,True,False,3,slot-199-eval-moderate-022-ours/attempt/data/rounds/round-03,38,7,7,7,0,0,0,581,0,0,True,45.44077134544341
200,eval-moderate-022,generic,moderate,primary,False,False,1,slot-200-eval-moderate-022-generic/attempt/data/rounds/round-01,38,7,0,7,3,101,105,541,105,102,True,122.48816972091814
200,eval-moderate-022,generic,moderate,primary,False,False,2,slot-200-eval-moderate-022-generic/attempt/data/rounds/round-02,38,7,0,7,0,3,3,541,3,3,True,74.2928303878215
200,eval-moderate-022,generic,moderate,primary,False,False,3,slot-200-eval-moderate-022-generic/attempt/data/rounds/round-03,38,7,7,7,0,0,0,541,0,0,True,45.06087942704415
201,eval-moderate-003,generic,moderate,primary,True,False,1,slot-201-eval-moderate-003-generic/attempt/data/rounds/round-01,30,6,0,6,0,104,104,665,104,104,True,106.11021215114768
201,eval-moderate-003,generic,moderate,primary,True,False,2,slot-201-eval-moderate-003-generic/attempt/data/rounds/round-02,30,6,1,6,0,0,0,665,1,1,True,64.59774819682428
202,eval-moderate-003,ours,moderate,primary,True,False,1,slot-202-eval-moderate-003-ours/attempt/data/rounds/round-01,31,6,0,6,0,105,105,665,105,105,True,105.11021215114768
202,eval-moderate-003,ours,moderate,primary,True,False,2,slot-202-eval-moderate-003-ours/attempt/data/rounds/round-02,31,6,4,6,0,0,0,665,0,0,True,63.752566318570466
203,eval-easy-020,ours,easy,primary,True,False,1,slot-203-eval-easy-020-ours/attempt/data/rounds/round-01,34,5,0,5,5,102,112,543,112,106,True,116.73388433890656
203,eval-easy-020,ours,easy,primary,True,False,2,slot-203-eval-easy-020-ours/attempt/data/rounds/round-02,34,5,0,5,0,5,5,543,6,6,True,70.80267987889526
203,eval-easy-020,ours,easy,primary,True,False,3,slot-203-eval-easy-020-ours/attempt/data/rounds/round-03,34,5,5,5,0,0,0,543,0,0,True,42.94399613636873
204,eval-easy-020,generic,easy,primary,True,False,1,slot-204-eval-easy-020-generic/attempt/data/rounds/round-01,33,4,0,4,0,102,102,583,102,102,True,105.3404149986192
204,eval-easy-020,generic,easy,primary,True,False,2,slot-204-eval-easy-020-generic/attempt/data/rounds/round-02,33,4,1,4,0,0,0,583,0,0,True,64.13084262205629
205,eval-hard-011,generic,hard,primary,True,False,1,slot-205-eval-hard-011-generic/attempt/data/rounds/round-01,35,5,0,5,83,88,171,542,171,88,True,153.55673583310318
205,eval-hard-011,generic,hard,primary,True,False,2,slot-205-eval-hard-011-generic/attempt/data/rounds/round-02,35,5,0,5,0,83,83,542,83,83,True,95.04607803650018
205,eval-hard-011,generic,hard,primary,True,False,3,slot-205-eval-hard-011-generic/attempt/data/rounds/round-03,35,5,2,2,0,0,0,542,0,0,True,59.080267725824044
206,eval-hard-011,ours,hard,primary,False,False,1,slot-206-eval-hard-011-ours/attempt/data/rounds/round-01,34,4,0,4,88,88,176,624,176,88,True,150.76979715252844
206,eval-hard-011,ours,hard,primary,False,False,2,slot-206-eval-hard-011-ours/attempt/data/rounds/round-02,34,4,0,4,0,88,88,624,88,88,True,91.9238069687454
206,eval-hard-011,ours,hard,primary,False,False,3,slot-206-eval-hard-011-ours/attempt/data/rounds/round-03,34,4,4,4,0,0,0,624,0,0,True,55.75460728404991
208,eval-easy-012,ours,easy,primary,True,False,1,slot-208-eval-easy-012-ours/attempt/data/rounds/round-01,35,5,0,5,4,102,106,623,106,102,True,118.48816972091814
208,eval-easy-012,ours,easy,primary,True,False,2,slot-208-eval-easy-012-ours/attempt/data/rounds/round-02,35,5,0,5,0,4,4,623,4,4,True,71.86670774897097
208,eval-easy-012,ours,easy,primary,True,False,3,slot-208-eval-easy-012-ours/attempt/data/rounds/round-03,35,5,5,5,0,0,0,623,0,0,True,43.58936166235838
209,eval-easy-011,ours,easy,primary,True,False,1,slot-209-eval-easy-011-ours/attempt/data/rounds/round-01,32,4,0,4,1,107,108,584,108,107,True,104.7991909360329
209,eval-easy-011,ours,easy,primary,True,False,2,slot-209-eval-easy-011-ours/attempt/data/rounds/round-02,32,4,0,4,0,1,1,584,1,1,True,63.56392241578228
209,eval-easy-011,ours,easy,primary,True,False,3,slot-209-eval-easy-011-ours/attempt/data/rounds/round-03,32,4,4,4,0,0,0,584,0,0,True,38.69821707779008
210,eval-easy-011,generic,easy,primary,True,False,1,slot-210-eval-easy-011-generic/attempt/data/rounds/round-01,33,6,0,6,0,105,105,665,105,105,True,111.43837489430872
210,eval-easy-011,generic,easy,primary,True,False,2,slot-210-eval-easy-011-generic/attempt/data/rounds/round-02,33,6,1,6,0,0,0,665,0,0,True,67.82944226049003
211,eval-hard-022,ours,hard,primary,True,False,1,slot-211-eval-hard-022-ours/attempt/data/rounds/round-01,35,6,0,6,51,105,158,745,158,107,True,152.99837024247063
211,eval-hard-022,ours,hard,primary,True,False,2,slot-211-eval-hard-022-ours/attempt/data/rounds/round-02,35,6,0,6,0,51,51,745,51,51,True,92.79820243812347
211,eval-hard-022,ours,hard,primary,True,False,3,slot-211-eval-hard-022-ours/attempt/data/rounds/round-03,35,6,6,6,0,0,0,745,0,0,True,56.28495494494153
212,eval-hard-022,generic,hard,primary,False,True,1,slot-212-eval-hard-022-generic/attempt/data/rounds/round-01,36,6,0,6,52,106,159,745,159,107,True,150.99837024247063
212,eval-hard-022,generic,hard,primary,False,True,2,slot-212-eval-hard-022-generic/attempt/data/rounds/round-02,36,6,0,1,0,88,89,745,93,89,True,104.75624701972714
212,eval-hard-022,generic,hard,primary,False,True,3,slot-212-eval-hard-022-generic/attempt/data/rounds/round-03,36,6,0,0,0,17,17,745,40,36,True,74.72878674164298
