cohort,task,scene,method,success,role,snapshots
old212,1,eval-hard-015,generic,False,primary,3
old212,2,eval-hard-015,ours,True,primary,3
old212,3,eval-moderate-016,ours,True,primary,3
old212,4,eval-moderate-016,generic,True,primary,3
old212,5,eval-moderate-024,generic,True,primary,2
old212,6,eval-moderate-024,ours,True,primary,2
old212,7,eval-easy-033,ours,True,primary,3
old212,8,eval-easy-033,generic,True,primary,3
old212,9,eval-easy-009,ours,True,primary,3
old212,10,eval-easy-009,generic,True,primary,3
old212,11,eval-easy-006,generic,True,primary,3
old212,12,eval-easy-006,ours,True,primary,3
old212,13,eval-hard-007,ours,False,primary,3
old212,14,eval-hard-007,generic,False,primary,3
old212,15,eval-moderate-023,generic,True,primary,3
old212,16,eval-moderate-023,ours,True,primary,3
old212,17,eval-moderate-004,ours,True,primary,3
old212,18,eval-moderate-004,generic,True,primary,3
old212,19,eval-moderate-026,generic,True,primary,3
old212,20,eval-moderate-026,ours,True,primary,3
old212,21,eval-hard-006,generic,False,primary,3
old212,22,eval-hard-006,ours,True,primary,3
old212,23,eval-hard-002,ours,True,primary,3
old212,24,eval-hard-002,generic,True,primary,3
old212,25,eval-hard-002,rm4d_only,True,secondary_baseline,0
old212,26,eval-hard-002,no_cost,True,secondary_ablation,3
old212,27,eval-hard-002,no_occlusion,False,secondary_ablation,3
old212,28,eval-hard-002,fixed,False,secondary_baseline,1
old212,29,eval-easy-015,generic,True,primary,3
old212,30,eval-easy-015,ours,True,primary,3
old212,31,eval-hard-027,generic,False,primary,3
old212,32,eval-hard-027,ours,True,primary,3
old212,33,eval-easy-004,generic,True,primary,2
old212,34,eval-easy-004,ours,False,primary,2
old212,35,eval-easy-038,ours,True,primary,2
old212,36,eval-easy-038,generic,True,primary,3
old212,37,eval-hard-009,generic,False,primary,3
old212,38,eval-hard-009,ours,True,primary,3
old212,39,eval-easy-036,generic,True,primary,3
old212,40,eval-easy-036,ours,True,primary,2
old212,41,eval-moderate-025,generic,True,primary,3
old212,42,eval-moderate-025,ours,True,primary,3
old212,43,eval-hard-008,generic,False,primary,3
old212,44,eval-hard-008,ours,True,primary,3
old212,45,eval-easy-014,ours,True,primary,3
old212,46,eval-easy-014,generic,False,primary,3
old212,47,eval-hard-023,ours,False,primary,3
old212,48,eval-hard-023,generic,False,primary,3
old212,49,eval-hard-024,ours,True,primary,3
old212,50,eval-hard-024,generic,False,primary,3
old212,51,eval-moderate-018,generic,True,primary,3
old212,52,eval-moderate-018,ours,True,primary,2
old212,53,eval-hard-012,ours,False,primary,3
old212,54,eval-hard-012,generic,False,primary,3
old212,55,eval-moderate-008,ours,True,primary,3
old212,56,eval-moderate-008,generic,True,primary,3
old212,57,eval-hard-030,ours,True,primary,3
old212,58,eval-hard-030,generic,False,primary,3
old212,59,eval-easy-034,generic,True,primary,3
old212,60,eval-easy-034,ours,True,primary,3
old212,61,eval-moderate-011,ours,True,primary,3
old212,62,eval-moderate-011,generic,True,primary,3
old212,63,eval-easy-026,generic,True,primary,3
old212,64,eval-easy-026,ours,True,primary,3
old212,65,eval-easy-019,generic,True,primary,3
old212,66,eval-easy-019,ours,True,primary,2
old212,67,eval-easy-013,ours,True,primary,3
old212,68,eval-easy-013,generic,True,primary,3
old212,69,eval-hard-004,generic,False,primary,3
old212,70,eval-hard-004,ours,True,primary,3
old212,71,eval-hard-004,no_occlusion,False,secondary_ablation,3
old212,72,eval-hard-004,no_cost,True,secondary_ablation,3
old212,73,eval-easy-016,ours,True,primary,2
old212,74,eval-easy-016,generic,False,primary,3
old212,75,eval-moderate-002,generic,False,primary,3
old212,76,eval-moderate-002,ours,True,primary,3
old212,77,eval-moderate-002,rm4d_only,False,secondary_baseline,0
old212,78,eval-moderate-002,fixed,False,secondary_baseline,3
old212,79,eval-easy-037,ours,True,primary,2
old212,80,eval-easy-037,generic,True,primary,2
old212,81,eval-moderate-015,ours,False,primary,3
old212,82,eval-moderate-015,generic,False,primary,3
old212,83,eval-easy-027,generic,False,primary,3
old212,84,eval-easy-027,ours,True,primary,2
old212,85,eval-easy-003,generic,True,primary,3
old212,86,eval-easy-003,ours,True,primary,3
old212,87,eval-moderate-010,generic,True,primary,3
old212,88,eval-moderate-010,ours,True,primary,2
old212,89,eval-easy-029,generic,True,primary,2
old212,90,eval-easy-029,ours,True,primary,2
old212,91,eval-hard-010,generic,False,primary,3
old212,92,eval-hard-010,ours,True,primary,3
old212,93,eval-easy-023,generic,True,primary,3
old212,94,eval-easy-023,ours,True,primary,3
old212,95,eval-easy-002,generic,False,primary,3
old212,96,eval-easy-002,ours,True,primary,2
old212,97,eval-easy-002,fixed,True,secondary_baseline,2
old212,98,eval-easy-002,rm4d_only,False,secondary_baseline,0
old212,99,eval-moderate-028,ours,True,primary,3
old212,100,eval-moderate-028,generic,True,primary,3
old212,101,eval-hard-028,generic,False,primary,3
old212,102,eval-hard-028,ours,True,primary,3
old212,103,eval-moderate-013,ours,True,primary,2
old212,104,eval-moderate-013,generic,True,primary,3
old212,105,eval-hard-017,ours,True,primary,3
old212,106,eval-hard-017,generic,False,primary,3
old212,107,eval-easy-031,generic,True,primary,3
old212,108,eval-easy-031,ours,True,primary,3
old212,109,eval-moderate-001,ours,True,primary,3
old212,110,eval-moderate-001,generic,True,primary,3
old212,111,eval-moderate-001,rm4d_only,False,secondary_baseline,0
old212,112,eval-moderate-001,fixed,False,secondary_baseline,1
old212,113,eval-moderate-009,generic,True,primary,3
old212,114,eval-moderate-009,ours,True,primary,2
old212,115,eval-hard-026,generic,True,primary,3
old212,116,eval-hard-026,ours,True,primary,3
old212,117,eval-easy-035,ours,True,primary,2
old212,118,eval-easy-035,generic,True,primary,3
old212,119,eval-hard-018,ours,False,primary,0
old212,120,eval-hard-018,generic,False,primary,0
old212,121,eval-hard-020,ours,False,primary,3
old212,122,eval-hard-020,generic,False,primary,3
old212,123,eval-easy-024,ours,True,primary,2
old212,124,eval-easy-024,generic,False,primary,3
old212,125,eval-moderate-020,generic,True,primary,2
old212,126,eval-moderate-020,ours,True,primary,2
old212,127,eval-hard-014,ours,False,primary,3
old212,128,eval-hard-014,generic,False,primary,3
old212,129,eval-easy-005,ours,True,primary,2
old212,130,eval-easy-005,generic,True,primary,2
old212,131,eval-easy-018,ours,True,primary,2
old212,132,eval-easy-018,generic,True,primary,2
old212,133,eval-hard-003,ours,False,primary,3
old212,134,eval-hard-003,generic,False,primary,2
old212,135,eval-hard-003,no_occlusion,False,secondary_ablation,3
old212,136,eval-hard-003,no_cost,False,secondary_ablation,3
old212,137,eval-easy-030,ours,True,primary,2
old212,138,eval-easy-030,generic,True,primary,3
old212,139,eval-easy-001,generic,True,primary,3
old212,140,eval-easy-001,ours,True,primary,3
old212,141,eval-easy-001,fixed,False,secondary_baseline,1
old212,142,eval-easy-001,rm4d_only,True,secondary_baseline,0
old212,143,eval-moderate-006,generic,True,primary,3
old212,144,eval-moderate-006,ours,True,primary,2
old212,145,eval-moderate-012,ours,True,primary,2
old212,146,eval-moderate-012,generic,True,primary,3
old212,147,eval-moderate-019,ours,True,primary,2
old212,148,eval-moderate-019,generic,True,primary,3
old212,149,eval-hard-016,generic,False,primary,3
old212,150,eval-hard-016,ours,True,primary,3
old212,151,eval-hard-001,generic,False,primary,0
old212,152,eval-hard-001,ours,False,primary,0
old212,153,eval-hard-001,no_cost,False,secondary_ablation,0
old212,154,eval-hard-001,fixed,False,secondary_baseline,3
old212,155,eval-hard-001,no_occlusion,False,secondary_ablation,0
old212,156,eval-hard-001,rm4d_only,False,secondary_baseline,0
old212,157,eval-easy-028,generic,False,primary,3
old212,158,eval-easy-028,ours,False,primary,3
old212,159,eval-hard-019,ours,True,primary,3
old212,160,eval-hard-019,generic,False,primary,3
old212,161,eval-easy-021,generic,True,primary,2
old212,162,eval-easy-021,ours,True,primary,2
old212,163,eval-moderate-027,generic,False,primary,2
old212,164,eval-moderate-027,ours,True,primary,2
old212,165,eval-easy-010,ours,False,primary,2
old212,166,eval-easy-010,generic,True,primary,3
old212,167,eval-moderate-005,ours,True,primary,2
old212,168,eval-moderate-005,generic,True,primary,3
old212,169,eval-moderate-017,generic,False,primary,3
old212,170,eval-moderate-017,ours,False,primary,3
old212,171,eval-hard-021,generic,False,primary,3
old212,172,eval-hard-021,ours,True,primary,3
old212,173,eval-easy-008,generic,True,primary,3
old212,174,eval-easy-008,ours,True,primary,2
old212,175,eval-moderate-007,ours,True,primary,2
old212,176,eval-moderate-007,generic,True,primary,2
old212,177,eval-easy-017,ours,True,primary,2
old212,178,eval-easy-017,generic,True,primary,3
old212,179,eval-hard-025,ours,False,primary,3
old212,180,eval-hard-025,generic,False,primary,3
old212,181,eval-easy-025,ours,True,primary,3
old212,182,eval-easy-025,generic,True,primary,3
old212,183,eval-hard-005,generic,False,primary,3
old212,184,eval-hard-005,ours,False,primary,3
old212,185,eval-moderate-014,ours,True,primary,3
old212,186,eval-moderate-014,generic,True,primary,3
old212,187,eval-easy-007,ours,True,primary,2
old212,188,eval-easy-007,generic,True,primary,3
old212,189,eval-easy-022,generic,True,primary,2
old212,190,eval-easy-022,ours,True,primary,2
old212,191,eval-hard-013,ours,True,primary,3
old212,192,eval-hard-013,generic,False,primary,3
old212,193,eval-moderate-021,generic,False,primary,3
old212,194,eval-moderate-021,ours,True,primary,3
old212,195,eval-easy-032,ours,True,primary,2
old212,196,eval-easy-032,generic,True,primary,3
old212,197,eval-hard-029,generic,False,primary,3
old212,198,eval-hard-029,ours,True,primary,3
old212,199,eval-moderate-022,ours,True,primary,3
old212,200,eval-moderate-022,generic,False,primary,3
old212,201,eval-moderate-003,generic,True,primary,2
old212,202,eval-moderate-003,ours,True,primary,2
old212,203,eval-easy-020,ours,True,primary,3
old212,204,eval-easy-020,generic,True,primary,2
old212,205,eval-hard-011,generic,True,primary,3
old212,206,eval-hard-011,ours,False,primary,3
old212,207,eval-easy-012,generic,False,primary,0
old212,208,eval-easy-012,ours,True,primary,3
old212,209,eval-easy-011,ours,True,primary,3
old212,210,eval-easy-011,generic,True,primary,2
old212,211,eval-hard-022,ours,True,primary,3
old212,212,eval-hard-022,generic,False,primary,3
online_v1,slot-01-easy003-ours,eval-easy-003,ours,True,development,2
online_v1,slot-02-easy003-confirmation,eval-easy-003,confirmation,True,development,3
online_v1,slot-03-moderate009-confirmation,eval-moderate-009,confirmation,True,development,2
online_v1,slot-04-moderate009-ours,eval-moderate-009,ours,True,development,2
online_v1,slot-05-hard015-ours,eval-hard-015,ours,False,development,3
online_v1,slot-06-hard015-confirmation,eval-hard-015,confirmation,False,development,3
online_v1,slot-07-hard023-confirmation,eval-hard-023,confirmation,False,development,3
online_v1,slot-08-hard023-ours,eval-hard-023,ours,False,development,3
