cohort,task,scene,method,success,role,from_round,prior_confirmed,model_all_phase_hit_cells,all_phase_actual_miss_cells,model_any_phase_hit_cells,any_phase_actual_miss_cells,actual_hit_cells,actual_outside_model_cells,needed_cells,needed_all_phase_hits,needed_all_phase_misses,needed_actual_hits,predicted_confirmation_all_phase,predicted_confirmation_any_phase,actual_prior_candidate_support_complete,actual_confirmation,newly_blocked_prior_viable,all_phase_candidate_support_false_positive
old212,1,eval-hard-015,generic,False,primary,1,False,891,8,1005,26,1093,114,165,111,0,123,False,False,False,False,0,0
old212,1,eval-hard-015,generic,False,primary,2,False,867,10,978,13,1118,153,147,100,2,107,False,False,False,False,0,0
old212,2,eval-hard-015,ours,True,primary,1,False,642,4,665,4,788,127,162,146,0,161,False,False,False,False,0,0
old212,2,eval-hard-015,ours,True,primary,2,False,683,31,716,32,781,97,100,96,4,96,False,True,True,True,0,0
old212,3,eval-moderate-016,ours,True,primary,1,False,869,4,907,8,1037,138,165,163,0,165,False,False,False,False,0,0
old212,3,eval-moderate-016,ours,True,primary,2,False,928,33,964,34,1041,111,44,44,0,44,True,True,True,True,0,0
old212,4,eval-moderate-016,generic,True,primary,1,False,1104,13,1264,44,1326,106,162,160,3,159,False,False,False,False,0,0
old212,4,eval-moderate-016,generic,True,primary,2,False,1095,15,1262,24,1354,116,40,40,0,40,True,True,True,True,0,0
old212,5,eval-moderate-024,generic,True,primary,1,False,1134,32,1288,54,1318,84,170,158,2,168,False,True,True,True,0,0
old212,6,eval-moderate-024,ours,True,primary,1,False,1008,6,1123,21,1265,163,170,161,0,170,False,True,True,True,0,0
old212,7,eval-easy-033,ours,True,primary,1,False,1088,4,1133,6,1213,86,178,176,0,178,False,False,False,False,0,0
old212,7,eval-easy-033,ours,True,primary,2,False,1142,18,1198,25,1212,39,66,66,0,66,True,True,True,True,0,0
old212,8,eval-easy-033,generic,True,primary,1,False,1483,20,1573,25,1573,25,176,165,0,176,False,False,False,False,0,0
old212,8,eval-easy-033,generic,True,primary,2,False,1461,37,1575,43,1555,23,41,41,0,41,True,True,True,True,0,0
old212,9,eval-easy-009,ours,True,primary,1,False,1079,3,1131,7,1204,80,166,164,0,166,False,False,False,False,0,0
old212,9,eval-easy-009,ours,True,primary,2,False,1139,48,1203,48,1195,40,46,46,0,46,True,True,True,True,0,0
old212,10,eval-easy-009,generic,True,primary,1,False,1431,34,1547,47,1551,51,166,133,6,159,False,False,False,False,0,0
old212,10,eval-easy-009,generic,True,primary,2,False,1509,6,1580,6,1594,20,52,51,0,52,True,True,True,True,0,0
old212,11,eval-easy-006,generic,True,primary,1,False,1518,20,1565,21,1578,34,178,166,1,177,False,False,False,False,0,0
old212,11,eval-easy-006,generic,True,primary,2,False,1520,15,1576,15,1584,23,46,44,0,46,True,True,True,True,0,0
old212,12,eval-easy-006,ours,True,primary,1,False,853,3,927,6,949,28,176,168,0,176,False,False,False,False,0,0
old212,12,eval-easy-006,ours,True,primary,2,False,893,65,964,69,916,21,47,47,2,45,True,True,True,True,0,1
old212,13,eval-hard-007,ours,False,primary,1,False,714,3,748,5,898,155,166,153,0,166,False,False,False,False,0,0
old212,13,eval-hard-007,ours,False,primary,2,False,681,9,726,11,889,174,133,131,0,133,True,True,True,True,0,0
old212,14,eval-hard-007,generic,False,primary,1,False,884,17,925,20,984,79,170,20,1,43,False,False,False,False,0,0
old212,14,eval-hard-007,generic,False,primary,2,False,858,10,921,14,982,75,144,3,0,17,False,False,False,False,0,0
old212,15,eval-moderate-023,generic,True,primary,1,False,1073,19,1206,28,1283,105,170,169,1,169,False,False,False,False,0,0
old212,15,eval-moderate-023,generic,True,primary,2,False,1066,16,1214,19,1295,100,39,39,0,39,True,True,True,True,0,0
old212,16,eval-moderate-023,ours,True,primary,1,False,674,2,694,4,805,115,175,174,0,175,False,False,False,False,0,0
old212,16,eval-moderate-023,ours,True,primary,2,False,723,0,743,1,822,80,58,58,0,58,True,True,True,True,0,0
old212,17,eval-moderate-004,ours,True,primary,1,False,809,0,834,0,964,130,170,168,0,170,False,False,False,False,0,0
old212,17,eval-moderate-004,ours,True,primary,2,False,852,21,878,22,966,110,59,59,0,59,True,True,True,True,0,0
old212,18,eval-moderate-004,generic,True,primary,1,False,1109,11,1258,36,1324,102,168,166,0,168,False,False,False,False,0,0
old212,18,eval-moderate-004,generic,True,primary,2,False,1108,9,1262,15,1361,114,47,47,0,47,True,True,True,True,0,0
old212,19,eval-moderate-026,generic,True,primary,1,False,1080,20,1210,35,1270,95,170,165,1,169,False,True,False,False,0,0
old212,19,eval-moderate-026,generic,True,primary,2,False,1084,16,1207,23,1288,104,21,21,0,21,True,True,True,True,0,0
old212,20,eval-moderate-026,ours,True,primary,1,False,936,4,1048,27,1203,182,169,167,0,169,False,False,False,False,0,0
old212,20,eval-moderate-026,ours,True,primary,2,False,1023,19,1152,23,1237,108,33,30,0,33,True,True,True,True,0,0
old212,21,eval-hard-006,generic,False,primary,1,False,847,10,940,23,1042,125,169,121,2,137,False,False,False,False,0,0
old212,21,eval-hard-006,generic,False,primary,2,False,834,13,936,15,1063,142,123,91,2,93,False,False,False,False,0,0
old212,22,eval-hard-006,ours,True,primary,1,False,564,6,595,6,788,199,169,155,0,169,False,False,False,False,0,0
old212,22,eval-hard-006,ours,True,primary,2,False,605,21,658,26,786,154,92,91,1,91,True,True,True,True,0,1
old212,23,eval-hard-002,ours,True,primary,1,False,742,0,775,4,953,182,160,160,0,160,False,False,False,False,0,0
old212,23,eval-hard-002,ours,True,primary,2,False,768,0,792,0,965,173,141,141,0,141,True,True,True,True,0,0
old212,24,eval-hard-002,generic,True,primary,1,False,830,14,912,18,1025,131,165,158,0,165,False,False,False,False,0,0
old212,24,eval-hard-002,generic,True,primary,2,False,805,10,893,12,1037,156,147,139,1,146,False,False,True,True,0,0
old212,26,eval-hard-002,no_cost,True,secondary_ablation,1,False,703,29,731,31,848,148,163,163,0,163,False,False,False,False,0,0
old212,26,eval-hard-002,no_cost,True,secondary_ablation,2,False,676,6,703,7,963,267,144,144,0,144,True,True,True,True,0,0
old212,27,eval-hard-002,no_occlusion,False,secondary_ablation,1,False,387,1,418,1,658,241,165,7,0,34,False,False,False,False,0,0
old212,27,eval-hard-002,no_occlusion,False,secondary_ablation,2,False,479,17,503,19,661,177,146,2,0,18,False,False,False,False,0,0
old212,29,eval-easy-015,generic,True,primary,1,False,1416,34,1566,54,1546,34,169,126,1,167,False,False,False,False,0,0
old212,29,eval-easy-015,generic,True,primary,2,False,1491,11,1568,12,1585,29,49,49,0,49,True,True,True,True,0,0
old212,30,eval-easy-015,ours,True,primary,1,False,1143,2,1179,4,1302,127,167,166,0,167,False,False,False,False,0,0
old212,30,eval-easy-015,ours,True,primary,2,False,1239,28,1273,29,1291,47,70,70,0,70,True,True,True,True,0,0
old212,31,eval-hard-027,generic,False,primary,1,False,857,8,981,15,1080,114,163,120,0,145,False,False,False,False,0,0
old212,31,eval-hard-027,generic,False,primary,2,False,854,18,1008,36,1081,109,147,127,0,144,False,False,False,False,0,0
old212,32,eval-hard-027,ours,True,primary,1,False,767,1,805,1,948,144,165,146,0,164,False,False,False,False,0,0
old212,32,eval-hard-027,ours,True,primary,2,False,873,12,960,17,1118,175,127,124,0,127,True,True,True,True,0,0
old212,33,eval-easy-004,generic,True,primary,1,False,1527,7,1572,9,1590,27,169,159,1,168,False,False,True,True,0,0
old212,34,eval-easy-004,ours,False,primary,1,False,1183,2,1204,2,1288,86,166,160,0,166,False,False,True,True,0,0
old212,35,eval-easy-038,ours,True,primary,1,False,1073,1,1106,3,1202,99,174,165,0,174,False,False,True,True,0,0
old212,36,eval-easy-038,generic,True,primary,1,False,1383,27,1579,55,1539,15,173,162,3,169,False,False,False,False,0,0
old212,36,eval-easy-038,generic,True,primary,2,False,1464,23,1567,28,1567,28,9,9,0,9,True,True,True,True,0,0
old212,37,eval-hard-009,generic,False,primary,1,False,891,15,987,25,1071,109,169,109,1,128,False,False,False,False,0,0
old212,37,eval-hard-009,generic,False,primary,2,False,899,11,989,13,1090,114,128,83,1,88,False,False,False,False,0,0
old212,38,eval-hard-009,ours,True,primary,1,False,622,0,649,0,874,225,169,163,0,169,False,False,False,False,0,0
old212,38,eval-hard-009,ours,True,primary,2,False,689,26,730,28,867,165,84,80,0,84,False,True,True,True,0,0
old212,39,eval-easy-036,generic,True,primary,1,False,1506,20,1559,20,1577,38,174,163,1,171,False,False,False,False,0,0
old212,39,eval-easy-036,generic,True,primary,2,False,1471,21,1572,27,1571,26,33,32,0,33,True,True,True,True,0,0
old212,40,eval-easy-036,ours,True,primary,1,False,1179,6,1224,12,1323,111,172,172,0,172,True,True,True,True,0,0
old212,41,eval-moderate-025,generic,True,primary,1,False,1036,13,1147,15,1250,118,164,161,0,164,False,False,False,False,0,0
old212,41,eval-moderate-025,generic,True,primary,2,False,1034,20,1150,29,1231,110,35,35,0,35,True,True,True,True,0,0
old212,42,eval-moderate-025,ours,True,primary,1,False,966,13,1046,19,1191,164,170,160,2,168,False,False,False,False,0,0
old212,42,eval-moderate-025,ours,True,primary,2,False,1023,16,1114,18,1241,145,55,55,0,55,True,True,True,True,0,0
old212,43,eval-hard-008,generic,False,primary,1,False,920,6,947,7,1077,137,168,8,0,41,False,False,False,False,0,0
old212,43,eval-hard-008,generic,False,primary,2,False,914,6,957,9,1076,128,147,0,0,23,False,False,False,False,0,0
old212,44,eval-hard-008,ours,True,primary,1,False,654,3,678,3,845,170,166,155,0,166,False,False,False,False,0,0
old212,44,eval-hard-008,ours,True,primary,2,False,601,21,633,25,773,165,143,137,7,131,True,True,True,True,0,1
old212,45,eval-easy-014,ours,True,primary,1,False,1095,4,1138,6,1241,109,177,174,0,177,False,False,False,False,0,0
old212,45,eval-easy-014,ours,True,primary,2,False,1163,24,1218,25,1244,51,53,53,0,53,True,True,True,True,0,0
old212,46,eval-easy-014,generic,False,primary,1,False,1392,42,1548,62,1533,47,178,127,5,164,False,False,False,False,0,0
old212,46,eval-easy-014,generic,False,primary,2,False,1485,8,1563,8,1588,33,73,70,0,73,False,False,False,False,0,0
old212,47,eval-hard-023,ours,False,primary,1,False,742,8,771,9,931,169,169,131,0,148,False,False,False,False,0,0
old212,47,eval-hard-023,ours,False,primary,2,False,669,21,710,22,821,133,144,121,11,118,False,False,False,False,0,0
old212,48,eval-hard-023,generic,False,primary,1,False,826,11,938,19,1082,163,160,100,1,125,False,False,False,False,0,0
old212,48,eval-hard-023,generic,False,primary,2,False,820,12,946,17,1081,152,132,91,0,101,False,False,False,False,0,0
old212,49,eval-hard-024,ours,True,primary,1,False,560,1,600,2,838,240,169,161,0,169,False,False,False,False,0,0
old212,49,eval-hard-024,ours,True,primary,2,False,617,0,670,1,938,269,117,113,0,117,False,True,True,True,0,0
old212,50,eval-hard-024,generic,False,primary,1,False,834,9,935,19,1064,148,184,128,2,152,False,False,False,False,0,0
old212,50,eval-hard-024,generic,False,primary,2,False,790,19,857,22,979,144,151,53,2,79,False,False,False,False,0,0
old212,51,eval-moderate-018,generic,True,primary,1,False,1111,23,1262,53,1281,72,153,141,2,150,False,True,False,False,0,0
old212,51,eval-moderate-018,generic,True,primary,2,False,1109,8,1261,17,1319,75,4,3,0,3,True,True,True,True,0,0
old212,52,eval-moderate-018,ours,True,primary,1,False,878,6,904,8,991,95,153,145,0,153,False,False,True,True,0,0
old212,53,eval-hard-012,ours,False,primary,1,False,619,2,658,2,832,176,165,121,0,133,False,False,False,False,0,0
old212,53,eval-hard-012,ours,False,primary,2,False,465,8,496,9,620,133,131,89,4,89,False,False,False,False,0,0
old212,54,eval-hard-012,generic,False,primary,1,False,907,2,940,2,1109,171,165,2,0,44,False,False,False,False,0,0
old212,54,eval-hard-012,generic,False,primary,2,False,976,17,1066,22,1150,106,161,65,0,86,False,False,False,False,0,0
old212,55,eval-moderate-008,ours,True,primary,1,False,951,6,1064,21,1172,129,152,147,1,151,False,False,False,False,0,0
old212,55,eval-moderate-008,ours,True,primary,2,False,1023,4,1142,9,1307,174,12,12,0,12,True,True,True,True,0,0
old212,56,eval-moderate-008,generic,True,primary,1,False,1168,29,1309,38,1322,51,157,145,2,154,False,False,False,False,0,0
old212,56,eval-moderate-008,generic,True,primary,2,False,1162,17,1313,22,1347,56,4,3,0,4,True,True,True,True,0,0
old212,57,eval-hard-030,ours,True,primary,1,False,739,5,776,5,931,160,170,161,0,170,False,False,False,False,0,0
old212,57,eval-hard-030,ours,True,primary,2,False,659,25,704,25,846,167,146,146,1,145,True,True,True,True,0,1
old212,58,eval-hard-030,generic,False,primary,1,False,892,18,968,26,1079,137,170,143,2,154,False,False,False,False,0,0
old212,58,eval-hard-030,generic,False,primary,2,False,869,12,967,21,1092,146,150,131,2,138,False,False,False,False,0,0
old212,59,eval-easy-034,generic,True,primary,1,False,1500,22,1555,28,1566,39,175,167,2,172,False,False,False,False,0,0
old212,59,eval-easy-034,generic,True,primary,2,False,1474,20,1559,26,1569,36,53,52,0,52,True,True,True,True,0,0
old212,60,eval-easy-034,ours,True,primary,1,False,1120,4,1132,4,1268,140,175,174,0,175,False,False,False,False,0,0
old212,60,eval-easy-034,ours,True,primary,2,False,1224,8,1239,8,1279,48,60,60,0,60,True,True,True,True,0,0
old212,61,eval-moderate-011,ours,True,primary,1,False,955,1,1067,2,1203,138,163,162,0,163,False,False,False,False,0,0
old212,61,eval-moderate-011,ours,True,primary,2,False,995,17,1101,17,1201,117,46,44,0,46,True,True,True,True,0,0
old212,62,eval-moderate-011,generic,True,primary,1,False,1083,19,1230,41,1299,110,171,169,2,169,False,False,False,False,0,0
old212,62,eval-moderate-011,generic,True,primary,2,False,1073,13,1234,17,1327,110,49,49,0,49,True,True,True,True,0,0
old212,63,eval-easy-026,generic,True,primary,1,False,1506,31,1576,34,1564,22,167,157,1,166,False,False,False,False,0,0
old212,63,eval-easy-026,generic,True,primary,2,False,1488,35,1585,41,1559,15,27,27,0,27,True,True,True,True,0,0
old212,64,eval-easy-026,ours,True,primary,1,False,1153,19,1253,28,1272,47,169,164,0,169,False,False,False,False,0,0
old212,64,eval-easy-026,ours,True,primary,2,False,1180,42,1278,44,1288,54,24,22,0,24,True,True,True,True,0,0
old212,65,eval-easy-019,generic,True,primary,1,False,1477,17,1564,25,1571,32,169,152,1,167,False,False,False,False,0,0
old212,65,eval-easy-019,generic,True,primary,2,False,1469,11,1563,15,1582,34,3,1,0,3,False,False,True,True,0,0
old212,66,eval-easy-019,ours,True,primary,1,False,851,14,890,16,914,40,169,160,2,162,False,True,True,True,0,0
old212,67,eval-easy-013,ours,True,primary,1,False,1196,7,1290,7,1356,73,169,163,1,168,False,False,False,False,0,0
old212,67,eval-easy-013,ours,True,primary,2,False,1256,21,1291,23,1316,48,21,21,0,21,True,True,True,True,0,0
old212,68,eval-easy-013,generic,True,primary,1,False,1481,14,1565,19,1580,34,154,142,1,152,False,False,False,False,0,0
old212,68,eval-easy-013,generic,True,primary,2,False,1491,7,1575,9,1590,24,3,2,0,3,False,False,True,True,0,0
old212,69,eval-hard-004,generic,False,primary,1,False,901,8,935,8,1085,158,176,14,0,40,False,False,False,False,0,0
old212,69,eval-hard-004,generic,False,primary,2,False,910,10,945,14,1077,146,155,1,0,23,False,False,False,False,0,0
old212,70,eval-hard-004,ours,True,primary,1,False,658,3,683,3,825,145,179,157,0,176,False,False,False,False,0,0
old212,70,eval-hard-004,ours,True,primary,2,False,587,6,608,6,778,176,156,151,1,152,True,True,True,True,0,0
old212,71,eval-hard-004,no_occlusion,False,secondary_ablation,1,False,379,0,394,0,635,241,175,0,0,43,False,False,False,False,0,0
old212,71,eval-hard-004,no_occlusion,False,secondary_ablation,2,False,424,14,447,16,627,196,158,0,0,25,False,False,False,False,0,0
old212,72,eval-hard-004,no_cost,True,secondary_ablation,1,False,678,0,699,0,836,137,179,161,0,177,False,False,False,False,0,0
old212,72,eval-hard-004,no_cost,True,secondary_ablation,2,False,575,16,613,18,774,179,155,140,6,140,False,True,True,True,0,0
old212,73,eval-easy-016,ours,True,primary,1,False,1090,2,1121,3,1210,92,172,163,0,172,True,True,True,True,0,0
old212,74,eval-easy-016,generic,False,primary,1,False,1510,11,1556,15,1577,36,172,140,1,163,False,False,False,False,0,0
old212,74,eval-easy-016,generic,False,primary,2,False,1482,9,1557,11,1585,39,9,2,0,6,False,False,False,False,0,0
old212,75,eval-moderate-002,generic,False,primary,1,False,928,9,1011,12,1150,151,108,96,0,108,False,False,False,False,0,0
old212,75,eval-moderate-002,generic,False,primary,2,False,986,14,1070,14,1155,99,103,90,0,103,False,True,True,True,0,0
old212,76,eval-moderate-002,ours,True,primary,1,False,594,0,602,0,706,104,167,167,0,167,False,False,False,False,0,0
old212,76,eval-moderate-002,ours,True,primary,2,False,648,15,659,16,701,58,71,70,0,71,True,True,True,True,0,0
old212,78,eval-moderate-002,fixed,False,secondary_baseline,1,False,446,74,464,87,555,178,170,80,0,164,False,False,False,False,0,0
old212,78,eval-moderate-002,fixed,False,secondary_baseline,2,False,379,27,383,27,509,153,53,0,0,0,False,False,False,False,0,0
old212,79,eval-easy-037,ours,True,primary,1,False,935,0,987,0,1053,66,157,153,0,156,True,True,True,True,0,0
old212,80,eval-easy-037,generic,True,primary,1,False,1488,17,1565,23,1576,34,153,140,0,153,False,False,True,True,0,0
old212,81,eval-moderate-015,ours,False,primary,1,False,856,2,950,7,1030,87,175,168,0,175,False,False,False,False,0,0
old212,81,eval-moderate-015,ours,False,primary,2,False,882,32,973,38,1019,84,36,35,0,36,True,True,True,True,0,0
old212,82,eval-moderate-015,generic,False,primary,1,False,963,24,1055,34,1107,86,170,31,2,57,False,False,False,False,0,0
old212,82,eval-moderate-015,generic,False,primary,2,False,959,8,1067,15,1126,74,127,5,0,21,False,False,False,False,0,0
old212,83,eval-easy-027,generic,False,primary,1,False,1475,16,1576,24,1574,22,107,94,0,106,False,False,False,False,0,0
old212,83,eval-easy-027,generic,False,primary,2,False,1478,7,1573,12,1585,24,1,0,0,0,False,False,False,False,0,0
old212,84,eval-easy-027,ours,True,primary,1,False,865,7,925,7,959,41,153,142,0,152,False,True,True,True,0,0
old212,85,eval-easy-003,generic,True,primary,1,False,1392,18,1561,33,1562,34,169,163,1,166,True,True,False,False,0,1
old212,85,eval-easy-003,generic,True,primary,2,False,1476,21,1579,32,1566,19,18,16,0,17,True,True,True,True,0,0
old212,86,eval-easy-003,ours,True,primary,1,False,1145,8,1249,25,1269,45,170,156,1,169,False,False,False,False,0,0
old212,86,eval-easy-003,ours,True,primary,2,False,1192,52,1302,56,1272,26,18,18,0,18,True,True,True,True,0,0
old212,87,eval-moderate-010,generic,True,primary,1,False,1098,26,1250,56,1284,90,175,164,4,169,False,True,False,False,0,0
old212,87,eval-moderate-010,generic,True,primary,2,False,1082,19,1250,29,1327,106,11,9,0,10,True,True,True,True,0,0
old212,88,eval-moderate-010,ours,True,primary,1,False,988,10,1108,21,1198,111,173,159,0,172,False,True,True,True,0,0
old212,89,eval-easy-029,generic,True,primary,1,False,1522,9,1589,10,1590,11,176,161,0,176,False,False,True,True,0,0
old212,90,eval-easy-029,ours,True,primary,1,False,1178,15,1290,34,1298,42,172,167,1,171,False,True,True,True,0,0
old212,91,eval-hard-010,generic,False,primary,1,False,928,7,1046,26,1131,111,170,142,0,156,False,False,False,False,0,0
old212,91,eval-hard-010,generic,False,primary,2,False,933,12,1047,17,1152,122,158,139,2,144,False,False,False,False,0,0
old212,92,eval-hard-010,ours,True,primary,1,False,792,3,816,3,989,176,164,155,0,161,False,False,False,False,0,0
old212,92,eval-hard-010,ours,True,primary,2,False,687,11,727,12,896,181,124,119,1,123,False,True,True,True,0,0
old212,93,eval-easy-023,generic,True,primary,1,False,1503,41,1562,43,1553,34,177,170,3,174,False,False,False,False,0,0
old212,93,eval-easy-023,generic,True,primary,2,False,1458,17,1559,24,1569,34,36,36,0,36,True,True,True,True,0,0
old212,94,eval-easy-023,ours,True,primary,1,False,1221,12,1238,12,1361,135,176,175,0,176,False,False,False,False,0,0
old212,94,eval-easy-023,ours,True,primary,2,False,1319,26,1339,27,1360,48,43,43,0,43,True,True,True,True,0,0
old212,95,eval-easy-002,generic,False,primary,1,False,1505,17,1559,18,1576,35,172,143,1,166,False,False,False,False,0,0
old212,95,eval-easy-002,generic,False,primary,2,False,1505,19,1558,21,1571,34,6,1,0,2,False,False,False,False,0,0
old212,96,eval-easy-002,ours,True,primary,1,False,905,0,956,2,1075,121,177,168,0,177,True,True,True,True,0,0
old212,97,eval-easy-002,fixed,True,secondary_baseline,1,False,814,0,828,0,1177,349,177,144,0,177,False,False,True,True,0,0
old212,99,eval-moderate-028,ours,True,primary,1,False,918,13,1004,19,1117,132,165,164,0,165,False,False,False,False,0,0
old212,99,eval-moderate-028,ours,True,primary,2,False,943,48,1054,52,1098,96,46,44,0,46,False,True,True,True,0,0
old212,100,eval-moderate-028,generic,True,primary,1,False,1113,17,1237,34,1331,128,165,164,0,165,False,False,False,False,0,0
old212,100,eval-moderate-028,generic,True,primary,2,False,1099,14,1248,23,1342,117,36,36,0,36,True,True,True,True,0,0
old212,101,eval-hard-028,generic,False,primary,1,False,893,22,977,38,1077,138,163,34,3,58,False,False,False,False,0,0
old212,101,eval-hard-028,generic,False,primary,2,False,835,1,900,3,1015,118,159,55,0,82,False,False,False,False,0,0
old212,102,eval-hard-028,ours,True,primary,1,False,683,2,723,2,868,147,161,143,0,159,False,False,False,False,0,0
old212,102,eval-hard-028,ours,True,primary,2,False,607,30,642,31,739,128,130,127,6,123,False,True,True,True,0,0
old212,103,eval-moderate-013,ours,True,primary,1,False,928,0,958,0,1100,142,162,158,0,162,False,True,True,True,0,0
old212,104,eval-moderate-013,generic,True,primary,1,False,1135,19,1270,45,1286,61,173,164,2,171,False,False,False,False,0,0
old212,104,eval-moderate-013,generic,True,primary,2,False,1139,11,1286,20,1320,54,21,20,0,21,True,True,True,True,0,0
old212,105,eval-hard-017,ours,True,primary,1,False,767,3,805,5,924,124,168,132,0,156,False,False,False,False,0,0
old212,105,eval-hard-017,ours,True,primary,2,False,564,0,595,1,790,196,137,114,0,137,False,False,True,True,0,0
old212,106,eval-hard-017,generic,False,primary,1,False,867,14,997,27,1109,139,156,109,1,131,False,False,False,False,0,0
old212,106,eval-hard-017,generic,False,primary,2,False,851,10,996,30,1101,135,141,102,1,119,False,False,False,False,0,0
old212,107,eval-easy-031,generic,True,primary,1,False,1496,40,1571,43,1553,25,169,159,3,165,False,False,False,False,0,0
old212,107,eval-easy-031,generic,True,primary,2,False,1471,16,1568,20,1577,29,31,30,0,30,True,True,True,True,0,0
old212,108,eval-easy-031,ours,True,primary,1,False,1167,8,1228,13,1295,80,170,168,0,170,False,False,False,False,0,0
old212,108,eval-easy-031,ours,True,primary,2,False,1226,19,1288,20,1311,43,24,24,0,24,True,True,True,True,0,0
old212,109,eval-moderate-001,ours,True,primary,1,False,848,8,952,13,1050,111,165,157,1,164,False,False,False,False,0,0
old212,109,eval-moderate-001,ours,True,primary,2,False,855,35,963,42,1046,125,26,26,0,26,True,True,True,True,0,0
old212,110,eval-moderate-001,generic,True,primary,1,False,1057,18,1154,26,1240,112,168,161,1,167,False,False,False,False,0,0
old212,110,eval-moderate-001,generic,True,primary,2,False,1065,11,1166,11,1258,103,38,38,0,38,True,True,True,True,0,0
old212,113,eval-moderate-009,generic,True,primary,1,False,1139,20,1269,47,1322,100,170,161,3,167,True,True,False,False,0,1
old212,113,eval-moderate-009,generic,True,primary,2,False,1128,20,1274,31,1351,108,9,9,0,9,True,True,True,True,0,0
old212,114,eval-moderate-009,ours,True,primary,1,False,906,5,930,5,1025,100,170,161,0,170,False,False,True,True,0,0
old212,115,eval-hard-026,generic,True,primary,1,False,860,9,936,18,1052,134,165,148,0,152,False,False,False,False,0,0
old212,115,eval-hard-026,generic,True,primary,2,False,840,12,939,18,1068,147,148,131,0,138,False,False,True,True,0,0
old212,116,eval-hard-026,ours,True,primary,1,False,753,4,787,5,922,140,165,157,0,165,False,False,False,False,0,0
old212,116,eval-hard-026,ours,True,primary,2,False,777,32,825,34,931,140,141,139,0,141,True,True,True,True,0,0
old212,117,eval-easy-035,ours,True,primary,1,False,1167,9,1210,11,1282,83,164,162,0,164,True,True,True,True,0,0
old212,118,eval-easy-035,generic,True,primary,1,False,1502,39,1578,44,1554,20,174,159,4,168,False,False,False,False,0,0
old212,118,eval-easy-035,generic,True,primary,2,False,1506,9,1578,10,1590,22,24,22,0,24,True,True,True,True,0,0
old212,121,eval-hard-020,ours,False,primary,1,False,475,3,489,4,641,156,165,97,0,119,False,False,False,False,1,0
old212,121,eval-hard-020,ours,False,primary,2,False,759,1,786,1,917,132,157,130,0,147,False,False,False,False,0,0
old212,122,eval-hard-020,generic,False,primary,1,False,925,2,968,3,1143,178,194,32,0,61,False,False,False,False,0,0
old212,122,eval-hard-020,generic,False,primary,2,False,1016,18,1065,23,1117,75,190,30,0,62,False,False,False,False,0,0
old212,123,eval-easy-024,ours,True,primary,1,False,1161,6,1227,11,1284,68,178,167,0,178,False,False,True,True,0,0
old212,124,eval-easy-024,generic,False,primary,1,False,1485,25,1570,33,1565,28,175,156,6,168,False,False,False,False,0,0
old212,124,eval-easy-024,generic,False,primary,2,False,1466,10,1572,15,1581,24,24,23,0,23,False,False,False,False,0,0
old212,125,eval-moderate-020,generic,True,primary,1,False,1066,30,1243,69,1265,91,160,157,0,159,True,True,True,True,0,0
old212,126,eval-moderate-020,ours,True,primary,1,False,896,4,928,4,1050,126,165,160,0,165,True,True,True,True,0,0
old212,127,eval-hard-014,ours,False,primary,1,False,331,2,344,3,437,96,159,71,0,87,False,False,False,False,0,0
old212,127,eval-hard-014,ours,False,primary,2,False,660,30,678,31,799,152,156,96,1,114,False,False,False,False,0,0
old212,128,eval-hard-014,generic,False,primary,1,False,850,9,927,16,1060,149,181,159,0,173,False,False,False,False,0,0
old212,128,eval-hard-014,generic,False,primary,2,False,857,6,925,8,1074,157,169,149,1,161,False,False,True,True,0,0
old212,129,eval-easy-005,ours,True,primary,1,False,1117,0,1147,1,1278,132,174,168,0,174,False,True,True,True,0,0
old212,130,eval-easy-005,generic,True,primary,1,False,1501,22,1570,25,1575,30,174,161,0,174,False,False,True,True,0,0
old212,131,eval-easy-018,ours,True,primary,1,False,1218,4,1266,9,1301,44,171,161,0,171,False,True,True,True,0,0
old212,132,eval-easy-018,generic,True,primary,1,False,1493,13,1577,17,1583,23,170,157,0,170,False,False,True,True,0,0
old212,133,eval-hard-003,ours,False,primary,1,False,499,7,518,9,581,72,154,107,0,117,False,False,False,False,2,0
old212,133,eval-hard-003,ours,False,primary,2,False,457,0,499,0,640,141,101,88,0,94,False,False,False,False,0,0
old212,134,eval-hard-003,generic,False,primary,1,False,934,2,975,3,1144,172,168,8,0,39,False,False,False,False,0,0
old212,135,eval-hard-003,no_occlusion,False,secondary_ablation,1,False,424,0,434,0,590,156,166,47,0,72,False,False,False,False,0,0
old212,135,eval-hard-003,no_occlusion,False,secondary_ablation,2,False,423,3,437,3,509,75,150,33,0,55,False,False,False,False,0,0
old212,136,eval-hard-003,no_cost,False,secondary_ablation,1,False,505,22,522,22,573,73,157,112,0,124,False,False,False,False,1,0
old212,136,eval-hard-003,no_cost,False,secondary_ablation,2,False,407,0,425,0,522,97,139,82,0,101,False,False,False,False,0,0
old212,137,eval-easy-030,ours,True,primary,1,False,1111,1,1139,1,1173,35,177,169,0,177,False,True,True,True,0,0
old212,138,eval-easy-030,generic,True,primary,1,False,1516,12,1556,13,1584,41,172,142,1,169,False,False,False,False,0,0
old212,138,eval-easy-030,generic,True,primary,2,False,1503,25,1558,28,1570,40,5,3,0,5,False,False,True,True,0,0
old212,139,eval-easy-001,generic,True,primary,1,False,1526,16,1564,17,1583,36,175,159,1,174,False,False,False,False,0,0
old212,139,eval-easy-001,generic,True,primary,2,False,1533,10,1583,11,1589,17,21,21,0,21,True,True,True,True,0,0
old212,140,eval-easy-001,ours,True,primary,1,False,1170,7,1268,40,1267,39,160,159,0,160,False,False,False,False,0,0
old212,140,eval-easy-001,ours,True,primary,2,False,1190,31,1289,41,1293,45,20,20,0,20,True,True,True,True,0,0
old212,143,eval-moderate-006,generic,True,primary,1,False,1087,21,1259,50,1296,87,164,160,2,162,True,True,False,False,0,1
old212,143,eval-moderate-006,generic,True,primary,2,False,1075,6,1244,15,1336,107,11,11,0,11,True,True,True,True,0,0
old212,144,eval-moderate-006,ours,True,primary,1,False,986,11,1102,34,1155,87,164,162,0,164,False,True,True,True,0,0
old212,145,eval-moderate-012,ours,True,primary,1,False,963,10,1072,23,1154,105,157,149,0,156,False,True,True,True,0,0
old212,146,eval-moderate-012,generic,True,primary,1,False,1159,19,1275,41,1331,97,168,156,2,166,False,False,False,False,0,0
old212,146,eval-moderate-012,generic,True,primary,2,False,1137,14,1286,21,1351,86,10,10,0,10,True,True,True,True,0,0
old212,147,eval-moderate-019,ours,True,primary,1,False,865,5,909,6,951,48,177,168,0,177,True,True,True,True,0,0
old212,148,eval-moderate-019,generic,True,primary,1,False,1136,19,1304,42,1334,72,172,147,3,167,False,False,False,False,0,0
old212,148,eval-moderate-019,generic,True,primary,2,False,1147,24,1292,35,1350,93,7,5,0,6,False,False,True,True,0,0
old212,149,eval-hard-016,generic,False,primary,1,False,895,2,942,2,1040,100,169,3,0,36,False,False,False,False,0,0
old212,149,eval-hard-016,generic,False,primary,2,False,908,0,958,0,1082,124,169,2,0,36,False,False,False,False,0,0
old212,150,eval-hard-016,ours,True,primary,1,False,812,3,859,5,985,131,163,160,0,163,False,False,False,False,0,0
old212,150,eval-hard-016,ours,True,primary,2,False,814,3,856,4,1014,162,142,141,0,142,True,True,True,True,0,0
old212,154,eval-hard-001,fixed,False,secondary_baseline,1,False,85,5,87,5,138,56,150,0,0,0,False,False,False,False,0,0
old212,154,eval-hard-001,fixed,False,secondary_baseline,2,False,82,13,84,15,89,20,150,0,0,0,False,False,False,False,0,0
old212,157,eval-easy-028,generic,False,primary,1,False,1486,39,1573,42,1555,24,165,153,6,158,False,False,False,False,0,0
old212,157,eval-easy-028,generic,False,primary,2,False,1472,6,1578,13,1586,21,42,41,0,42,False,True,True,True,0,0
old212,158,eval-easy-028,ours,False,primary,1,False,1209,6,1232,6,1338,112,137,137,0,137,False,False,False,False,0,0
old212,158,eval-easy-028,ours,False,primary,2,False,1306,0,1324,0,1392,68,3,3,0,3,True,True,True,True,0,0
old212,159,eval-hard-019,ours,True,primary,1,False,764,3,819,6,918,105,173,158,0,172,False,False,False,False,2,0
old212,159,eval-hard-019,ours,True,primary,2,False,785,6,816,9,932,125,141,139,0,141,False,True,True,True,0,0
old212,160,eval-hard-019,generic,False,primary,1,False,982,26,1034,27,1088,81,121,64,0,92,False,False,False,False,0,0
old212,160,eval-hard-019,generic,False,primary,2,False,955,7,1003,7,1119,123,112,58,2,81,False,False,False,False,0,0
old212,161,eval-easy-021,generic,True,primary,1,False,1497,19,1584,21,1576,13,176,159,0,174,False,False,True,True,0,0
old212,162,eval-easy-021,ours,True,primary,1,False,1195,8,1305,30,1332,57,164,162,0,164,False,True,True,True,0,0
old212,163,eval-moderate-027,generic,False,primary,1,False,1126,9,1267,27,1322,82,175,165,0,174,False,True,True,True,0,0
old212,164,eval-moderate-027,ours,True,primary,1,False,688,3,760,6,848,94,171,163,0,171,True,True,True,True,0,0
old212,165,eval-easy-010,ours,False,primary,1,False,1270,13,1377,37,1389,49,161,160,0,161,True,True,True,True,0,0
old212,166,eval-easy-010,generic,True,primary,1,False,1526,24,1575,29,1571,25,167,159,1,166,False,True,False,False,0,0
old212,166,eval-easy-010,generic,True,primary,2,False,1497,17,1574,25,1574,25,23,23,0,23,True,True,True,True,0,0
old212,167,eval-moderate-005,ours,True,primary,1,False,911,2,943,2,1028,87,182,169,0,182,False,False,True,True,0,0
old212,168,eval-moderate-005,generic,True,primary,1,False,1130,10,1274,39,1316,81,177,164,0,176,False,False,False,False,0,0
old212,168,eval-moderate-005,generic,True,primary,2,False,1123,11,1262,13,1356,107,1,0,0,1,False,False,True,True,0,0
old212,169,eval-moderate-017,generic,False,primary,1,False,1131,23,1276,48,1284,56,162,156,1,160,False,True,False,False,0,0
old212,169,eval-moderate-017,generic,False,primary,2,False,1123,32,1261,48,1283,70,11,9,0,11,True,True,True,True,0,0
old212,170,eval-moderate-017,ours,False,primary,1,False,889,6,903,6,961,64,253,232,0,250,False,False,False,False,0,0
old212,170,eval-moderate-017,ours,False,primary,2,False,1081,6,1120,9,1182,71,189,177,0,187,True,True,True,True,0,0
old212,171,eval-hard-021,generic,False,primary,1,False,936,7,1039,31,1112,104,155,114,1,124,False,False,False,False,0,0
old212,171,eval-hard-021,generic,False,primary,2,False,917,5,1038,12,1147,121,139,105,1,109,False,False,False,False,0,0
old212,172,eval-hard-021,ours,True,primary,1,False,685,1,716,1,895,180,169,167,0,169,False,False,False,False,0,0
old212,172,eval-hard-021,ours,True,primary,2,False,731,23,768,27,895,154,129,126,0,129,False,True,True,True,0,0
old212,173,eval-easy-008,generic,True,primary,1,False,1480,20,1574,25,1572,23,175,158,0,172,False,False,False,False,0,0
old212,173,eval-easy-008,generic,True,primary,2,False,1473,10,1572,14,1585,27,8,5,0,8,False,False,True,True,0,0
old212,174,eval-easy-008,ours,True,primary,1,False,1080,0,1103,0,1136,33,175,165,0,175,False,False,True,True,0,0
old212,175,eval-moderate-007,ours,True,primary,1,False,940,2,962,2,1078,118,169,162,0,169,False,False,True,True,0,0
old212,176,eval-moderate-007,generic,True,primary,1,False,1098,15,1245,33,1298,86,167,151,0,166,False,False,True,True,0,0
old212,177,eval-easy-017,ours,True,primary,1,False,1211,8,1234,8,1350,124,151,145,0,151,True,True,True,True,0,0
old212,178,eval-easy-017,generic,True,primary,1,False,1521,32,1569,34,1563,28,163,151,5,158,False,False,False,False,0,0
old212,178,eval-easy-017,generic,True,primary,2,False,1503,9,1570,10,1588,28,27,27,0,27,True,True,True,True,0,0
old212,179,eval-hard-025,ours,False,primary,1,False,670,2,698,3,854,159,172,150,0,167,False,False,False,False,0,0
old212,179,eval-hard-025,ours,False,primary,2,False,746,30,772,32,849,109,158,140,0,154,False,True,True,True,0,0
old212,180,eval-hard-025,generic,False,primary,1,False,933,0,961,0,1046,85,164,5,0,17,False,False,False,False,0,0
old212,180,eval-hard-025,generic,False,primary,2,False,950,1,993,1,1089,97,156,117,0,150,False,False,False,False,0,0
old212,181,eval-easy-025,ours,True,primary,1,False,1176,18,1271,34,1270,33,172,170,0,172,False,False,False,False,0,0
old212,181,eval-easy-025,ours,True,primary,2,False,1176,55,1284,57,1268,41,20,20,0,20,True,True,True,True,0,0
old212,182,eval-easy-025,generic,True,primary,1,False,1532,15,1583,16,1584,17,165,157,2,163,False,False,False,False,0,0
old212,182,eval-easy-025,generic,True,primary,2,False,1511,9,1589,11,1589,11,17,16,0,17,True,True,True,True,0,0
old212,183,eval-hard-005,generic,False,primary,1,False,831,12,951,41,1052,142,164,105,1,123,False,False,False,False,0,0
old212,183,eval-hard-005,generic,False,primary,2,False,828,10,957,20,1081,144,133,85,1,95,False,False,False,False,0,0
old212,184,eval-hard-005,ours,False,primary,1,False,665,3,702,4,904,206,170,132,0,150,False,False,False,False,0,0
old212,184,eval-hard-005,ours,False,primary,2,False,551,22,593,24,661,92,121,110,6,110,True,True,True,True,0,0
old212,185,eval-moderate-014,ours,True,primary,1,False,866,2,888,2,1008,122,173,164,0,173,False,False,False,False,0,0
old212,185,eval-moderate-014,ours,True,primary,2,False,913,20,939,22,1007,90,16,15,0,16,True,True,True,True,0,0
old212,186,eval-moderate-014,generic,True,primary,1,False,1147,27,1270,35,1346,111,174,164,4,168,False,False,False,False,0,0
old212,186,eval-moderate-014,generic,True,primary,2,False,1142,13,1285,22,1364,101,22,19,0,21,True,True,True,True,0,0
old212,187,eval-easy-007,ours,True,primary,1,False,1172,8,1224,9,1270,55,174,166,0,173,False,False,True,True,0,0
old212,188,eval-easy-007,generic,True,primary,1,False,1532,14,1566,14,1586,34,174,160,2,172,False,False,False,False,0,0
old212,188,eval-easy-007,generic,True,primary,2,False,1521,15,1574,19,1581,26,20,20,0,20,True,True,True,True,0,0
old212,189,eval-easy-022,generic,True,primary,1,False,1473,19,1567,22,1577,32,165,151,0,165,False,False,True,True,0,0
old212,190,eval-easy-022,ours,True,primary,1,False,1226,1,1321,2,1428,109,165,162,0,165,False,True,True,True,0,0
old212,191,eval-hard-013,ours,True,primary,1,False,635,1,663,1,808,146,170,158,0,169,False,False,False,False,1,0
old212,191,eval-hard-013,ours,True,primary,2,False,597,32,637,33,790,186,142,140,9,133,False,True,True,True,0,0
old212,192,eval-hard-013,generic,False,primary,1,False,876,19,918,23,972,77,144,66,0,85,False,False,False,False,0,0
old212,192,eval-hard-013,generic,False,primary,2,False,936,5,991,8,1082,99,142,82,0,101,False,False,False,False,0,0
old212,193,eval-moderate-021,generic,False,primary,1,False,1126,13,1261,33,1324,96,175,163,2,172,False,False,False,False,0,0
old212,193,eval-moderate-021,generic,False,primary,2,False,1127,11,1266,12,1352,98,36,33,0,35,True,True,True,True,0,0
old212,194,eval-moderate-021,ours,True,primary,1,False,715,2,732,2,840,110,176,170,0,176,False,False,False,False,0,0
old212,194,eval-moderate-021,ours,True,primary,2,False,775,22,798,23,829,54,39,38,0,39,True,True,True,True,0,0
old212,195,eval-easy-032,ours,True,primary,1,False,1156,1,1256,19,1281,44,162,155,0,162,False,True,True,True,0,0
old212,196,eval-easy-032,generic,True,primary,1,False,1525,19,1561,19,1580,38,173,162,3,169,False,False,False,False,0,0
old212,196,eval-easy-032,generic,True,primary,2,False,1523,8,1581,8,1592,19,23,22,0,23,False,False,True,True,0,0
old212,197,eval-hard-029,generic,False,primary,1,False,850,17,926,22,1041,137,170,34,2,59,False,False,False,False,0,0
old212,197,eval-hard-029,generic,False,primary,2,False,886,11,935,12,1113,190,158,100,0,146,False,False,False,False,0,0
old212,198,eval-hard-029,ours,True,primary,1,False,571,6,628,6,756,134,167,159,0,167,False,False,False,False,0,0
old212,198,eval-hard-029,ours,True,primary,2,False,677,14,703,15,847,159,131,128,0,131,False,True,True,True,0,0
old212,199,eval-moderate-022,ours,True,primary,1,False,897,1,930,2,1036,108,179,178,0,179,False,False,False,False,0,0
old212,199,eval-moderate-022,ours,True,primary,2,False,926,15,952,18,1050,116,38,38,0,38,True,True,True,True,0,0
old212,200,eval-moderate-022,generic,False,primary,1,False,1077,19,1253,42,1316,105,176,172,0,176,False,False,False,False,0,0
old212,200,eval-moderate-022,generic,False,primary,2,False,1081,39,1212,42,1269,99,40,39,0,40,True,True,True,True,0,0
old212,201,eval-moderate-003,generic,True,primary,1,False,1132,25,1286,37,1361,112,173,158,0,171,False,True,True,True,0,0
old212,202,eval-moderate-003,ours,True,primary,1,False,985,3,1018,5,1117,104,172,165,0,172,True,True,True,True,0,0
old212,203,eval-easy-020,ours,True,primary,1,False,1121,14,1224,28,1232,36,173,165,0,173,False,False,False,False,0,0
old212,203,eval-easy-020,ours,True,primary,2,False,1141,49,1236,55,1222,41,31,27,0,31,False,True,True,True,0,0
old212,204,eval-easy-020,generic,True,primary,1,False,1529,9,1580,10,1590,20,162,146,1,161,False,True,True,True,0,0
old212,205,eval-hard-011,generic,True,primary,1,False,916,8,1010,24,1113,127,163,152,0,155,False,False,False,False,0,0
old212,205,eval-hard-011,generic,True,primary,2,False,877,6,993,10,1141,158,147,134,0,141,False,True,True,True,0,0
old212,206,eval-hard-011,ours,False,primary,1,False,738,3,772,3,885,116,161,152,0,159,False,False,False,False,0,0
old212,206,eval-hard-011,ours,False,primary,2,False,765,34,789,34,871,116,138,135,0,138,True,True,True,True,0,0
old212,208,eval-easy-012,ours,True,primary,1,False,1125,6,1162,8,1239,85,172,172,0,172,False,False,False,False,0,0
old212,208,eval-easy-012,ours,True,primary,2,False,1177,27,1235,34,1235,34,37,37,0,37,True,True,True,True,0,0
old212,209,eval-easy-011,ours,True,primary,1,False,1099,12,1150,12,1190,52,165,156,0,165,False,False,False,False,0,0
old212,209,eval-easy-011,ours,True,primary,2,False,1155,38,1210,41,1183,14,12,12,0,12,True,True,True,True,0,0
old212,210,eval-easy-011,generic,True,primary,1,False,1521,14,1556,14,1585,43,174,157,1,173,False,False,True,True,0,0
old212,211,eval-hard-022,ours,True,primary,1,False,596,1,623,1,828,206,177,154,0,177,False,False,False,False,0,0
old212,211,eval-hard-022,ours,True,primary,2,False,677,35,709,35,816,142,116,110,0,116,True,True,True,True,0,0
old212,212,eval-hard-022,generic,False,primary,1,False,903,16,981,24,1107,150,175,104,1,125,False,False,False,False,0,0
old212,212,eval-hard-022,generic,False,primary,2,False,885,6,988,18,1127,157,156,95,0,113,False,False,False,False,0,0
online_v1,slot-01-easy003-ours,eval-easy-003,ours,True,development,1,False,1177,19,1286,39,1268,21,169,161,0,168,False,True,True,True,0,0
online_v1,slot-02-easy003-confirmation,eval-easy-003,confirmation,True,development,1,False,738,0,747,0,849,102,155,109,0,143,False,False,False,False,0,0
online_v1,slot-02-easy003-confirmation,eval-easy-003,confirmation,True,development,2,False,1222,1,1228,1,1362,135,12,11,0,12,True,True,True,True,0,0
online_v1,slot-03-moderate009-confirmation,eval-moderate-009,confirmation,True,development,1,False,811,2,851,2,959,110,171,159,0,171,True,True,True,True,0,0
online_v1,slot-04-moderate009-ours,eval-moderate-009,ours,True,development,1,False,894,3,922,3,1050,131,171,163,0,171,False,False,True,True,0,0
online_v1,slot-05-hard015-ours,eval-hard-015,ours,False,development,1,False,665,4,690,4,795,109,163,155,0,163,False,False,False,False,0,0
online_v1,slot-05-hard015-ours,eval-hard-015,ours,False,development,2,False,691,12,720,12,817,109,99,97,0,99,True,True,True,True,0,0
online_v1,slot-06-hard015-confirmation,eval-hard-015,confirmation,False,development,1,False,630,4,664,4,784,124,162,144,0,160,False,False,False,False,0,0
online_v1,slot-06-hard015-confirmation,eval-hard-015,confirmation,False,development,2,False,646,21,689,23,791,125,105,103,6,99,True,True,True,True,0,1
online_v1,slot-07-hard023-confirmation,eval-hard-023,confirmation,False,development,1,False,550,4,600,6,708,114,163,135,2,136,False,False,False,False,0,0
online_v1,slot-07-hard023-confirmation,eval-hard-023,confirmation,False,development,2,False,748,20,784,21,885,122,131,118,0,124,False,False,False,False,0,0
online_v1,slot-08-hard023-ours,eval-hard-023,ours,False,development,1,False,744,1,785,1,935,151,163,132,0,149,False,False,False,False,0,0
online_v1,slot-08-hard023-ours,eval-hard-023,ours,False,development,2,False,657,30,701,30,814,143,139,123,15,117,False,False,False,False,0,0
