slot,scene,seed,method,tier,status,retrieval_success,selected_attempt,invalid_activation_count,D_env_applicable,first_discovery_window,D_env,D_exec,C_env_count_final,C_env_count_max,T_first_env_sim,T_active_sim,T_task_sim,T_exec_ready_sim,metrics_terminal_status,failure_stage,failure_reason,capture_calls,discarded_windows,completed_windows,voted_windows,sensing_visits,sensing_rescans,nbv_moves,initial_outbound,return_actions,uav_active_distance_m,uav_active_complete,uav_active_missing_samples,uav_active_gap_count,uav_active_observed_distance_lower_bound_m,uav_total_distance_m,uav_total_complete,uav_total_missing_samples,uav_total_gap_count,uav_total_observed_distance_lower_bound_m,ground_total_distance_m,ground_total_complete,ground_total_missing_samples,ground_total_gap_count,ground_total_observed_distance_lower_bound_m,stage_preflight_status,stage_preflight_duration_sim_s,stage_takeoff_status,stage_takeoff_duration_sim_s,stage_initial_view_status,stage_initial_view_duration_sim_s,stage_aerial_observe_status,stage_aerial_observe_duration_sim_s,stage_initial_query_status,stage_initial_query_duration_sim_s,stage_active_status,stage_active_duration_sim_s,stage_return_status,stage_return_duration_sim_s,stage_landing_status,stage_landing_duration_sim_s,stage_ground_navigation_status,stage_ground_navigation_duration_sim_s,stage_ground_refine_status,stage_ground_refine_duration_sim_s,stage_refined_pregrasp_status,stage_refined_pregrasp_duration_sim_s,stage_descend_status,stage_descend_duration_sim_s,stage_close_status,stage_close_duration_sim_s,stage_lift_status,stage_lift_duration_sim_s,stage_retention_status,stage_retention_duration_sim_s
1,easy-001,565465572,rm4d_only,easy,VALID_TRIAL,True,slot-001-easy-001-rm4d-only-01,0,False,,,True,,,,0.0,123.148,110.791,LIFT,,,0,0,0,0,1,0,0,1,1,0.0,True,0,0,0.0,5.218002073249356,True,0,0,5.218002073249356,,False,0,1,2.5512868578389,SUCCEEDED,0.0030000000000001137,SUCCEEDED,12.804,SUCCEEDED,9.916999999999998,SUCCEEDED,0.18599999999999994,SUCCEEDED,16.353,NOT_REACHED,,SUCCEEDED,3.9939999999999998,SUCCEEDED,9.5,SUCCEEDED,45.411,SUCCEEDED,10.63600000000001,SUCCEEDED,1.9769999999999897,SUCCEEDED,4.917999999999992,SUCCEEDED,1.4669999999999987,SUCCEEDED,5.070999999999998,SUCCEEDED,0.8979999999999961
2,easy-001,565465572,fixed,easy,VALID_TRIAL,False,slot-002-easy-001-fixed-01,0,True,,False,False,0,0,,35.272999999999996,76.487,,FAILED,active,A5 stopped (VIEW_BUDGET_REACHED) without a confirmed exact candidate,3,1,3,3,3,2,0,1,0,,False,1,0,1.4455981239117268,,False,1,0,5.3495381216694575,0.0016102071230700247,True,0,0,0.0016102071230700247,SUCCEEDED,0.006999999999999673,SUCCEEDED,12.803,SUCCEEDED,9.784000000000002,SUCCEEDED,0.21599999999999397,SUCCEEDED,18.397000000000006,FAILED,35.278999999999996,NOT_REACHED,,NOT_REACHED,,NOT_REACHED,,NOT_REACHED,,NOT_REACHED,,NOT_REACHED,,NOT_REACHED,,NOT_REACHED,,NOT_REACHED,
3,easy-001,565465572,generic,easy,VALID_TRIAL,False,slot-003-easy-001-generic-01,0,True,3,True,False,1,1,53.533,53.534000000000006,204.053,,FAILED,ground_refine,near-field target height is inconsistent: measured=0.0060 expected=0.0575 tolerance=0.0300,3,0,3,3,3,0,2,1,1,3.4187327369077183,True,0,0,3.4187327369077183,10.957602857040285,True,0,0,10.957602857040285,,False,9,0,2.8715773233868687,SUCCEEDED,0.006000000000000227,SUCCEEDED,12.604000000000001,SUCCEEDED,9.888999999999996,SUCCEEDED,0.2220000000000013,SUCCEEDED,16.662,SUCCEEDED,53.534000000000006,SUCCEEDED,11.838999999999999,SUCCEEDED,8.902000000000001,SUCCEEDED,76.351,FAILED,14.033999999999992,NOT_REACHED,,NOT_REACHED,,NOT_REACHED,,NOT_REACHED,,NOT_REACHED,
4,easy-001,565465572,ours,easy,VALID_TRIAL,True,slot-004-easy-001-ours-01,0,True,3,True,True,2,2,50.518,50.518,215.794,204.256,LIFT,,,3,0,3,3,3,0,2,1,1,4.222347972750209,True,0,0,4.222347972750209,12.66151895933403,True,0,0,12.66151895933403,,False,4,0,2.87553051643445,SUCCEEDED,0.005000000000000782,SUCCEEDED,12.802999999999999,SUCCEEDED,10.097999999999999,SUCCEEDED,0.19599999999999795,SUCCEEDED,18.787000000000006,SUCCEEDED,50.518,SUCCEEDED,12.384,SUCCEEDED,7.8089999999999975,SUCCEEDED,78.742,SUCCEEDED,11.422000000000025,SUCCEEDED,1.4770000000000039,SUCCEEDED,4.507999999999981,SUCCEEDED,1.5030000000000143,SUCCEEDED,4.675000000000011,SUCCEEDED,0.8470000000000084
5,moderate-001,1863681335,fixed,moderate,VALID_TRIAL,False,slot-005-moderate-001-fixed-01,0,True,3,True,False,2,2,35.837999999999994,35.839,230.19,,FAILED,ground_refine,MoveIt refined pregrasp planning failed,3,1,3,3,3,2,0,1,1,1.4220947028548774,True,0,0,1.4220947028548774,6.486255467515349,True,0,0,6.486255467515349,,False,2,0,2.8969464156877165,SUCCEEDED,0.0039999999999995595,SUCCEEDED,12.8,SUCCEEDED,10.021,SUCCEEDED,0.22299999999999898,SUCCEEDED,17.862000000000002,SUCCEEDED,35.839,SUCCEEDED,1.1110000000000042,SUCCEEDED,7.803999999999988,SUCCEEDED,89.60800000000002,FAILED,54.90599999999998,NOT_REACHED,,NOT_REACHED,,NOT_REACHED,,NOT_REACHED,,NOT_REACHED,
6,moderate-001,1863681335,rm4d_only,moderate,VALID_TRIAL,False,slot-006-moderate-001-rm4d-only-01,0,False,,,False,,,,0.0,202.564,,FAILED,ground_navigation,RM4D top-1 navigation action timed out,0,0,0,0,1,0,0,1,1,0.0,True,0,0,0.0,5.963523647485245,True,0,0,5.963523647485245,2.6567537692188767,True,0,0,2.6567537692188767,SUCCEEDED,0.0039999999999995595,SUCCEEDED,12.803,SUCCEEDED,9.889999999999997,SUCCEEDED,0.2259999999999991,SUCCEEDED,18.039,NOT_REACHED,,SUCCEEDED,34.69,SUCCEEDED,6.902000000000001,FAILED,120.00500000000001,NOT_REACHED,,NOT_REACHED,,NOT_REACHED,,NOT_REACHED,,NOT_REACHED,,NOT_REACHED,
7,moderate-001,1863681335,ours,moderate,VALID_TRIAL,False,slot-007-moderate-001-ours-01,0,True,3,True,False,2,2,52.427,52.428000000000004,201.129,,FAILED,ground_refine,MoveIt refined pregrasp planning failed,3,0,3,3,3,0,2,1,1,3.40357552729397,True,0,0,3.40357552729397,11.49313043034806,True,0,0,11.49313043034806,,False,0,1,2.3239197535645046,SUCCEEDED,0.0019999999999988916,SUCCEEDED,12.6,SUCCEEDED,9.480999999999998,SUCCEEDED,0.2020000000000053,SUCCEEDED,18.238,SUCCEEDED,52.428000000000004,SUCCEEDED,10.63199999999999,SUCCEEDED,9.203000000000003,SUCCEEDED,33.952,FAILED,54.373999999999995,NOT_REACHED,,NOT_REACHED,,NOT_REACHED,,NOT_REACHED,,NOT_REACHED,
8,moderate-001,1863681335,generic,moderate,VALID_TRIAL,False,slot-008-moderate-001-generic-01,0,True,2,True,False,2,2,43.641000000000005,53.053,267.293,,FAILED,ground_refine,MoveIt refined pregrasp planning failed,3,0,3,3,3,0,2,1,1,4.21664602834751,True,0,0,4.21664602834751,12.518590608720087,True,0,0,12.518590608720087,,False,2,0,2.9620565398129473,SUCCEEDED,0.005000000000000782,SUCCEEDED,12.803,SUCCEEDED,9.722999999999999,SUCCEEDED,0.19700000000000273,SUCCEEDED,16.718999999999994,SUCCEEDED,53.053,SUCCEEDED,12.688000000000002,SUCCEEDED,7.402000000000001,SUCCEEDED,101.146,FAILED,53.54400000000001,NOT_REACHED,,NOT_REACHED,,NOT_REACHED,,NOT_REACHED,,NOT_REACHED,
9,hard-001,719495214,fixed,hard,VALID_TRIAL,False,slot-009-hard-001-fixed-01,0,True,,False,False,0,0,,36.568999999999996,76.506,,FAILED,active,A5 stopped (VIEW_BUDGET_REACHED) without a confirmed exact candidate,3,1,3,3,3,2,0,1,0,1.4348167245599064,True,0,0,1.4348167245599064,5.375020475981828,True,0,0,5.375020475981828,0.0016194691847897659,True,0,0,0.0016194691847897659,SUCCEEDED,0.0039999999999995595,SUCCEEDED,12.904000000000002,SUCCEEDED,10.080000000000002,SUCCEEDED,0.2219999999999942,SUCCEEDED,16.719,FAILED,36.576,NOT_REACHED,,NOT_REACHED,,NOT_REACHED,,NOT_REACHED,,NOT_REACHED,,NOT_REACHED,,NOT_REACHED,,NOT_REACHED,,NOT_REACHED,
10,hard-001,719495214,rm4d_only,hard,VALID_TRIAL,False,slot-010-hard-001-rm4d-only-01,0,False,,,False,,,,0.0,151.242,,FAILED,ground_refine,near-field target height is inconsistent: measured=-0.0034 expected=0.0575 tolerance=0.0300,0,0,0,0,1,0,0,1,1,0.0,True,0,0,0.0,5.302382472631119,True,0,0,5.302382472631119,,False,2,0,3.1358281979340052,SUCCEEDED,0.005000000000000782,SUCCEEDED,12.803999999999998,SUCCEEDED,9.598000000000003,SUCCEEDED,0.19200000000000017,SUCCEEDED,16.476999999999997,NOT_REACHED,,SUCCEEDED,4.32,SUCCEEDED,9.502000000000002,SUCCEEDED,87.00999999999999,FAILED,11.328000000000003,NOT_REACHED,,NOT_REACHED,,NOT_REACHED,,NOT_REACHED,,NOT_REACHED,
11,hard-001,719495214,ours,hard,VALID_TRIAL,True,slot-011-hard-001-ours-01,0,True,3,True,True,1,1,51.332,51.333000000000006,170.711,157.47500000000002,LIFT,,,3,0,3,3,3,0,2,1,1,3.433867928243508,True,0,0,3.433867928243508,11.07555573692717,True,0,0,11.07555573692717,,False,1,0,2.508143379155993,SUCCEEDED,0.002000000000000668,SUCCEEDED,12.904,SUCCEEDED,10.315000000000001,SUCCEEDED,0.19500000000000028,SUCCEEDED,17.887999999999998,SUCCEEDED,51.333000000000006,SUCCEEDED,9.730999999999995,SUCCEEDED,9.304000000000002,SUCCEEDED,33.61,SUCCEEDED,11.08499999999998,SUCCEEDED,1.0970000000000084,SUCCEEDED,5.367000000000019,SUCCEEDED,1.5100000000000193,SUCCEEDED,5.5260000000000105,SUCCEEDED,0.8269999999999982
12,hard-001,719495214,generic,hard,VALID_TRIAL,False,slot-012-hard-001-generic-01,0,True,,False,False,0,0,,51.513000000000005,92.385,,FAILED,active,A5 stopped (VIEW_BUDGET_REACHED) without a confirmed exact candidate,3,0,3,3,3,0,2,1,0,4.262252704066804,True,0,0,4.262252704066804,8.274509288287927,True,0,0,8.274509288287927,0.0019280740202670698,True,0,0,0.0019280740202670698,SUCCEEDED,0.002000000000000668,SUCCEEDED,12.902999999999999,SUCCEEDED,10.000000000000004,SUCCEEDED,0.20400000000000063,SUCCEEDED,17.758999999999993,FAILED,51.51700000000001,NOT_REACHED,,NOT_REACHED,,NOT_REACHED,,NOT_REACHED,,NOT_REACHED,,NOT_REACHED,,NOT_REACHED,,NOT_REACHED,,NOT_REACHED,
13,hard-001,719495214,no_occlusion,hard,VALID_TRIAL,False,slot-013-hard-001-no-occlusion-01,0,True,,False,False,0,0,,53.157000000000004,93.67999999999999,,FAILED,active,A5 stopped (VIEW_BUDGET_REACHED) without a confirmed exact candidate,3,0,3,3,3,0,2,1,0,1.3143610809610988,True,0,0,1.3143610809610988,5.302689346759124,True,0,0,5.302689346759124,,False,1,0,0.0019514474111443666,SUCCEEDED,0.006000000000000227,SUCCEEDED,12.902999999999999,SUCCEEDED,9.624000000000002,SUCCEEDED,0.18799999999999528,SUCCEEDED,17.797000000000004,FAILED,53.160999999999994,NOT_REACHED,,NOT_REACHED,,NOT_REACHED,,NOT_REACHED,,NOT_REACHED,,NOT_REACHED,,NOT_REACHED,,NOT_REACHED,,NOT_REACHED,
14,hard-001,719495214,no_cost,hard,VALID_TRIAL,False,slot-014-hard-001-no-cost-01,0,True,3,True,True,2,2,52.940000000000005,52.940000000000005,173.162,167.593,FAILED,close,AG95 close controller action failed: state=4 status=,3,0,3,3,3,0,2,1,1,3.498480943607483,True,0,0,3.498480943607483,10.964507287135472,True,0,0,10.964507287135472,,False,5,0,2.4948980696575416,SUCCEEDED,0.006000000000000227,SUCCEEDED,12.904000000000002,SUCCEEDED,10.100000000000001,SUCCEEDED,0.21599999999999397,SUCCEEDED,17.381,SUCCEEDED,52.940000000000005,SUCCEEDED,10.421999999999997,SUCCEEDED,8.602999999999994,SUCCEEDED,33.54199999999999,SUCCEEDED,11.09099999999998,SUCCEEDED,10.378000000000014,SUCCEEDED,5.076999999999998,FAILED,0.48799999999999955,NOT_REACHED,,NOT_REACHED,
15,hard-002,958985919,generic,hard,VALID_TRIAL,False,slot-015-hard-002-generic-01,0,True,,False,False,0,0,,52.16899999999999,92.235,,FAILED,active,A5 stopped (VIEW_BUDGET_REACHED) without a confirmed exact candidate,3,0,3,3,3,0,2,1,0,4.1754447845195815,True,0,0,4.1754447845195815,8.118505328759412,True,0,0,8.118505328759412,0.0019238502020889428,True,0,0,0.0019238502020889428,SUCCEEDED,0.0030000000000001137,SUCCEEDED,12.801999999999998,SUCCEEDED,9.637999999999998,SUCCEEDED,0.1980000000000004,SUCCEEDED,17.421000000000006,FAILED,52.172999999999995,NOT_REACHED,,NOT_REACHED,,NOT_REACHED,,NOT_REACHED,,NOT_REACHED,,NOT_REACHED,,NOT_REACHED,,NOT_REACHED,,NOT_REACHED,
16,hard-002,958985919,fixed,hard,VALID_TRIAL,False,slot-016-hard-002-fixed-01,0,True,,False,False,0,0,,37.051,76.722,,FAILED,active,A5 stopped (VIEW_BUDGET_REACHED) without a confirmed exact candidate,3,1,3,3,3,2,0,1,0,1.3823683667237516,True,0,0,1.3823683667237516,5.251009068093255,True,0,0,5.251009068093255,,False,1,0,0.001618621726005768,SUCCEEDED,0.004999999999999005,SUCCEEDED,12.703000000000001,SUCCEEDED,9.52,SUCCEEDED,0.20000000000000284,SUCCEEDED,17.236999999999995,FAILED,37.056,NOT_REACHED,,NOT_REACHED,,NOT_REACHED,,NOT_REACHED,,NOT_REACHED,,NOT_REACHED,,NOT_REACHED,,NOT_REACHED,,NOT_REACHED,
17,hard-002,958985919,rm4d_only,hard,NOT_RUN,,,0,False,,,,,,,,,,,,,,,,,,,,,,,,,,,,,,,,,,,,,,,,,,,,,,,,,,,,,,,,,,,,,,,,,,
18,hard-002,958985919,ours,hard,NOT_RUN,,,0,True,,,,,,,,,,,,,,,,,,,,,,,,,,,,,,,,,,,,,,,,,,,,,,,,,,,,,,,,,,,,,,,,,,
19,hard-002,958985919,no_cost,hard,NOT_RUN,,,0,True,,,,,,,,,,,,,,,,,,,,,,,,,,,,,,,,,,,,,,,,,,,,,,,,,,,,,,,,,,,,,,,,,,
20,hard-002,958985919,no_occlusion,hard,NOT_RUN,,,0,True,,,,,,,,,,,,,,,,,,,,,,,,,,,,,,,,,,,,,,,,,,,,,,,,,,,,,,,,,,,,,,,,,,
21,easy-002,298579121,generic,easy,NOT_RUN,,,0,True,,,,,,,,,,,,,,,,,,,,,,,,,,,,,,,,,,,,,,,,,,,,,,,,,,,,,,,,,,,,,,,,,,
22,easy-002,298579121,ours,easy,NOT_RUN,,,0,True,,,,,,,,,,,,,,,,,,,,,,,,,,,,,,,,,,,,,,,,,,,,,,,,,,,,,,,,,,,,,,,,,,
23,easy-002,298579121,rm4d_only,easy,NOT_RUN,,,0,False,,,,,,,,,,,,,,,,,,,,,,,,,,,,,,,,,,,,,,,,,,,,,,,,,,,,,,,,,,,,,,,,,,
24,easy-002,298579121,fixed,easy,NOT_RUN,,,0,True,,,,,,,,,,,,,,,,,,,,,,,,,,,,,,,,,,,,,,,,,,,,,,,,,,,,,,,,,,,,,,,,,,
25,moderate-002,35855931,ours,moderate,NOT_RUN,,,0,True,,,,,,,,,,,,,,,,,,,,,,,,,,,,,,,,,,,,,,,,,,,,,,,,,,,,,,,,,,,,,,,,,,
26,moderate-002,35855931,generic,moderate,NOT_RUN,,,0,True,,,,,,,,,,,,,,,,,,,,,,,,,,,,,,,,,,,,,,,,,,,,,,,,,,,,,,,,,,,,,,,,,,
27,moderate-002,35855931,fixed,moderate,NOT_RUN,,,0,True,,,,,,,,,,,,,,,,,,,,,,,,,,,,,,,,,,,,,,,,,,,,,,,,,,,,,,,,,,,,,,,,,,
28,moderate-002,35855931,rm4d_only,moderate,NOT_RUN,,,0,False,,,,,,,,,,,,,,,,,,,,,,,,,,,,,,,,,,,,,,,,,,,,,,,,,,,,,,,,,,,,,,,,,,
29,moderate-003,1569560994,rm4d_only,moderate,NOT_RUN,,,0,False,,,,,,,,,,,,,,,,,,,,,,,,,,,,,,,,,,,,,,,,,,,,,,,,,,,,,,,,,,,,,,,,,,
30,moderate-003,1569560994,ours,moderate,NOT_RUN,,,0,True,,,,,,,,,,,,,,,,,,,,,,,,,,,,,,,,,,,,,,,,,,,,,,,,,,,,,,,,,,,,,,,,,,
31,moderate-003,1569560994,generic,moderate,NOT_RUN,,,0,True,,,,,,,,,,,,,,,,,,,,,,,,,,,,,,,,,,,,,,,,,,,,,,,,,,,,,,,,,,,,,,,,,,
32,moderate-003,1569560994,fixed,moderate,NOT_RUN,,,0,True,,,,,,,,,,,,,,,,,,,,,,,,,,,,,,,,,,,,,,,,,,,,,,,,,,,,,,,,,,,,,,,,,,
33,hard-003,597595373,rm4d_only,hard,NOT_RUN,,,0,False,,,,,,,,,,,,,,,,,,,,,,,,,,,,,,,,,,,,,,,,,,,,,,,,,,,,,,,,,,,,,,,,,,
34,hard-003,597595373,ours,hard,NOT_RUN,,,0,True,,,,,,,,,,,,,,,,,,,,,,,,,,,,,,,,,,,,,,,,,,,,,,,,,,,,,,,,,,,,,,,,,,
35,hard-003,597595373,generic,hard,NOT_RUN,,,0,True,,,,,,,,,,,,,,,,,,,,,,,,,,,,,,,,,,,,,,,,,,,,,,,,,,,,,,,,,,,,,,,,,,
36,hard-003,597595373,fixed,hard,NOT_RUN,,,0,True,,,,,,,,,,,,,,,,,,,,,,,,,,,,,,,,,,,,,,,,,,,,,,,,,,,,,,,,,,,,,,,,,,
37,hard-003,597595373,no_occlusion,hard,NOT_RUN,,,0,True,,,,,,,,,,,,,,,,,,,,,,,,,,,,,,,,,,,,,,,,,,,,,,,,,,,,,,,,,,,,,,,,,,
38,hard-003,597595373,no_cost,hard,NOT_RUN,,,0,True,,,,,,,,,,,,,,,,,,,,,,,,,,,,,,,,,,,,,,,,,,,,,,,,,,,,,,,,,,,,,,,,,,
39,easy-003,338725510,fixed,easy,NOT_RUN,,,0,True,,,,,,,,,,,,,,,,,,,,,,,,,,,,,,,,,,,,,,,,,,,,,,,,,,,,,,,,,,,,,,,,,,
40,easy-003,338725510,generic,easy,NOT_RUN,,,0,True,,,,,,,,,,,,,,,,,,,,,,,,,,,,,,,,,,,,,,,,,,,,,,,,,,,,,,,,,,,,,,,,,,
41,easy-003,338725510,ours,easy,NOT_RUN,,,0,True,,,,,,,,,,,,,,,,,,,,,,,,,,,,,,,,,,,,,,,,,,,,,,,,,,,,,,,,,,,,,,,,,,
42,easy-003,338725510,rm4d_only,easy,NOT_RUN,,,0,False,,,,,,,,,,,,,,,,,,,,,,,,,,,,,,,,,,,,,,,,,,,,,,,,,,,,,,,,,,,,,,,,,,
43,moderate-004,1360986836,generic,moderate,NOT_RUN,,,0,True,,,,,,,,,,,,,,,,,,,,,,,,,,,,,,,,,,,,,,,,,,,,,,,,,,,,,,,,,,,,,,,,,,
44,moderate-004,1360986836,fixed,moderate,NOT_RUN,,,0,True,,,,,,,,,,,,,,,,,,,,,,,,,,,,,,,,,,,,,,,,,,,,,,,,,,,,,,,,,,,,,,,,,,
45,moderate-004,1360986836,rm4d_only,moderate,NOT_RUN,,,0,False,,,,,,,,,,,,,,,,,,,,,,,,,,,,,,,,,,,,,,,,,,,,,,,,,,,,,,,,,,,,,,,,,,
46,moderate-004,1360986836,ours,moderate,NOT_RUN,,,0,True,,,,,,,,,,,,,,,,,,,,,,,,,,,,,,,,,,,,,,,,,,,,,,,,,,,,,,,,,,,,,,,,,,
47,easy-004,1658322352,ours,easy,NOT_RUN,,,0,True,,,,,,,,,,,,,,,,,,,,,,,,,,,,,,,,,,,,,,,,,,,,,,,,,,,,,,,,,,,,,,,,,,
48,easy-004,1658322352,rm4d_only,easy,NOT_RUN,,,0,False,,,,,,,,,,,,,,,,,,,,,,,,,,,,,,,,,,,,,,,,,,,,,,,,,,,,,,,,,,,,,,,,,,
49,easy-004,1658322352,fixed,easy,NOT_RUN,,,0,True,,,,,,,,,,,,,,,,,,,,,,,,,,,,,,,,,,,,,,,,,,,,,,,,,,,,,,,,,,,,,,,,,,
50,easy-004,1658322352,generic,easy,NOT_RUN,,,0,True,,,,,,,,,,,,,,,,,,,,,,,,,,,,,,,,,,,,,,,,,,,,,,,,,,,,,,,,,,,,,,,,,,
51,hard-004,111882359,ours,hard,NOT_RUN,,,0,True,,,,,,,,,,,,,,,,,,,,,,,,,,,,,,,,,,,,,,,,,,,,,,,,,,,,,,,,,,,,,,,,,,
52,hard-004,111882359,generic,hard,NOT_RUN,,,0,True,,,,,,,,,,,,,,,,,,,,,,,,,,,,,,,,,,,,,,,,,,,,,,,,,,,,,,,,,,,,,,,,,,
53,hard-004,111882359,fixed,hard,NOT_RUN,,,0,True,,,,,,,,,,,,,,,,,,,,,,,,,,,,,,,,,,,,,,,,,,,,,,,,,,,,,,,,,,,,,,,,,,
54,hard-004,111882359,rm4d_only,hard,NOT_RUN,,,0,False,,,,,,,,,,,,,,,,,,,,,,,,,,,,,,,,,,,,,,,,,,,,,,,,,,,,,,,,,,,,,,,,,,
55,hard-004,111882359,no_cost,hard,NOT_RUN,,,0,True,,,,,,,,,,,,,,,,,,,,,,,,,,,,,,,,,,,,,,,,,,,,,,,,,,,,,,,,,,,,,,,,,,
56,hard-004,111882359,no_occlusion,hard,NOT_RUN,,,0,True,,,,,,,,,,,,,,,,,,,,,,,,,,,,,,,,,,,,,,,,,,,,,,,,,,,,,,,,,,,,,,,,,,
57,hard-005,1333883832,rm4d_only,hard,NOT_RUN,,,0,False,,,,,,,,,,,,,,,,,,,,,,,,,,,,,,,,,,,,,,,,,,,,,,,,,,,,,,,,,,,,,,,,,,
58,hard-005,1333883832,ours,hard,NOT_RUN,,,0,True,,,,,,,,,,,,,,,,,,,,,,,,,,,,,,,,,,,,,,,,,,,,,,,,,,,,,,,,,,,,,,,,,,
59,hard-005,1333883832,generic,hard,NOT_RUN,,,0,True,,,,,,,,,,,,,,,,,,,,,,,,,,,,,,,,,,,,,,,,,,,,,,,,,,,,,,,,,,,,,,,,,,
60,hard-005,1333883832,fixed,hard,NOT_RUN,,,0,True,,,,,,,,,,,,,,,,,,,,,,,,,,,,,,,,,,,,,,,,,,,,,,,,,,,,,,,,,,,,,,,,,,
61,hard-005,1333883832,no_occlusion,hard,NOT_RUN,,,0,True,,,,,,,,,,,,,,,,,,,,,,,,,,,,,,,,,,,,,,,,,,,,,,,,,,,,,,,,,,,,,,,,,,
62,hard-005,1333883832,no_cost,hard,NOT_RUN,,,0,True,,,,,,,,,,,,,,,,,,,,,,,,,,,,,,,,,,,,,,,,,,,,,,,,,,,,,,,,,,,,,,,,,,
63,moderate-005,1470629440,generic,moderate,NOT_RUN,,,0,True,,,,,,,,,,,,,,,,,,,,,,,,,,,,,,,,,,,,,,,,,,,,,,,,,,,,,,,,,,,,,,,,,,
64,moderate-005,1470629440,ours,moderate,NOT_RUN,,,0,True,,,,,,,,,,,,,,,,,,,,,,,,,,,,,,,,,,,,,,,,,,,,,,,,,,,,,,,,,,,,,,,,,,
65,moderate-005,1470629440,rm4d_only,moderate,NOT_RUN,,,0,False,,,,,,,,,,,,,,,,,,,,,,,,,,,,,,,,,,,,,,,,,,,,,,,,,,,,,,,,,,,,,,,,,,
66,moderate-005,1470629440,fixed,moderate,NOT_RUN,,,0,True,,,,,,,,,,,,,,,,,,,,,,,,,,,,,,,,,,,,,,,,,,,,,,,,,,,,,,,,,,,,,,,,,,
67,easy-005,1865350886,rm4d_only,easy,NOT_RUN,,,0,False,,,,,,,,,,,,,,,,,,,,,,,,,,,,,,,,,,,,,,,,,,,,,,,,,,,,,,,,,,,,,,,,,,
68,easy-005,1865350886,generic,easy,NOT_RUN,,,0,True,,,,,,,,,,,,,,,,,,,,,,,,,,,,,,,,,,,,,,,,,,,,,,,,,,,,,,,,,,,,,,,,,,
69,easy-005,1865350886,fixed,easy,NOT_RUN,,,0,True,,,,,,,,,,,,,,,,,,,,,,,,,,,,,,,,,,,,,,,,,,,,,,,,,,,,,,,,,,,,,,,,,,
70,easy-005,1865350886,ours,easy,NOT_RUN,,,0,True,,,,,,,,,,,,,,,,,,,,,,,,,,,,,,,,,,,,,,,,,,,,,,,,,,,,,,,,,,,,,,,,,,
71,moderate-006,1332140548,fixed,moderate,NOT_RUN,,,0,True,,,,,,,,,,,,,,,,,,,,,,,,,,,,,,,,,,,,,,,,,,,,,,,,,,,,,,,,,,,,,,,,,,
72,moderate-006,1332140548,generic,moderate,NOT_RUN,,,0,True,,,,,,,,,,,,,,,,,,,,,,,,,,,,,,,,,,,,,,,,,,,,,,,,,,,,,,,,,,,,,,,,,,
73,moderate-006,1332140548,ours,moderate,NOT_RUN,,,0,True,,,,,,,,,,,,,,,,,,,,,,,,,,,,,,,,,,,,,,,,,,,,,,,,,,,,,,,,,,,,,,,,,,
74,moderate-006,1332140548,rm4d_only,moderate,NOT_RUN,,,0,False,,,,,,,,,,,,,,,,,,,,,,,,,,,,,,,,,,,,,,,,,,,,,,,,,,,,,,,,,,,,,,,,,,
75,hard-006,418828098,fixed,hard,NOT_RUN,,,0,True,,,,,,,,,,,,,,,,,,,,,,,,,,,,,,,,,,,,,,,,,,,,,,,,,,,,,,,,,,,,,,,,,,
76,hard-006,418828098,rm4d_only,hard,NOT_RUN,,,0,False,,,,,,,,,,,,,,,,,,,,,,,,,,,,,,,,,,,,,,,,,,,,,,,,,,,,,,,,,,,,,,,,,,
77,hard-006,418828098,ours,hard,NOT_RUN,,,0,True,,,,,,,,,,,,,,,,,,,,,,,,,,,,,,,,,,,,,,,,,,,,,,,,,,,,,,,,,,,,,,,,,,
78,hard-006,418828098,generic,hard,NOT_RUN,,,0,True,,,,,,,,,,,,,,,,,,,,,,,,,,,,,,,,,,,,,,,,,,,,,,,,,,,,,,,,,,,,,,,,,,
79,hard-006,418828098,no_cost,hard,NOT_RUN,,,0,True,,,,,,,,,,,,,,,,,,,,,,,,,,,,,,,,,,,,,,,,,,,,,,,,,,,,,,,,,,,,,,,,,,
80,hard-006,418828098,no_occlusion,hard,NOT_RUN,,,0,True,,,,,,,,,,,,,,,,,,,,,,,,,,,,,,,,,,,,,,,,,,,,,,,,,,,,,,,,,,,,,,,,,,
81,easy-006,676647065,generic,easy,NOT_RUN,,,0,True,,,,,,,,,,,,,,,,,,,,,,,,,,,,,,,,,,,,,,,,,,,,,,,,,,,,,,,,,,,,,,,,,,
82,easy-006,676647065,fixed,easy,NOT_RUN,,,0,True,,,,,,,,,,,,,,,,,,,,,,,,,,,,,,,,,,,,,,,,,,,,,,,,,,,,,,,,,,,,,,,,,,
83,easy-006,676647065,ours,easy,NOT_RUN,,,0,True,,,,,,,,,,,,,,,,,,,,,,,,,,,,,,,,,,,,,,,,,,,,,,,,,,,,,,,,,,,,,,,,,,
84,easy-006,676647065,rm4d_only,easy,NOT_RUN,,,0,False,,,,,,,,,,,,,,,,,,,,,,,,,,,,,,,,,,,,,,,,,,,,,,,,,,,,,,,,,,,,,,,,,,
85,easy-007,1003569870,fixed,easy,NOT_RUN,,,0,True,,,,,,,,,,,,,,,,,,,,,,,,,,,,,,,,,,,,,,,,,,,,,,,,,,,,,,,,,,,,,,,,,,
86,easy-007,1003569870,ours,easy,NOT_RUN,,,0,True,,,,,,,,,,,,,,,,,,,,,,,,,,,,,,,,,,,,,,,,,,,,,,,,,,,,,,,,,,,,,,,,,,
87,easy-007,1003569870,rm4d_only,easy,NOT_RUN,,,0,False,,,,,,,,,,,,,,,,,,,,,,,,,,,,,,,,,,,,,,,,,,,,,,,,,,,,,,,,,,,,,,,,,,
88,easy-007,1003569870,generic,easy,NOT_RUN,,,0,True,,,,,,,,,,,,,,,,,,,,,,,,,,,,,,,,,,,,,,,,,,,,,,,,,,,,,,,,,,,,,,,,,,
89,moderate-007,2094985234,rm4d_only,moderate,NOT_RUN,,,0,False,,,,,,,,,,,,,,,,,,,,,,,,,,,,,,,,,,,,,,,,,,,,,,,,,,,,,,,,,,,,,,,,,,
90,moderate-007,2094985234,fixed,moderate,NOT_RUN,,,0,True,,,,,,,,,,,,,,,,,,,,,,,,,,,,,,,,,,,,,,,,,,,,,,,,,,,,,,,,,,,,,,,,,,
91,moderate-007,2094985234,generic,moderate,NOT_RUN,,,0,True,,,,,,,,,,,,,,,,,,,,,,,,,,,,,,,,,,,,,,,,,,,,,,,,,,,,,,,,,,,,,,,,,,
92,moderate-007,2094985234,ours,moderate,NOT_RUN,,,0,True,,,,,,,,,,,,,,,,,,,,,,,,,,,,,,,,,,,,,,,,,,,,,,,,,,,,,,,,,,,,,,,,,,
93,hard-007,1018698094,ours,hard,NOT_RUN,,,0,True,,,,,,,,,,,,,,,,,,,,,,,,,,,,,,,,,,,,,,,,,,,,,,,,,,,,,,,,,,,,,,,,,,
94,hard-007,1018698094,generic,hard,NOT_RUN,,,0,True,,,,,,,,,,,,,,,,,,,,,,,,,,,,,,,,,,,,,,,,,,,,,,,,,,,,,,,,,,,,,,,,,,
95,hard-007,1018698094,fixed,hard,NOT_RUN,,,0,True,,,,,,,,,,,,,,,,,,,,,,,,,,,,,,,,,,,,,,,,,,,,,,,,,,,,,,,,,,,,,,,,,,
96,hard-007,1018698094,rm4d_only,hard,NOT_RUN,,,0,False,,,,,,,,,,,,,,,,,,,,,,,,,,,,,,,,,,,,,,,,,,,,,,,,,,,,,,,,,,,,,,,,,,
97,hard-007,1018698094,no_occlusion,hard,NOT_RUN,,,0,True,,,,,,,,,,,,,,,,,,,,,,,,,,,,,,,,,,,,,,,,,,,,,,,,,,,,,,,,,,,,,,,,,,
98,hard-007,1018698094,no_cost,hard,NOT_RUN,,,0,True,,,,,,,,,,,,,,,,,,,,,,,,,,,,,,,,,,,,,,,,,,,,,,,,,,,,,,,,,,,,,,,,,,
99,easy-008,1868626241,ours,easy,NOT_RUN,,,0,True,,,,,,,,,,,,,,,,,,,,,,,,,,,,,,,,,,,,,,,,,,,,,,,,,,,,,,,,,,,,,,,,,,
100,easy-008,1868626241,rm4d_only,easy,NOT_RUN,,,0,False,,,,,,,,,,,,,,,,,,,,,,,,,,,,,,,,,,,,,,,,,,,,,,,,,,,,,,,,,,,,,,,,,,
101,easy-008,1868626241,generic,easy,NOT_RUN,,,0,True,,,,,,,,,,,,,,,,,,,,,,,,,,,,,,,,,,,,,,,,,,,,,,,,,,,,,,,,,,,,,,,,,,
102,easy-008,1868626241,fixed,easy,NOT_RUN,,,0,True,,,,,,,,,,,,,,,,,,,,,,,,,,,,,,,,,,,,,,,,,,,,,,,,,,,,,,,,,,,,,,,,,,
103,moderate-008,1041859029,ours,moderate,NOT_RUN,,,0,True,,,,,,,,,,,,,,,,,,,,,,,,,,,,,,,,,,,,,,,,,,,,,,,,,,,,,,,,,,,,,,,,,,
104,moderate-008,1041859029,rm4d_only,moderate,NOT_RUN,,,0,False,,,,,,,,,,,,,,,,,,,,,,,,,,,,,,,,,,,,,,,,,,,,,,,,,,,,,,,,,,,,,,,,,,
105,moderate-008,1041859029,fixed,moderate,NOT_RUN,,,0,True,,,,,,,,,,,,,,,,,,,,,,,,,,,,,,,,,,,,,,,,,,,,,,,,,,,,,,,,,,,,,,,,,,
106,moderate-008,1041859029,generic,moderate,NOT_RUN,,,0,True,,,,,,,,,,,,,,,,,,,,,,,,,,,,,,,,,,,,,,,,,,,,,,,,,,,,,,,,,,,,,,,,,,
107,hard-008,1040222024,generic,hard,NOT_RUN,,,0,True,,,,,,,,,,,,,,,,,,,,,,,,,,,,,,,,,,,,,,,,,,,,,,,,,,,,,,,,,,,,,,,,,,
108,hard-008,1040222024,fixed,hard,NOT_RUN,,,0,True,,,,,,,,,,,,,,,,,,,,,,,,,,,,,,,,,,,,,,,,,,,,,,,,,,,,,,,,,,,,,,,,,,
109,hard-008,1040222024,rm4d_only,hard,NOT_RUN,,,0,False,,,,,,,,,,,,,,,,,,,,,,,,,,,,,,,,,,,,,,,,,,,,,,,,,,,,,,,,,,,,,,,,,,
110,hard-008,1040222024,ours,hard,NOT_RUN,,,0,True,,,,,,,,,,,,,,,,,,,,,,,,,,,,,,,,,,,,,,,,,,,,,,,,,,,,,,,,,,,,,,,,,,
111,hard-008,1040222024,no_cost,hard,NOT_RUN,,,0,True,,,,,,,,,,,,,,,,,,,,,,,,,,,,,,,,,,,,,,,,,,,,,,,,,,,,,,,,,,,,,,,,,,
112,hard-008,1040222024,no_occlusion,hard,NOT_RUN,,,0,True,,,,,,,,,,,,,,,,,,,,,,,,,,,,,,,,,,,,,,,,,,,,,,,,,,,,,,,,,,,,,,,,,,
113,easy-009,1475795544,fixed,easy,NOT_RUN,,,0,True,,,,,,,,,,,,,,,,,,,,,,,,,,,,,,,,,,,,,,,,,,,,,,,,,,,,,,,,,,,,,,,,,,
114,easy-009,1475795544,generic,easy,NOT_RUN,,,0,True,,,,,,,,,,,,,,,,,,,,,,,,,,,,,,,,,,,,,,,,,,,,,,,,,,,,,,,,,,,,,,,,,,
115,easy-009,1475795544,rm4d_only,easy,NOT_RUN,,,0,False,,,,,,,,,,,,,,,,,,,,,,,,,,,,,,,,,,,,,,,,,,,,,,,,,,,,,,,,,,,,,,,,,,
116,easy-009,1475795544,ours,easy,NOT_RUN,,,0,True,,,,,,,,,,,,,,,,,,,,,,,,,,,,,,,,,,,,,,,,,,,,,,,,,,,,,,,,,,,,,,,,,,
117,hard-009,828264247,rm4d_only,hard,NOT_RUN,,,0,False,,,,,,,,,,,,,,,,,,,,,,,,,,,,,,,,,,,,,,,,,,,,,,,,,,,,,,,,,,,,,,,,,,
118,hard-009,828264247,generic,hard,NOT_RUN,,,0,True,,,,,,,,,,,,,,,,,,,,,,,,,,,,,,,,,,,,,,,,,,,,,,,,,,,,,,,,,,,,,,,,,,
119,hard-009,828264247,fixed,hard,NOT_RUN,,,0,True,,,,,,,,,,,,,,,,,,,,,,,,,,,,,,,,,,,,,,,,,,,,,,,,,,,,,,,,,,,,,,,,,,
120,hard-009,828264247,ours,hard,NOT_RUN,,,0,True,,,,,,,,,,,,,,,,,,,,,,,,,,,,,,,,,,,,,,,,,,,,,,,,,,,,,,,,,,,,,,,,,,
121,hard-009,828264247,no_occlusion,hard,NOT_RUN,,,0,True,,,,,,,,,,,,,,,,,,,,,,,,,,,,,,,,,,,,,,,,,,,,,,,,,,,,,,,,,,,,,,,,,,
122,hard-009,828264247,no_cost,hard,NOT_RUN,,,0,True,,,,,,,,,,,,,,,,,,,,,,,,,,,,,,,,,,,,,,,,,,,,,,,,,,,,,,,,,,,,,,,,,,
123,moderate-009,1770482040,fixed,moderate,NOT_RUN,,,0,True,,,,,,,,,,,,,,,,,,,,,,,,,,,,,,,,,,,,,,,,,,,,,,,,,,,,,,,,,,,,,,,,,,
124,moderate-009,1770482040,generic,moderate,NOT_RUN,,,0,True,,,,,,,,,,,,,,,,,,,,,,,,,,,,,,,,,,,,,,,,,,,,,,,,,,,,,,,,,,,,,,,,,,
125,moderate-009,1770482040,rm4d_only,moderate,NOT_RUN,,,0,False,,,,,,,,,,,,,,,,,,,,,,,,,,,,,,,,,,,,,,,,,,,,,,,,,,,,,,,,,,,,,,,,,,
126,moderate-009,1770482040,ours,moderate,NOT_RUN,,,0,True,,,,,,,,,,,,,,,,,,,,,,,,,,,,,,,,,,,,,,,,,,,,,,,,,,,,,,,,,,,,,,,,,,
127,moderate-010,441069258,rm4d_only,moderate,NOT_RUN,,,0,False,,,,,,,,,,,,,,,,,,,,,,,,,,,,,,,,,,,,,,,,,,,,,,,,,,,,,,,,,,,,,,,,,,
128,moderate-010,441069258,ours,moderate,NOT_RUN,,,0,True,,,,,,,,,,,,,,,,,,,,,,,,,,,,,,,,,,,,,,,,,,,,,,,,,,,,,,,,,,,,,,,,,,
129,moderate-010,441069258,fixed,moderate,NOT_RUN,,,0,True,,,,,,,,,,,,,,,,,,,,,,,,,,,,,,,,,,,,,,,,,,,,,,,,,,,,,,,,,,,,,,,,,,
130,moderate-010,441069258,generic,moderate,NOT_RUN,,,0,True,,,,,,,,,,,,,,,,,,,,,,,,,,,,,,,,,,,,,,,,,,,,,,,,,,,,,,,,,,,,,,,,,,
131,easy-010,1856347681,ours,easy,NOT_RUN,,,0,True,,,,,,,,,,,,,,,,,,,,,,,,,,,,,,,,,,,,,,,,,,,,,,,,,,,,,,,,,,,,,,,,,,
132,easy-010,1856347681,fixed,easy,NOT_RUN,,,0,True,,,,,,,,,,,,,,,,,,,,,,,,,,,,,,,,,,,,,,,,,,,,,,,,,,,,,,,,,,,,,,,,,,
133,easy-010,1856347681,generic,easy,NOT_RUN,,,0,True,,,,,,,,,,,,,,,,,,,,,,,,,,,,,,,,,,,,,,,,,,,,,,,,,,,,,,,,,,,,,,,,,,
134,easy-010,1856347681,rm4d_only,easy,NOT_RUN,,,0,False,,,,,,,,,,,,,,,,,,,,,,,,,,,,,,,,,,,,,,,,,,,,,,,,,,,,,,,,,,,,,,,,,,
135,hard-010,1701449634,generic,hard,NOT_RUN,,,0,True,,,,,,,,,,,,,,,,,,,,,,,,,,,,,,,,,,,,,,,,,,,,,,,,,,,,,,,,,,,,,,,,,,
136,hard-010,1701449634,fixed,hard,NOT_RUN,,,0,True,,,,,,,,,,,,,,,,,,,,,,,,,,,,,,,,,,,,,,,,,,,,,,,,,,,,,,,,,,,,,,,,,,
137,hard-010,1701449634,ours,hard,NOT_RUN,,,0,True,,,,,,,,,,,,,,,,,,,,,,,,,,,,,,,,,,,,,,,,,,,,,,,,,,,,,,,,,,,,,,,,,,
138,hard-010,1701449634,rm4d_only,hard,NOT_RUN,,,0,False,,,,,,,,,,,,,,,,,,,,,,,,,,,,,,,,,,,,,,,,,,,,,,,,,,,,,,,,,,,,,,,,,,
139,hard-010,1701449634,no_cost,hard,NOT_RUN,,,0,True,,,,,,,,,,,,,,,,,,,,,,,,,,,,,,,,,,,,,,,,,,,,,,,,,,,,,,,,,,,,,,,,,,
140,hard-010,1701449634,no_occlusion,hard,NOT_RUN,,,0,True,,,,,,,,,,,,,,,,,,,,,,,,,,,,,,,,,,,,,,,,,,,,,,,,,,,,,,,,,,,,,,,,,,
141,moderate-011,1542250437,generic,moderate,NOT_RUN,,,0,True,,,,,,,,,,,,,,,,,,,,,,,,,,,,,,,,,,,,,,,,,,,,,,,,,,,,,,,,,,,,,,,,,,
142,moderate-011,1542250437,rm4d_only,moderate,NOT_RUN,,,0,False,,,,,,,,,,,,,,,,,,,,,,,,,,,,,,,,,,,,,,,,,,,,,,,,,,,,,,,,,,,,,,,,,,
143,moderate-011,1542250437,ours,moderate,NOT_RUN,,,0,True,,,,,,,,,,,,,,,,,,,,,,,,,,,,,,,,,,,,,,,,,,,,,,,,,,,,,,,,,,,,,,,,,,
144,moderate-011,1542250437,fixed,moderate,NOT_RUN,,,0,True,,,,,,,,,,,,,,,,,,,,,,,,,,,,,,,,,,,,,,,,,,,,,,,,,,,,,,,,,,,,,,,,,,
145,hard-011,1969841285,ours,hard,NOT_RUN,,,0,True,,,,,,,,,,,,,,,,,,,,,,,,,,,,,,,,,,,,,,,,,,,,,,,,,,,,,,,,,,,,,,,,,,
146,hard-011,1969841285,rm4d_only,hard,NOT_RUN,,,0,False,,,,,,,,,,,,,,,,,,,,,,,,,,,,,,,,,,,,,,,,,,,,,,,,,,,,,,,,,,,,,,,,,,
147,hard-011,1969841285,generic,hard,NOT_RUN,,,0,True,,,,,,,,,,,,,,,,,,,,,,,,,,,,,,,,,,,,,,,,,,,,,,,,,,,,,,,,,,,,,,,,,,
148,hard-011,1969841285,fixed,hard,NOT_RUN,,,0,True,,,,,,,,,,,,,,,,,,,,,,,,,,,,,,,,,,,,,,,,,,,,,,,,,,,,,,,,,,,,,,,,,,
149,hard-011,1969841285,no_occlusion,hard,NOT_RUN,,,0,True,,,,,,,,,,,,,,,,,,,,,,,,,,,,,,,,,,,,,,,,,,,,,,,,,,,,,,,,,,,,,,,,,,
150,hard-011,1969841285,no_cost,hard,NOT_RUN,,,0,True,,,,,,,,,,,,,,,,,,,,,,,,,,,,,,,,,,,,,,,,,,,,,,,,,,,,,,,,,,,,,,,,,,
151,easy-011,1799044741,generic,easy,NOT_RUN,,,0,True,,,,,,,,,,,,,,,,,,,,,,,,,,,,,,,,,,,,,,,,,,,,,,,,,,,,,,,,,,,,,,,,,,
152,easy-011,1799044741,rm4d_only,easy,NOT_RUN,,,0,False,,,,,,,,,,,,,,,,,,,,,,,,,,,,,,,,,,,,,,,,,,,,,,,,,,,,,,,,,,,,,,,,,,
153,easy-011,1799044741,ours,easy,NOT_RUN,,,0,True,,,,,,,,,,,,,,,,,,,,,,,,,,,,,,,,,,,,,,,,,,,,,,,,,,,,,,,,,,,,,,,,,,
154,easy-011,1799044741,fixed,easy,NOT_RUN,,,0,True,,,,,,,,,,,,,,,,,,,,,,,,,,,,,,,,,,,,,,,,,,,,,,,,,,,,,,,,,,,,,,,,,,
155,hard-012,813203922,fixed,hard,NOT_RUN,,,0,True,,,,,,,,,,,,,,,,,,,,,,,,,,,,,,,,,,,,,,,,,,,,,,,,,,,,,,,,,,,,,,,,,,
156,hard-012,813203922,ours,hard,NOT_RUN,,,0,True,,,,,,,,,,,,,,,,,,,,,,,,,,,,,,,,,,,,,,,,,,,,,,,,,,,,,,,,,,,,,,,,,,
157,hard-012,813203922,rm4d_only,hard,NOT_RUN,,,0,False,,,,,,,,,,,,,,,,,,,,,,,,,,,,,,,,,,,,,,,,,,,,,,,,,,,,,,,,,,,,,,,,,,
158,hard-012,813203922,generic,hard,NOT_RUN,,,0,True,,,,,,,,,,,,,,,,,,,,,,,,,,,,,,,,,,,,,,,,,,,,,,,,,,,,,,,,,,,,,,,,,,
159,hard-012,813203922,no_cost,hard,NOT_RUN,,,0,True,,,,,,,,,,,,,,,,,,,,,,,,,,,,,,,,,,,,,,,,,,,,,,,,,,,,,,,,,,,,,,,,,,
160,hard-012,813203922,no_occlusion,hard,NOT_RUN,,,0,True,,,,,,,,,,,,,,,,,,,,,,,,,,,,,,,,,,,,,,,,,,,,,,,,,,,,,,,,,,,,,,,,,,
161,moderate-012,1359732063,ours,moderate,NOT_RUN,,,0,True,,,,,,,,,,,,,,,,,,,,,,,,,,,,,,,,,,,,,,,,,,,,,,,,,,,,,,,,,,,,,,,,,,
162,moderate-012,1359732063,fixed,moderate,NOT_RUN,,,0,True,,,,,,,,,,,,,,,,,,,,,,,,,,,,,,,,,,,,,,,,,,,,,,,,,,,,,,,,,,,,,,,,,,
163,moderate-012,1359732063,generic,moderate,NOT_RUN,,,0,True,,,,,,,,,,,,,,,,,,,,,,,,,,,,,,,,,,,,,,,,,,,,,,,,,,,,,,,,,,,,,,,,,,
164,moderate-012,1359732063,rm4d_only,moderate,NOT_RUN,,,0,False,,,,,,,,,,,,,,,,,,,,,,,,,,,,,,,,,,,,,,,,,,,,,,,,,,,,,,,,,,,,,,,,,,
165,easy-012,1756570198,rm4d_only,easy,NOT_RUN,,,0,False,,,,,,,,,,,,,,,,,,,,,,,,,,,,,,,,,,,,,,,,,,,,,,,,,,,,,,,,,,,,,,,,,,
166,easy-012,1756570198,ours,easy,NOT_RUN,,,0,True,,,,,,,,,,,,,,,,,,,,,,,,,,,,,,,,,,,,,,,,,,,,,,,,,,,,,,,,,,,,,,,,,,
167,easy-012,1756570198,fixed,easy,NOT_RUN,,,0,True,,,,,,,,,,,,,,,,,,,,,,,,,,,,,,,,,,,,,,,,,,,,,,,,,,,,,,,,,,,,,,,,,,
168,easy-012,1756570198,generic,easy,NOT_RUN,,,0,True,,,,,,,,,,,,,,,,,,,,,,,,,,,,,,,,,,,,,,,,,,,,,,,,,,,,,,,,,,,,,,,,,,
169,easy-013,611994095,generic,easy,NOT_RUN,,,0,True,,,,,,,,,,,,,,,,,,,,,,,,,,,,,,,,,,,,,,,,,,,,,,,,,,,,,,,,,,,,,,,,,,
170,easy-013,611994095,ours,easy,NOT_RUN,,,0,True,,,,,,,,,,,,,,,,,,,,,,,,,,,,,,,,,,,,,,,,,,,,,,,,,,,,,,,,,,,,,,,,,,
171,easy-013,611994095,rm4d_only,easy,NOT_RUN,,,0,False,,,,,,,,,,,,,,,,,,,,,,,,,,,,,,,,,,,,,,,,,,,,,,,,,,,,,,,,,,,,,,,,,,
172,easy-013,611994095,fixed,easy,NOT_RUN,,,0,True,,,,,,,,,,,,,,,,,,,,,,,,,,,,,,,,,,,,,,,,,,,,,,,,,,,,,,,,,,,,,,,,,,
173,moderate-013,1984380563,ours,moderate,NOT_RUN,,,0,True,,,,,,,,,,,,,,,,,,,,,,,,,,,,,,,,,,,,,,,,,,,,,,,,,,,,,,,,,,,,,,,,,,
174,moderate-013,1984380563,generic,moderate,NOT_RUN,,,0,True,,,,,,,,,,,,,,,,,,,,,,,,,,,,,,,,,,,,,,,,,,,,,,,,,,,,,,,,,,,,,,,,,,
175,moderate-013,1984380563,rm4d_only,moderate,NOT_RUN,,,0,False,,,,,,,,,,,,,,,,,,,,,,,,,,,,,,,,,,,,,,,,,,,,,,,,,,,,,,,,,,,,,,,,,,
176,moderate-013,1984380563,fixed,moderate,NOT_RUN,,,0,True,,,,,,,,,,,,,,,,,,,,,,,,,,,,,,,,,,,,,,,,,,,,,,,,,,,,,,,,,,,,,,,,,,
177,hard-013,1101554710,fixed,hard,NOT_RUN,,,0,True,,,,,,,,,,,,,,,,,,,,,,,,,,,,,,,,,,,,,,,,,,,,,,,,,,,,,,,,,,,,,,,,,,
178,hard-013,1101554710,ours,hard,NOT_RUN,,,0,True,,,,,,,,,,,,,,,,,,,,,,,,,,,,,,,,,,,,,,,,,,,,,,,,,,,,,,,,,,,,,,,,,,
179,hard-013,1101554710,generic,hard,NOT_RUN,,,0,True,,,,,,,,,,,,,,,,,,,,,,,,,,,,,,,,,,,,,,,,,,,,,,,,,,,,,,,,,,,,,,,,,,
180,hard-013,1101554710,rm4d_only,hard,NOT_RUN,,,0,False,,,,,,,,,,,,,,,,,,,,,,,,,,,,,,,,,,,,,,,,,,,,,,,,,,,,,,,,,,,,,,,,,,
181,hard-013,1101554710,no_occlusion,hard,NOT_RUN,,,0,True,,,,,,,,,,,,,,,,,,,,,,,,,,,,,,,,,,,,,,,,,,,,,,,,,,,,,,,,,,,,,,,,,,
182,hard-013,1101554710,no_cost,hard,NOT_RUN,,,0,True,,,,,,,,,,,,,,,,,,,,,,,,,,,,,,,,,,,,,,,,,,,,,,,,,,,,,,,,,,,,,,,,,,
183,moderate-014,2028221461,generic,moderate,NOT_RUN,,,0,True,,,,,,,,,,,,,,,,,,,,,,,,,,,,,,,,,,,,,,,,,,,,,,,,,,,,,,,,,,,,,,,,,,
184,moderate-014,2028221461,rm4d_only,moderate,NOT_RUN,,,0,False,,,,,,,,,,,,,,,,,,,,,,,,,,,,,,,,,,,,,,,,,,,,,,,,,,,,,,,,,,,,,,,,,,
185,moderate-014,2028221461,fixed,moderate,NOT_RUN,,,0,True,,,,,,,,,,,,,,,,,,,,,,,,,,,,,,,,,,,,,,,,,,,,,,,,,,,,,,,,,,,,,,,,,,
186,moderate-014,2028221461,ours,moderate,NOT_RUN,,,0,True,,,,,,,,,,,,,,,,,,,,,,,,,,,,,,,,,,,,,,,,,,,,,,,,,,,,,,,,,,,,,,,,,,
187,easy-014,2131072486,ours,easy,NOT_RUN,,,0,True,,,,,,,,,,,,,,,,,,,,,,,,,,,,,,,,,,,,,,,,,,,,,,,,,,,,,,,,,,,,,,,,,,
188,easy-014,2131072486,rm4d_only,easy,NOT_RUN,,,0,False,,,,,,,,,,,,,,,,,,,,,,,,,,,,,,,,,,,,,,,,,,,,,,,,,,,,,,,,,,,,,,,,,,
189,easy-014,2131072486,fixed,easy,NOT_RUN,,,0,True,,,,,,,,,,,,,,,,,,,,,,,,,,,,,,,,,,,,,,,,,,,,,,,,,,,,,,,,,,,,,,,,,,
190,easy-014,2131072486,generic,easy,NOT_RUN,,,0,True,,,,,,,,,,,,,,,,,,,,,,,,,,,,,,,,,,,,,,,,,,,,,,,,,,,,,,,,,,,,,,,,,,
191,hard-014,1923569308,ours,hard,NOT_RUN,,,0,True,,,,,,,,,,,,,,,,,,,,,,,,,,,,,,,,,,,,,,,,,,,,,,,,,,,,,,,,,,,,,,,,,,
192,hard-014,1923569308,generic,hard,NOT_RUN,,,0,True,,,,,,,,,,,,,,,,,,,,,,,,,,,,,,,,,,,,,,,,,,,,,,,,,,,,,,,,,,,,,,,,,,
193,hard-014,1923569308,rm4d_only,hard,NOT_RUN,,,0,False,,,,,,,,,,,,,,,,,,,,,,,,,,,,,,,,,,,,,,,,,,,,,,,,,,,,,,,,,,,,,,,,,,
194,hard-014,1923569308,fixed,hard,NOT_RUN,,,0,True,,,,,,,,,,,,,,,,,,,,,,,,,,,,,,,,,,,,,,,,,,,,,,,,,,,,,,,,,,,,,,,,,,
195,hard-014,1923569308,no_cost,hard,NOT_RUN,,,0,True,,,,,,,,,,,,,,,,,,,,,,,,,,,,,,,,,,,,,,,,,,,,,,,,,,,,,,,,,,,,,,,,,,
196,hard-014,1923569308,no_occlusion,hard,NOT_RUN,,,0,True,,,,,,,,,,,,,,,,,,,,,,,,,,,,,,,,,,,,,,,,,,,,,,,,,,,,,,,,,,,,,,,,,,
197,easy-015,827420593,rm4d_only,easy,NOT_RUN,,,0,False,,,,,,,,,,,,,,,,,,,,,,,,,,,,,,,,,,,,,,,,,,,,,,,,,,,,,,,,,,,,,,,,,,
198,easy-015,827420593,fixed,easy,NOT_RUN,,,0,True,,,,,,,,,,,,,,,,,,,,,,,,,,,,,,,,,,,,,,,,,,,,,,,,,,,,,,,,,,,,,,,,,,
199,easy-015,827420593,generic,easy,NOT_RUN,,,0,True,,,,,,,,,,,,,,,,,,,,,,,,,,,,,,,,,,,,,,,,,,,,,,,,,,,,,,,,,,,,,,,,,,
200,easy-015,827420593,ours,easy,NOT_RUN,,,0,True,,,,,,,,,,,,,,,,,,,,,,,,,,,,,,,,,,,,,,,,,,,,,,,,,,,,,,,,,,,,,,,,,,
201,moderate-015,1730979111,rm4d_only,moderate,NOT_RUN,,,0,False,,,,,,,,,,,,,,,,,,,,,,,,,,,,,,,,,,,,,,,,,,,,,,,,,,,,,,,,,,,,,,,,,,
202,moderate-015,1730979111,fixed,moderate,NOT_RUN,,,0,True,,,,,,,,,,,,,,,,,,,,,,,,,,,,,,,,,,,,,,,,,,,,,,,,,,,,,,,,,,,,,,,,,,
203,moderate-015,1730979111,ours,moderate,NOT_RUN,,,0,True,,,,,,,,,,,,,,,,,,,,,,,,,,,,,,,,,,,,,,,,,,,,,,,,,,,,,,,,,,,,,,,,,,
204,moderate-015,1730979111,generic,moderate,NOT_RUN,,,0,True,,,,,,,,,,,,,,,,,,,,,,,,,,,,,,,,,,,,,,,,,,,,,,,,,,,,,,,,,,,,,,,,,,
205,hard-015,2123845030,generic,hard,NOT_RUN,,,0,True,,,,,,,,,,,,,,,,,,,,,,,,,,,,,,,,,,,,,,,,,,,,,,,,,,,,,,,,,,,,,,,,,,
206,hard-015,2123845030,rm4d_only,hard,NOT_RUN,,,0,False,,,,,,,,,,,,,,,,,,,,,,,,,,,,,,,,,,,,,,,,,,,,,,,,,,,,,,,,,,,,,,,,,,
207,hard-015,2123845030,fixed,hard,NOT_RUN,,,0,True,,,,,,,,,,,,,,,,,,,,,,,,,,,,,,,,,,,,,,,,,,,,,,,,,,,,,,,,,,,,,,,,,,
208,hard-015,2123845030,ours,hard,NOT_RUN,,,0,True,,,,,,,,,,,,,,,,,,,,,,,,,,,,,,,,,,,,,,,,,,,,,,,,,,,,,,,,,,,,,,,,,,
209,hard-015,2123845030,no_occlusion,hard,NOT_RUN,,,0,True,,,,,,,,,,,,,,,,,,,,,,,,,,,,,,,,,,,,,,,,,,,,,,,,,,,,,,,,,,,,,,,,,,
210,hard-015,2123845030,no_cost,hard,NOT_RUN,,,0,True,,,,,,,,,,,,,,,,,,,,,,,,,,,,,,,,,,,,,,,,,,,,,,,,,,,,,,,,,,,,,,,,,,
211,moderate-016,1341417963,fixed,moderate,NOT_RUN,,,0,True,,,,,,,,,,,,,,,,,,,,,,,,,,,,,,,,,,,,,,,,,,,,,,,,,,,,,,,,,,,,,,,,,,
212,moderate-016,1341417963,ours,moderate,NOT_RUN,,,0,True,,,,,,,,,,,,,,,,,,,,,,,,,,,,,,,,,,,,,,,,,,,,,,,,,,,,,,,,,,,,,,,,,,
213,moderate-016,1341417963,generic,moderate,NOT_RUN,,,0,True,,,,,,,,,,,,,,,,,,,,,,,,,,,,,,,,,,,,,,,,,,,,,,,,,,,,,,,,,,,,,,,,,,
214,moderate-016,1341417963,rm4d_only,moderate,NOT_RUN,,,0,False,,,,,,,,,,,,,,,,,,,,,,,,,,,,,,,,,,,,,,,,,,,,,,,,,,,,,,,,,,,,,,,,,,
215,easy-016,7919883,fixed,easy,NOT_RUN,,,0,True,,,,,,,,,,,,,,,,,,,,,,,,,,,,,,,,,,,,,,,,,,,,,,,,,,,,,,,,,,,,,,,,,,
216,easy-016,7919883,generic,easy,NOT_RUN,,,0,True,,,,,,,,,,,,,,,,,,,,,,,,,,,,,,,,,,,,,,,,,,,,,,,,,,,,,,,,,,,,,,,,,,
217,easy-016,7919883,ours,easy,NOT_RUN,,,0,True,,,,,,,,,,,,,,,,,,,,,,,,,,,,,,,,,,,,,,,,,,,,,,,,,,,,,,,,,,,,,,,,,,
218,easy-016,7919883,rm4d_only,easy,NOT_RUN,,,0,False,,,,,,,,,,,,,,,,,,,,,,,,,,,,,,,,,,,,,,,,,,,,,,,,,,,,,,,,,,,,,,,,,,
219,hard-016,1569599428,rm4d_only,hard,NOT_RUN,,,0,False,,,,,,,,,,,,,,,,,,,,,,,,,,,,,,,,,,,,,,,,,,,,,,,,,,,,,,,,,,,,,,,,,,
220,hard-016,1569599428,fixed,hard,NOT_RUN,,,0,True,,,,,,,,,,,,,,,,,,,,,,,,,,,,,,,,,,,,,,,,,,,,,,,,,,,,,,,,,,,,,,,,,,
221,hard-016,1569599428,ours,hard,NOT_RUN,,,0,True,,,,,,,,,,,,,,,,,,,,,,,,,,,,,,,,,,,,,,,,,,,,,,,,,,,,,,,,,,,,,,,,,,
222,hard-016,1569599428,generic,hard,NOT_RUN,,,0,True,,,,,,,,,,,,,,,,,,,,,,,,,,,,,,,,,,,,,,,,,,,,,,,,,,,,,,,,,,,,,,,,,,
223,hard-016,1569599428,no_cost,hard,NOT_RUN,,,0,True,,,,,,,,,,,,,,,,,,,,,,,,,,,,,,,,,,,,,,,,,,,,,,,,,,,,,,,,,,,,,,,,,,
224,hard-016,1569599428,no_occlusion,hard,NOT_RUN,,,0,True,,,,,,,,,,,,,,,,,,,,,,,,,,,,,,,,,,,,,,,,,,,,,,,,,,,,,,,,,,,,,,,,,,
225,easy-017,1173791830,rm4d_only,easy,NOT_RUN,,,0,False,,,,,,,,,,,,,,,,,,,,,,,,,,,,,,,,,,,,,,,,,,,,,,,,,,,,,,,,,,,,,,,,,,
226,easy-017,1173791830,ours,easy,NOT_RUN,,,0,True,,,,,,,,,,,,,,,,,,,,,,,,,,,,,,,,,,,,,,,,,,,,,,,,,,,,,,,,,,,,,,,,,,
227,easy-017,1173791830,fixed,easy,NOT_RUN,,,0,True,,,,,,,,,,,,,,,,,,,,,,,,,,,,,,,,,,,,,,,,,,,,,,,,,,,,,,,,,,,,,,,,,,
228,easy-017,1173791830,generic,easy,NOT_RUN,,,0,True,,,,,,,,,,,,,,,,,,,,,,,,,,,,,,,,,,,,,,,,,,,,,,,,,,,,,,,,,,,,,,,,,,
229,hard-017,1733158990,generic,hard,NOT_RUN,,,0,True,,,,,,,,,,,,,,,,,,,,,,,,,,,,,,,,,,,,,,,,,,,,,,,,,,,,,,,,,,,,,,,,,,
230,hard-017,1733158990,ours,hard,NOT_RUN,,,0,True,,,,,,,,,,,,,,,,,,,,,,,,,,,,,,,,,,,,,,,,,,,,,,,,,,,,,,,,,,,,,,,,,,
231,hard-017,1733158990,fixed,hard,NOT_RUN,,,0,True,,,,,,,,,,,,,,,,,,,,,,,,,,,,,,,,,,,,,,,,,,,,,,,,,,,,,,,,,,,,,,,,,,
232,hard-017,1733158990,rm4d_only,hard,NOT_RUN,,,0,False,,,,,,,,,,,,,,,,,,,,,,,,,,,,,,,,,,,,,,,,,,,,,,,,,,,,,,,,,,,,,,,,,,
233,hard-017,1733158990,no_occlusion,hard,NOT_RUN,,,0,True,,,,,,,,,,,,,,,,,,,,,,,,,,,,,,,,,,,,,,,,,,,,,,,,,,,,,,,,,,,,,,,,,,
234,hard-017,1733158990,no_cost,hard,NOT_RUN,,,0,True,,,,,,,,,,,,,,,,,,,,,,,,,,,,,,,,,,,,,,,,,,,,,,,,,,,,,,,,,,,,,,,,,,
235,moderate-017,840005071,rm4d_only,moderate,NOT_RUN,,,0,False,,,,,,,,,,,,,,,,,,,,,,,,,,,,,,,,,,,,,,,,,,,,,,,,,,,,,,,,,,,,,,,,,,
236,moderate-017,840005071,generic,moderate,NOT_RUN,,,0,True,,,,,,,,,,,,,,,,,,,,,,,,,,,,,,,,,,,,,,,,,,,,,,,,,,,,,,,,,,,,,,,,,,
237,moderate-017,840005071,fixed,moderate,NOT_RUN,,,0,True,,,,,,,,,,,,,,,,,,,,,,,,,,,,,,,,,,,,,,,,,,,,,,,,,,,,,,,,,,,,,,,,,,
238,moderate-017,840005071,ours,moderate,NOT_RUN,,,0,True,,,,,,,,,,,,,,,,,,,,,,,,,,,,,,,,,,,,,,,,,,,,,,,,,,,,,,,,,,,,,,,,,,
239,moderate-018,482210981,fixed,moderate,NOT_RUN,,,0,True,,,,,,,,,,,,,,,,,,,,,,,,,,,,,,,,,,,,,,,,,,,,,,,,,,,,,,,,,,,,,,,,,,
240,moderate-018,482210981,ours,moderate,NOT_RUN,,,0,True,,,,,,,,,,,,,,,,,,,,,,,,,,,,,,,,,,,,,,,,,,,,,,,,,,,,,,,,,,,,,,,,,,
241,moderate-018,482210981,rm4d_only,moderate,NOT_RUN,,,0,False,,,,,,,,,,,,,,,,,,,,,,,,,,,,,,,,,,,,,,,,,,,,,,,,,,,,,,,,,,,,,,,,,,
242,moderate-018,482210981,generic,moderate,NOT_RUN,,,0,True,,,,,,,,,,,,,,,,,,,,,,,,,,,,,,,,,,,,,,,,,,,,,,,,,,,,,,,,,,,,,,,,,,
243,hard-018,688630062,rm4d_only,hard,NOT_RUN,,,0,False,,,,,,,,,,,,,,,,,,,,,,,,,,,,,,,,,,,,,,,,,,,,,,,,,,,,,,,,,,,,,,,,,,
244,hard-018,688630062,generic,hard,NOT_RUN,,,0,True,,,,,,,,,,,,,,,,,,,,,,,,,,,,,,,,,,,,,,,,,,,,,,,,,,,,,,,,,,,,,,,,,,
245,hard-018,688630062,ours,hard,NOT_RUN,,,0,True,,,,,,,,,,,,,,,,,,,,,,,,,,,,,,,,,,,,,,,,,,,,,,,,,,,,,,,,,,,,,,,,,,
246,hard-018,688630062,fixed,hard,NOT_RUN,,,0,True,,,,,,,,,,,,,,,,,,,,,,,,,,,,,,,,,,,,,,,,,,,,,,,,,,,,,,,,,,,,,,,,,,
247,hard-018,688630062,no_cost,hard,NOT_RUN,,,0,True,,,,,,,,,,,,,,,,,,,,,,,,,,,,,,,,,,,,,,,,,,,,,,,,,,,,,,,,,,,,,,,,,,
248,hard-018,688630062,no_occlusion,hard,NOT_RUN,,,0,True,,,,,,,,,,,,,,,,,,,,,,,,,,,,,,,,,,,,,,,,,,,,,,,,,,,,,,,,,,,,,,,,,,
249,easy-018,960712397,generic,easy,NOT_RUN,,,0,True,,,,,,,,,,,,,,,,,,,,,,,,,,,,,,,,,,,,,,,,,,,,,,,,,,,,,,,,,,,,,,,,,,
250,easy-018,960712397,rm4d_only,easy,NOT_RUN,,,0,False,,,,,,,,,,,,,,,,,,,,,,,,,,,,,,,,,,,,,,,,,,,,,,,,,,,,,,,,,,,,,,,,,,
251,easy-018,960712397,ours,easy,NOT_RUN,,,0,True,,,,,,,,,,,,,,,,,,,,,,,,,,,,,,,,,,,,,,,,,,,,,,,,,,,,,,,,,,,,,,,,,,
252,easy-018,960712397,fixed,easy,NOT_RUN,,,0,True,,,,,,,,,,,,,,,,,,,,,,,,,,,,,,,,,,,,,,,,,,,,,,,,,,,,,,,,,,,,,,,,,,
253,moderate-019,1953486309,ours,moderate,NOT_RUN,,,0,True,,,,,,,,,,,,,,,,,,,,,,,,,,,,,,,,,,,,,,,,,,,,,,,,,,,,,,,,,,,,,,,,,,
254,moderate-019,1953486309,rm4d_only,moderate,NOT_RUN,,,0,False,,,,,,,,,,,,,,,,,,,,,,,,,,,,,,,,,,,,,,,,,,,,,,,,,,,,,,,,,,,,,,,,,,
255,moderate-019,1953486309,generic,moderate,NOT_RUN,,,0,True,,,,,,,,,,,,,,,,,,,,,,,,,,,,,,,,,,,,,,,,,,,,,,,,,,,,,,,,,,,,,,,,,,
256,moderate-019,1953486309,fixed,moderate,NOT_RUN,,,0,True,,,,,,,,,,,,,,,,,,,,,,,,,,,,,,,,,,,,,,,,,,,,,,,,,,,,,,,,,,,,,,,,,,
257,hard-019,1645484494,ours,hard,NOT_RUN,,,0,True,,,,,,,,,,,,,,,,,,,,,,,,,,,,,,,,,,,,,,,,,,,,,,,,,,,,,,,,,,,,,,,,,,
258,hard-019,1645484494,fixed,hard,NOT_RUN,,,0,True,,,,,,,,,,,,,,,,,,,,,,,,,,,,,,,,,,,,,,,,,,,,,,,,,,,,,,,,,,,,,,,,,,
259,hard-019,1645484494,rm4d_only,hard,NOT_RUN,,,0,False,,,,,,,,,,,,,,,,,,,,,,,,,,,,,,,,,,,,,,,,,,,,,,,,,,,,,,,,,,,,,,,,,,
260,hard-019,1645484494,generic,hard,NOT_RUN,,,0,True,,,,,,,,,,,,,,,,,,,,,,,,,,,,,,,,,,,,,,,,,,,,,,,,,,,,,,,,,,,,,,,,,,
261,hard-019,1645484494,no_occlusion,hard,NOT_RUN,,,0,True,,,,,,,,,,,,,,,,,,,,,,,,,,,,,,,,,,,,,,,,,,,,,,,,,,,,,,,,,,,,,,,,,,
262,hard-019,1645484494,no_cost,hard,NOT_RUN,,,0,True,,,,,,,,,,,,,,,,,,,,,,,,,,,,,,,,,,,,,,,,,,,,,,,,,,,,,,,,,,,,,,,,,,
263,easy-019,1594703639,ours,easy,NOT_RUN,,,0,True,,,,,,,,,,,,,,,,,,,,,,,,,,,,,,,,,,,,,,,,,,,,,,,,,,,,,,,,,,,,,,,,,,
264,easy-019,1594703639,fixed,easy,NOT_RUN,,,0,True,,,,,,,,,,,,,,,,,,,,,,,,,,,,,,,,,,,,,,,,,,,,,,,,,,,,,,,,,,,,,,,,,,
265,easy-019,1594703639,generic,easy,NOT_RUN,,,0,True,,,,,,,,,,,,,,,,,,,,,,,,,,,,,,,,,,,,,,,,,,,,,,,,,,,,,,,,,,,,,,,,,,
266,easy-019,1594703639,rm4d_only,easy,NOT_RUN,,,0,False,,,,,,,,,,,,,,,,,,,,,,,,,,,,,,,,,,,,,,,,,,,,,,,,,,,,,,,,,,,,,,,,,,
267,hard-020,56288909,fixed,hard,NOT_RUN,,,0,True,,,,,,,,,,,,,,,,,,,,,,,,,,,,,,,,,,,,,,,,,,,,,,,,,,,,,,,,,,,,,,,,,,
268,hard-020,56288909,rm4d_only,hard,NOT_RUN,,,0,False,,,,,,,,,,,,,,,,,,,,,,,,,,,,,,,,,,,,,,,,,,,,,,,,,,,,,,,,,,,,,,,,,,
269,hard-020,56288909,generic,hard,NOT_RUN,,,0,True,,,,,,,,,,,,,,,,,,,,,,,,,,,,,,,,,,,,,,,,,,,,,,,,,,,,,,,,,,,,,,,,,,
270,hard-020,56288909,ours,hard,NOT_RUN,,,0,True,,,,,,,,,,,,,,,,,,,,,,,,,,,,,,,,,,,,,,,,,,,,,,,,,,,,,,,,,,,,,,,,,,
271,hard-020,56288909,no_cost,hard,NOT_RUN,,,0,True,,,,,,,,,,,,,,,,,,,,,,,,,,,,,,,,,,,,,,,,,,,,,,,,,,,,,,,,,,,,,,,,,,
272,hard-020,56288909,no_occlusion,hard,NOT_RUN,,,0,True,,,,,,,,,,,,,,,,,,,,,,,,,,,,,,,,,,,,,,,,,,,,,,,,,,,,,,,,,,,,,,,,,,
273,easy-020,201593142,fixed,easy,NOT_RUN,,,0,True,,,,,,,,,,,,,,,,,,,,,,,,,,,,,,,,,,,,,,,,,,,,,,,,,,,,,,,,,,,,,,,,,,
274,easy-020,201593142,generic,easy,NOT_RUN,,,0,True,,,,,,,,,,,,,,,,,,,,,,,,,,,,,,,,,,,,,,,,,,,,,,,,,,,,,,,,,,,,,,,,,,
275,easy-020,201593142,rm4d_only,easy,NOT_RUN,,,0,False,,,,,,,,,,,,,,,,,,,,,,,,,,,,,,,,,,,,,,,,,,,,,,,,,,,,,,,,,,,,,,,,,,
276,easy-020,201593142,ours,easy,NOT_RUN,,,0,True,,,,,,,,,,,,,,,,,,,,,,,,,,,,,,,,,,,,,,,,,,,,,,,,,,,,,,,,,,,,,,,,,,
277,moderate-020,929060639,generic,moderate,NOT_RUN,,,0,True,,,,,,,,,,,,,,,,,,,,,,,,,,,,,,,,,,,,,,,,,,,,,,,,,,,,,,,,,,,,,,,,,,
278,moderate-020,929060639,fixed,moderate,NOT_RUN,,,0,True,,,,,,,,,,,,,,,,,,,,,,,,,,,,,,,,,,,,,,,,,,,,,,,,,,,,,,,,,,,,,,,,,,
279,moderate-020,929060639,ours,moderate,NOT_RUN,,,0,True,,,,,,,,,,,,,,,,,,,,,,,,,,,,,,,,,,,,,,,,,,,,,,,,,,,,,,,,,,,,,,,,,,
280,moderate-020,929060639,rm4d_only,moderate,NOT_RUN,,,0,False,,,,,,,,,,,,,,,,,,,,,,,,,,,,,,,,,,,,,,,,,,,,,,,,,,,,,,,,,,,,,,,,,,
281,easy-021,56608368,rm4d_only,easy,NOT_RUN,,,0,False,,,,,,,,,,,,,,,,,,,,,,,,,,,,,,,,,,,,,,,,,,,,,,,,,,,,,,,,,,,,,,,,,,
282,easy-021,56608368,fixed,easy,NOT_RUN,,,0,True,,,,,,,,,,,,,,,,,,,,,,,,,,,,,,,,,,,,,,,,,,,,,,,,,,,,,,,,,,,,,,,,,,
283,easy-021,56608368,generic,easy,NOT_RUN,,,0,True,,,,,,,,,,,,,,,,,,,,,,,,,,,,,,,,,,,,,,,,,,,,,,,,,,,,,,,,,,,,,,,,,,
284,easy-021,56608368,ours,easy,NOT_RUN,,,0,True,,,,,,,,,,,,,,,,,,,,,,,,,,,,,,,,,,,,,,,,,,,,,,,,,,,,,,,,,,,,,,,,,,
285,hard-021,1404021557,generic,hard,NOT_RUN,,,0,True,,,,,,,,,,,,,,,,,,,,,,,,,,,,,,,,,,,,,,,,,,,,,,,,,,,,,,,,,,,,,,,,,,
286,hard-021,1404021557,ours,hard,NOT_RUN,,,0,True,,,,,,,,,,,,,,,,,,,,,,,,,,,,,,,,,,,,,,,,,,,,,,,,,,,,,,,,,,,,,,,,,,
287,hard-021,1404021557,fixed,hard,NOT_RUN,,,0,True,,,,,,,,,,,,,,,,,,,,,,,,,,,,,,,,,,,,,,,,,,,,,,,,,,,,,,,,,,,,,,,,,,
288,hard-021,1404021557,rm4d_only,hard,NOT_RUN,,,0,False,,,,,,,,,,,,,,,,,,,,,,,,,,,,,,,,,,,,,,,,,,,,,,,,,,,,,,,,,,,,,,,,,,
289,hard-021,1404021557,no_occlusion,hard,NOT_RUN,,,0,True,,,,,,,,,,,,,,,,,,,,,,,,,,,,,,,,,,,,,,,,,,,,,,,,,,,,,,,,,,,,,,,,,,
290,hard-021,1404021557,no_cost,hard,NOT_RUN,,,0,True,,,,,,,,,,,,,,,,,,,,,,,,,,,,,,,,,,,,,,,,,,,,,,,,,,,,,,,,,,,,,,,,,,
291,moderate-021,138520652,rm4d_only,moderate,NOT_RUN,,,0,False,,,,,,,,,,,,,,,,,,,,,,,,,,,,,,,,,,,,,,,,,,,,,,,,,,,,,,,,,,,,,,,,,,
292,moderate-021,138520652,fixed,moderate,NOT_RUN,,,0,True,,,,,,,,,,,,,,,,,,,,,,,,,,,,,,,,,,,,,,,,,,,,,,,,,,,,,,,,,,,,,,,,,,
293,moderate-021,138520652,generic,moderate,NOT_RUN,,,0,True,,,,,,,,,,,,,,,,,,,,,,,,,,,,,,,,,,,,,,,,,,,,,,,,,,,,,,,,,,,,,,,,,,
294,moderate-021,138520652,ours,moderate,NOT_RUN,,,0,True,,,,,,,,,,,,,,,,,,,,,,,,,,,,,,,,,,,,,,,,,,,,,,,,,,,,,,,,,,,,,,,,,,
295,hard-022,1539477280,fixed,hard,NOT_RUN,,,0,True,,,,,,,,,,,,,,,,,,,,,,,,,,,,,,,,,,,,,,,,,,,,,,,,,,,,,,,,,,,,,,,,,,
296,hard-022,1539477280,rm4d_only,hard,NOT_RUN,,,0,False,,,,,,,,,,,,,,,,,,,,,,,,,,,,,,,,,,,,,,,,,,,,,,,,,,,,,,,,,,,,,,,,,,
297,hard-022,1539477280,generic,hard,NOT_RUN,,,0,True,,,,,,,,,,,,,,,,,,,,,,,,,,,,,,,,,,,,,,,,,,,,,,,,,,,,,,,,,,,,,,,,,,
298,hard-022,1539477280,ours,hard,NOT_RUN,,,0,True,,,,,,,,,,,,,,,,,,,,,,,,,,,,,,,,,,,,,,,,,,,,,,,,,,,,,,,,,,,,,,,,,,
299,hard-022,1539477280,no_cost,hard,NOT_RUN,,,0,True,,,,,,,,,,,,,,,,,,,,,,,,,,,,,,,,,,,,,,,,,,,,,,,,,,,,,,,,,,,,,,,,,,
300,hard-022,1539477280,no_occlusion,hard,NOT_RUN,,,0,True,,,,,,,,,,,,,,,,,,,,,,,,,,,,,,,,,,,,,,,,,,,,,,,,,,,,,,,,,,,,,,,,,,
301,moderate-022,451755430,ours,moderate,NOT_RUN,,,0,True,,,,,,,,,,,,,,,,,,,,,,,,,,,,,,,,,,,,,,,,,,,,,,,,,,,,,,,,,,,,,,,,,,
302,moderate-022,451755430,rm4d_only,moderate,NOT_RUN,,,0,False,,,,,,,,,,,,,,,,,,,,,,,,,,,,,,,,,,,,,,,,,,,,,,,,,,,,,,,,,,,,,,,,,,
303,moderate-022,451755430,fixed,moderate,NOT_RUN,,,0,True,,,,,,,,,,,,,,,,,,,,,,,,,,,,,,,,,,,,,,,,,,,,,,,,,,,,,,,,,,,,,,,,,,
304,moderate-022,451755430,generic,moderate,NOT_RUN,,,0,True,,,,,,,,,,,,,,,,,,,,,,,,,,,,,,,,,,,,,,,,,,,,,,,,,,,,,,,,,,,,,,,,,,
305,easy-022,274451619,fixed,easy,NOT_RUN,,,0,True,,,,,,,,,,,,,,,,,,,,,,,,,,,,,,,,,,,,,,,,,,,,,,,,,,,,,,,,,,,,,,,,,,
306,easy-022,274451619,generic,easy,NOT_RUN,,,0,True,,,,,,,,,,,,,,,,,,,,,,,,,,,,,,,,,,,,,,,,,,,,,,,,,,,,,,,,,,,,,,,,,,
307,easy-022,274451619,ours,easy,NOT_RUN,,,0,True,,,,,,,,,,,,,,,,,,,,,,,,,,,,,,,,,,,,,,,,,,,,,,,,,,,,,,,,,,,,,,,,,,
308,easy-022,274451619,rm4d_only,easy,NOT_RUN,,,0,False,,,,,,,,,,,,,,,,,,,,,,,,,,,,,,,,,,,,,,,,,,,,,,,,,,,,,,,,,,,,,,,,,,
309,moderate-023,256870585,generic,moderate,NOT_RUN,,,0,True,,,,,,,,,,,,,,,,,,,,,,,,,,,,,,,,,,,,,,,,,,,,,,,,,,,,,,,,,,,,,,,,,,
310,moderate-023,256870585,ours,moderate,NOT_RUN,,,0,True,,,,,,,,,,,,,,,,,,,,,,,,,,,,,,,,,,,,,,,,,,,,,,,,,,,,,,,,,,,,,,,,,,
311,moderate-023,256870585,rm4d_only,moderate,NOT_RUN,,,0,False,,,,,,,,,,,,,,,,,,,,,,,,,,,,,,,,,,,,,,,,,,,,,,,,,,,,,,,,,,,,,,,,,,
312,moderate-023,256870585,fixed,moderate,NOT_RUN,,,0,True,,,,,,,,,,,,,,,,,,,,,,,,,,,,,,,,,,,,,,,,,,,,,,,,,,,,,,,,,,,,,,,,,,
313,easy-023,649848317,ours,easy,NOT_RUN,,,0,True,,,,,,,,,,,,,,,,,,,,,,,,,,,,,,,,,,,,,,,,,,,,,,,,,,,,,,,,,,,,,,,,,,
314,easy-023,649848317,rm4d_only,easy,NOT_RUN,,,0,False,,,,,,,,,,,,,,,,,,,,,,,,,,,,,,,,,,,,,,,,,,,,,,,,,,,,,,,,,,,,,,,,,,
315,easy-023,649848317,fixed,easy,NOT_RUN,,,0,True,,,,,,,,,,,,,,,,,,,,,,,,,,,,,,,,,,,,,,,,,,,,,,,,,,,,,,,,,,,,,,,,,,
316,easy-023,649848317,generic,easy,NOT_RUN,,,0,True,,,,,,,,,,,,,,,,,,,,,,,,,,,,,,,,,,,,,,,,,,,,,,,,,,,,,,,,,,,,,,,,,,
317,hard-023,353762560,rm4d_only,hard,NOT_RUN,,,0,False,,,,,,,,,,,,,,,,,,,,,,,,,,,,,,,,,,,,,,,,,,,,,,,,,,,,,,,,,,,,,,,,,,
318,hard-023,353762560,generic,hard,NOT_RUN,,,0,True,,,,,,,,,,,,,,,,,,,,,,,,,,,,,,,,,,,,,,,,,,,,,,,,,,,,,,,,,,,,,,,,,,
319,hard-023,353762560,ours,hard,NOT_RUN,,,0,True,,,,,,,,,,,,,,,,,,,,,,,,,,,,,,,,,,,,,,,,,,,,,,,,,,,,,,,,,,,,,,,,,,
320,hard-023,353762560,fixed,hard,NOT_RUN,,,0,True,,,,,,,,,,,,,,,,,,,,,,,,,,,,,,,,,,,,,,,,,,,,,,,,,,,,,,,,,,,,,,,,,,
321,hard-023,353762560,no_occlusion,hard,NOT_RUN,,,0,True,,,,,,,,,,,,,,,,,,,,,,,,,,,,,,,,,,,,,,,,,,,,,,,,,,,,,,,,,,,,,,,,,,
322,hard-023,353762560,no_cost,hard,NOT_RUN,,,0,True,,,,,,,,,,,,,,,,,,,,,,,,,,,,,,,,,,,,,,,,,,,,,,,,,,,,,,,,,,,,,,,,,,
323,easy-024,1126888517,generic,easy,NOT_RUN,,,0,True,,,,,,,,,,,,,,,,,,,,,,,,,,,,,,,,,,,,,,,,,,,,,,,,,,,,,,,,,,,,,,,,,,
324,easy-024,1126888517,ours,easy,NOT_RUN,,,0,True,,,,,,,,,,,,,,,,,,,,,,,,,,,,,,,,,,,,,,,,,,,,,,,,,,,,,,,,,,,,,,,,,,
325,easy-024,1126888517,rm4d_only,easy,NOT_RUN,,,0,False,,,,,,,,,,,,,,,,,,,,,,,,,,,,,,,,,,,,,,,,,,,,,,,,,,,,,,,,,,,,,,,,,,
326,easy-024,1126888517,fixed,easy,NOT_RUN,,,0,True,,,,,,,,,,,,,,,,,,,,,,,,,,,,,,,,,,,,,,,,,,,,,,,,,,,,,,,,,,,,,,,,,,
327,hard-024,1095407513,ours,hard,NOT_RUN,,,0,True,,,,,,,,,,,,,,,,,,,,,,,,,,,,,,,,,,,,,,,,,,,,,,,,,,,,,,,,,,,,,,,,,,
328,hard-024,1095407513,fixed,hard,NOT_RUN,,,0,True,,,,,,,,,,,,,,,,,,,,,,,,,,,,,,,,,,,,,,,,,,,,,,,,,,,,,,,,,,,,,,,,,,
329,hard-024,1095407513,rm4d_only,hard,NOT_RUN,,,0,False,,,,,,,,,,,,,,,,,,,,,,,,,,,,,,,,,,,,,,,,,,,,,,,,,,,,,,,,,,,,,,,,,,
330,hard-024,1095407513,generic,hard,NOT_RUN,,,0,True,,,,,,,,,,,,,,,,,,,,,,,,,,,,,,,,,,,,,,,,,,,,,,,,,,,,,,,,,,,,,,,,,,
331,hard-024,1095407513,no_cost,hard,NOT_RUN,,,0,True,,,,,,,,,,,,,,,,,,,,,,,,,,,,,,,,,,,,,,,,,,,,,,,,,,,,,,,,,,,,,,,,,,
332,hard-024,1095407513,no_occlusion,hard,NOT_RUN,,,0,True,,,,,,,,,,,,,,,,,,,,,,,,,,,,,,,,,,,,,,,,,,,,,,,,,,,,,,,,,,,,,,,,,,
333,moderate-024,907623950,fixed,moderate,NOT_RUN,,,0,True,,,,,,,,,,,,,,,,,,,,,,,,,,,,,,,,,,,,,,,,,,,,,,,,,,,,,,,,,,,,,,,,,,
334,moderate-024,907623950,generic,moderate,NOT_RUN,,,0,True,,,,,,,,,,,,,,,,,,,,,,,,,,,,,,,,,,,,,,,,,,,,,,,,,,,,,,,,,,,,,,,,,,
335,moderate-024,907623950,ours,moderate,NOT_RUN,,,0,True,,,,,,,,,,,,,,,,,,,,,,,,,,,,,,,,,,,,,,,,,,,,,,,,,,,,,,,,,,,,,,,,,,
336,moderate-024,907623950,rm4d_only,moderate,NOT_RUN,,,0,False,,,,,,,,,,,,,,,,,,,,,,,,,,,,,,,,,,,,,,,,,,,,,,,,,,,,,,,,,,,,,,,,,,
337,hard-025,2091101838,generic,hard,NOT_RUN,,,0,True,,,,,,,,,,,,,,,,,,,,,,,,,,,,,,,,,,,,,,,,,,,,,,,,,,,,,,,,,,,,,,,,,,
338,hard-025,2091101838,rm4d_only,hard,NOT_RUN,,,0,False,,,,,,,,,,,,,,,,,,,,,,,,,,,,,,,,,,,,,,,,,,,,,,,,,,,,,,,,,,,,,,,,,,
339,hard-025,2091101838,ours,hard,NOT_RUN,,,0,True,,,,,,,,,,,,,,,,,,,,,,,,,,,,,,,,,,,,,,,,,,,,,,,,,,,,,,,,,,,,,,,,,,
340,hard-025,2091101838,fixed,hard,NOT_RUN,,,0,True,,,,,,,,,,,,,,,,,,,,,,,,,,,,,,,,,,,,,,,,,,,,,,,,,,,,,,,,,,,,,,,,,,
341,hard-025,2091101838,no_occlusion,hard,NOT_RUN,,,0,True,,,,,,,,,,,,,,,,,,,,,,,,,,,,,,,,,,,,,,,,,,,,,,,,,,,,,,,,,,,,,,,,,,
342,hard-025,2091101838,no_cost,hard,NOT_RUN,,,0,True,,,,,,,,,,,,,,,,,,,,,,,,,,,,,,,,,,,,,,,,,,,,,,,,,,,,,,,,,,,,,,,,,,
343,easy-025,810609070,fixed,easy,NOT_RUN,,,0,True,,,,,,,,,,,,,,,,,,,,,,,,,,,,,,,,,,,,,,,,,,,,,,,,,,,,,,,,,,,,,,,,,,
344,easy-025,810609070,rm4d_only,easy,NOT_RUN,,,0,False,,,,,,,,,,,,,,,,,,,,,,,,,,,,,,,,,,,,,,,,,,,,,,,,,,,,,,,,,,,,,,,,,,
345,easy-025,810609070,generic,easy,NOT_RUN,,,0,True,,,,,,,,,,,,,,,,,,,,,,,,,,,,,,,,,,,,,,,,,,,,,,,,,,,,,,,,,,,,,,,,,,
346,easy-025,810609070,ours,easy,NOT_RUN,,,0,True,,,,,,,,,,,,,,,,,,,,,,,,,,,,,,,,,,,,,,,,,,,,,,,,,,,,,,,,,,,,,,,,,,
347,moderate-025,333307778,generic,moderate,NOT_RUN,,,0,True,,,,,,,,,,,,,,,,,,,,,,,,,,,,,,,,,,,,,,,,,,,,,,,,,,,,,,,,,,,,,,,,,,
348,moderate-025,333307778,ours,moderate,NOT_RUN,,,0,True,,,,,,,,,,,,,,,,,,,,,,,,,,,,,,,,,,,,,,,,,,,,,,,,,,,,,,,,,,,,,,,,,,
349,moderate-025,333307778,rm4d_only,moderate,NOT_RUN,,,0,False,,,,,,,,,,,,,,,,,,,,,,,,,,,,,,,,,,,,,,,,,,,,,,,,,,,,,,,,,,,,,,,,,,
350,moderate-025,333307778,fixed,moderate,NOT_RUN,,,0,True,,,,,,,,,,,,,,,,,,,,,,,,,,,,,,,,,,,,,,,,,,,,,,,,,,,,,,,,,,,,,,,,,,
351,easy-026,1562111236,ours,easy,NOT_RUN,,,0,True,,,,,,,,,,,,,,,,,,,,,,,,,,,,,,,,,,,,,,,,,,,,,,,,,,,,,,,,,,,,,,,,,,
352,easy-026,1562111236,fixed,easy,NOT_RUN,,,0,True,,,,,,,,,,,,,,,,,,,,,,,,,,,,,,,,,,,,,,,,,,,,,,,,,,,,,,,,,,,,,,,,,,
353,easy-026,1562111236,rm4d_only,easy,NOT_RUN,,,0,False,,,,,,,,,,,,,,,,,,,,,,,,,,,,,,,,,,,,,,,,,,,,,,,,,,,,,,,,,,,,,,,,,,
354,easy-026,1562111236,generic,easy,NOT_RUN,,,0,True,,,,,,,,,,,,,,,,,,,,,,,,,,,,,,,,,,,,,,,,,,,,,,,,,,,,,,,,,,,,,,,,,,
355,moderate-026,1248115148,rm4d_only,moderate,NOT_RUN,,,0,False,,,,,,,,,,,,,,,,,,,,,,,,,,,,,,,,,,,,,,,,,,,,,,,,,,,,,,,,,,,,,,,,,,
356,moderate-026,1248115148,fixed,moderate,NOT_RUN,,,0,True,,,,,,,,,,,,,,,,,,,,,,,,,,,,,,,,,,,,,,,,,,,,,,,,,,,,,,,,,,,,,,,,,,
357,moderate-026,1248115148,generic,moderate,NOT_RUN,,,0,True,,,,,,,,,,,,,,,,,,,,,,,,,,,,,,,,,,,,,,,,,,,,,,,,,,,,,,,,,,,,,,,,,,
358,moderate-026,1248115148,ours,moderate,NOT_RUN,,,0,True,,,,,,,,,,,,,,,,,,,,,,,,,,,,,,,,,,,,,,,,,,,,,,,,,,,,,,,,,,,,,,,,,,
359,hard-026,771670306,fixed,hard,NOT_RUN,,,0,True,,,,,,,,,,,,,,,,,,,,,,,,,,,,,,,,,,,,,,,,,,,,,,,,,,,,,,,,,,,,,,,,,,
360,hard-026,771670306,generic,hard,NOT_RUN,,,0,True,,,,,,,,,,,,,,,,,,,,,,,,,,,,,,,,,,,,,,,,,,,,,,,,,,,,,,,,,,,,,,,,,,
361,hard-026,771670306,rm4d_only,hard,NOT_RUN,,,0,False,,,,,,,,,,,,,,,,,,,,,,,,,,,,,,,,,,,,,,,,,,,,,,,,,,,,,,,,,,,,,,,,,,
362,hard-026,771670306,ours,hard,NOT_RUN,,,0,True,,,,,,,,,,,,,,,,,,,,,,,,,,,,,,,,,,,,,,,,,,,,,,,,,,,,,,,,,,,,,,,,,,
363,hard-026,771670306,no_cost,hard,NOT_RUN,,,0,True,,,,,,,,,,,,,,,,,,,,,,,,,,,,,,,,,,,,,,,,,,,,,,,,,,,,,,,,,,,,,,,,,,
364,hard-026,771670306,no_occlusion,hard,NOT_RUN,,,0,True,,,,,,,,,,,,,,,,,,,,,,,,,,,,,,,,,,,,,,,,,,,,,,,,,,,,,,,,,,,,,,,,,,
365,easy-027,163216851,rm4d_only,easy,NOT_RUN,,,0,False,,,,,,,,,,,,,,,,,,,,,,,,,,,,,,,,,,,,,,,,,,,,,,,,,,,,,,,,,,,,,,,,,,
366,easy-027,163216851,generic,easy,NOT_RUN,,,0,True,,,,,,,,,,,,,,,,,,,,,,,,,,,,,,,,,,,,,,,,,,,,,,,,,,,,,,,,,,,,,,,,,,
367,easy-027,163216851,ours,easy,NOT_RUN,,,0,True,,,,,,,,,,,,,,,,,,,,,,,,,,,,,,,,,,,,,,,,,,,,,,,,,,,,,,,,,,,,,,,,,,
368,easy-027,163216851,fixed,easy,NOT_RUN,,,0,True,,,,,,,,,,,,,,,,,,,,,,,,,,,,,,,,,,,,,,,,,,,,,,,,,,,,,,,,,,,,,,,,,,
369,hard-027,1389146525,ours,hard,NOT_RUN,,,0,True,,,,,,,,,,,,,,,,,,,,,,,,,,,,,,,,,,,,,,,,,,,,,,,,,,,,,,,,,,,,,,,,,,
370,hard-027,1389146525,fixed,hard,NOT_RUN,,,0,True,,,,,,,,,,,,,,,,,,,,,,,,,,,,,,,,,,,,,,,,,,,,,,,,,,,,,,,,,,,,,,,,,,
371,hard-027,1389146525,generic,hard,NOT_RUN,,,0,True,,,,,,,,,,,,,,,,,,,,,,,,,,,,,,,,,,,,,,,,,,,,,,,,,,,,,,,,,,,,,,,,,,
372,hard-027,1389146525,rm4d_only,hard,NOT_RUN,,,0,False,,,,,,,,,,,,,,,,,,,,,,,,,,,,,,,,,,,,,,,,,,,,,,,,,,,,,,,,,,,,,,,,,,
373,hard-027,1389146525,no_occlusion,hard,NOT_RUN,,,0,True,,,,,,,,,,,,,,,,,,,,,,,,,,,,,,,,,,,,,,,,,,,,,,,,,,,,,,,,,,,,,,,,,,
374,hard-027,1389146525,no_cost,hard,NOT_RUN,,,0,True,,,,,,,,,,,,,,,,,,,,,,,,,,,,,,,,,,,,,,,,,,,,,,,,,,,,,,,,,,,,,,,,,,
375,moderate-027,107046518,ours,moderate,NOT_RUN,,,0,True,,,,,,,,,,,,,,,,,,,,,,,,,,,,,,,,,,,,,,,,,,,,,,,,,,,,,,,,,,,,,,,,,,
376,moderate-027,107046518,rm4d_only,moderate,NOT_RUN,,,0,False,,,,,,,,,,,,,,,,,,,,,,,,,,,,,,,,,,,,,,,,,,,,,,,,,,,,,,,,,,,,,,,,,,
377,moderate-027,107046518,fixed,moderate,NOT_RUN,,,0,True,,,,,,,,,,,,,,,,,,,,,,,,,,,,,,,,,,,,,,,,,,,,,,,,,,,,,,,,,,,,,,,,,,
378,moderate-027,107046518,generic,moderate,NOT_RUN,,,0,True,,,,,,,,,,,,,,,,,,,,,,,,,,,,,,,,,,,,,,,,,,,,,,,,,,,,,,,,,,,,,,,,,,
379,easy-028,785958616,generic,easy,NOT_RUN,,,0,True,,,,,,,,,,,,,,,,,,,,,,,,,,,,,,,,,,,,,,,,,,,,,,,,,,,,,,,,,,,,,,,,,,
380,easy-028,785958616,ours,easy,NOT_RUN,,,0,True,,,,,,,,,,,,,,,,,,,,,,,,,,,,,,,,,,,,,,,,,,,,,,,,,,,,,,,,,,,,,,,,,,
381,easy-028,785958616,fixed,easy,NOT_RUN,,,0,True,,,,,,,,,,,,,,,,,,,,,,,,,,,,,,,,,,,,,,,,,,,,,,,,,,,,,,,,,,,,,,,,,,
382,easy-028,785958616,rm4d_only,easy,NOT_RUN,,,0,False,,,,,,,,,,,,,,,,,,,,,,,,,,,,,,,,,,,,,,,,,,,,,,,,,,,,,,,,,,,,,,,,,,
383,hard-028,1021949288,rm4d_only,hard,NOT_RUN,,,0,False,,,,,,,,,,,,,,,,,,,,,,,,,,,,,,,,,,,,,,,,,,,,,,,,,,,,,,,,,,,,,,,,,,
384,hard-028,1021949288,ours,hard,NOT_RUN,,,0,True,,,,,,,,,,,,,,,,,,,,,,,,,,,,,,,,,,,,,,,,,,,,,,,,,,,,,,,,,,,,,,,,,,
385,hard-028,1021949288,fixed,hard,NOT_RUN,,,0,True,,,,,,,,,,,,,,,,,,,,,,,,,,,,,,,,,,,,,,,,,,,,,,,,,,,,,,,,,,,,,,,,,,
386,hard-028,1021949288,generic,hard,NOT_RUN,,,0,True,,,,,,,,,,,,,,,,,,,,,,,,,,,,,,,,,,,,,,,,,,,,,,,,,,,,,,,,,,,,,,,,,,
387,hard-028,1021949288,no_cost,hard,NOT_RUN,,,0,True,,,,,,,,,,,,,,,,,,,,,,,,,,,,,,,,,,,,,,,,,,,,,,,,,,,,,,,,,,,,,,,,,,
388,hard-028,1021949288,no_occlusion,hard,NOT_RUN,,,0,True,,,,,,,,,,,,,,,,,,,,,,,,,,,,,,,,,,,,,,,,,,,,,,,,,,,,,,,,,,,,,,,,,,
389,moderate-028,1053579544,fixed,moderate,NOT_RUN,,,0,True,,,,,,,,,,,,,,,,,,,,,,,,,,,,,,,,,,,,,,,,,,,,,,,,,,,,,,,,,,,,,,,,,,
390,moderate-028,1053579544,generic,moderate,NOT_RUN,,,0,True,,,,,,,,,,,,,,,,,,,,,,,,,,,,,,,,,,,,,,,,,,,,,,,,,,,,,,,,,,,,,,,,,,
391,moderate-028,1053579544,ours,moderate,NOT_RUN,,,0,True,,,,,,,,,,,,,,,,,,,,,,,,,,,,,,,,,,,,,,,,,,,,,,,,,,,,,,,,,,,,,,,,,,
392,moderate-028,1053579544,rm4d_only,moderate,NOT_RUN,,,0,False,,,,,,,,,,,,,,,,,,,,,,,,,,,,,,,,,,,,,,,,,,,,,,,,,,,,,,,,,,,,,,,,,,
393,easy-029,2095744990,fixed,easy,NOT_RUN,,,0,True,,,,,,,,,,,,,,,,,,,,,,,,,,,,,,,,,,,,,,,,,,,,,,,,,,,,,,,,,,,,,,,,,,
394,easy-029,2095744990,generic,easy,NOT_RUN,,,0,True,,,,,,,,,,,,,,,,,,,,,,,,,,,,,,,,,,,,,,,,,,,,,,,,,,,,,,,,,,,,,,,,,,
395,easy-029,2095744990,rm4d_only,easy,NOT_RUN,,,0,False,,,,,,,,,,,,,,,,,,,,,,,,,,,,,,,,,,,,,,,,,,,,,,,,,,,,,,,,,,,,,,,,,,
396,easy-029,2095744990,ours,easy,NOT_RUN,,,0,True,,,,,,,,,,,,,,,,,,,,,,,,,,,,,,,,,,,,,,,,,,,,,,,,,,,,,,,,,,,,,,,,,,
397,hard-029,1609305575,rm4d_only,hard,NOT_RUN,,,0,False,,,,,,,,,,,,,,,,,,,,,,,,,,,,,,,,,,,,,,,,,,,,,,,,,,,,,,,,,,,,,,,,,,
398,hard-029,1609305575,ours,hard,NOT_RUN,,,0,True,,,,,,,,,,,,,,,,,,,,,,,,,,,,,,,,,,,,,,,,,,,,,,,,,,,,,,,,,,,,,,,,,,
399,hard-029,1609305575,fixed,hard,NOT_RUN,,,0,True,,,,,,,,,,,,,,,,,,,,,,,,,,,,,,,,,,,,,,,,,,,,,,,,,,,,,,,,,,,,,,,,,,
400,hard-029,1609305575,generic,hard,NOT_RUN,,,0,True,,,,,,,,,,,,,,,,,,,,,,,,,,,,,,,,,,,,,,,,,,,,,,,,,,,,,,,,,,,,,,,,,,
401,hard-029,1609305575,no_occlusion,hard,NOT_RUN,,,0,True,,,,,,,,,,,,,,,,,,,,,,,,,,,,,,,,,,,,,,,,,,,,,,,,,,,,,,,,,,,,,,,,,,
402,hard-029,1609305575,no_cost,hard,NOT_RUN,,,0,True,,,,,,,,,,,,,,,,,,,,,,,,,,,,,,,,,,,,,,,,,,,,,,,,,,,,,,,,,,,,,,,,,,
403,moderate-029,782318674,generic,moderate,NOT_RUN,,,0,True,,,,,,,,,,,,,,,,,,,,,,,,,,,,,,,,,,,,,,,,,,,,,,,,,,,,,,,,,,,,,,,,,,
404,moderate-029,782318674,fixed,moderate,NOT_RUN,,,0,True,,,,,,,,,,,,,,,,,,,,,,,,,,,,,,,,,,,,,,,,,,,,,,,,,,,,,,,,,,,,,,,,,,
405,moderate-029,782318674,rm4d_only,moderate,NOT_RUN,,,0,False,,,,,,,,,,,,,,,,,,,,,,,,,,,,,,,,,,,,,,,,,,,,,,,,,,,,,,,,,,,,,,,,,,
406,moderate-029,782318674,ours,moderate,NOT_RUN,,,0,True,,,,,,,,,,,,,,,,,,,,,,,,,,,,,,,,,,,,,,,,,,,,,,,,,,,,,,,,,,,,,,,,,,
407,easy-030,303355680,rm4d_only,easy,NOT_RUN,,,0,False,,,,,,,,,,,,,,,,,,,,,,,,,,,,,,,,,,,,,,,,,,,,,,,,,,,,,,,,,,,,,,,,,,
408,easy-030,303355680,ours,easy,NOT_RUN,,,0,True,,,,,,,,,,,,,,,,,,,,,,,,,,,,,,,,,,,,,,,,,,,,,,,,,,,,,,,,,,,,,,,,,,
409,easy-030,303355680,fixed,easy,NOT_RUN,,,0,True,,,,,,,,,,,,,,,,,,,,,,,,,,,,,,,,,,,,,,,,,,,,,,,,,,,,,,,,,,,,,,,,,,
410,easy-030,303355680,generic,easy,NOT_RUN,,,0,True,,,,,,,,,,,,,,,,,,,,,,,,,,,,,,,,,,,,,,,,,,,,,,,,,,,,,,,,,,,,,,,,,,
411,hard-030,2006489180,fixed,hard,NOT_RUN,,,0,True,,,,,,,,,,,,,,,,,,,,,,,,,,,,,,,,,,,,,,,,,,,,,,,,,,,,,,,,,,,,,,,,,,
412,hard-030,2006489180,generic,hard,NOT_RUN,,,0,True,,,,,,,,,,,,,,,,,,,,,,,,,,,,,,,,,,,,,,,,,,,,,,,,,,,,,,,,,,,,,,,,,,
413,hard-030,2006489180,rm4d_only,hard,NOT_RUN,,,0,False,,,,,,,,,,,,,,,,,,,,,,,,,,,,,,,,,,,,,,,,,,,,,,,,,,,,,,,,,,,,,,,,,,
414,hard-030,2006489180,ours,hard,NOT_RUN,,,0,True,,,,,,,,,,,,,,,,,,,,,,,,,,,,,,,,,,,,,,,,,,,,,,,,,,,,,,,,,,,,,,,,,,
415,hard-030,2006489180,no_cost,hard,NOT_RUN,,,0,True,,,,,,,,,,,,,,,,,,,,,,,,,,,,,,,,,,,,,,,,,,,,,,,,,,,,,,,,,,,,,,,,,,
416,hard-030,2006489180,no_occlusion,hard,NOT_RUN,,,0,True,,,,,,,,,,,,,,,,,,,,,,,,,,,,,,,,,,,,,,,,,,,,,,,,,,,,,,,,,,,,,,,,,,
417,moderate-030,1746679637,rm4d_only,moderate,NOT_RUN,,,0,False,,,,,,,,,,,,,,,,,,,,,,,,,,,,,,,,,,,,,,,,,,,,,,,,,,,,,,,,,,,,,,,,,,
418,moderate-030,1746679637,ours,moderate,NOT_RUN,,,0,True,,,,,,,,,,,,,,,,,,,,,,,,,,,,,,,,,,,,,,,,,,,,,,,,,,,,,,,,,,,,,,,,,,
419,moderate-030,1746679637,generic,moderate,NOT_RUN,,,0,True,,,,,,,,,,,,,,,,,,,,,,,,,,,,,,,,,,,,,,,,,,,,,,,,,,,,,,,,,,,,,,,,,,
420,moderate-030,1746679637,fixed,moderate,NOT_RUN,,,0,True,,,,,,,,,,,,,,,,,,,,,,,,,,,,,,,,,,,,,,,,,,,,,,,,,,,,,,,,,,,,,,,,,,
421,hard-031,525756315,ours,hard,NOT_RUN,,,0,True,,,,,,,,,,,,,,,,,,,,,,,,,,,,,,,,,,,,,,,,,,,,,,,,,,,,,,,,,,,,,,,,,,
422,hard-031,525756315,fixed,hard,NOT_RUN,,,0,True,,,,,,,,,,,,,,,,,,,,,,,,,,,,,,,,,,,,,,,,,,,,,,,,,,,,,,,,,,,,,,,,,,
423,hard-031,525756315,generic,hard,NOT_RUN,,,0,True,,,,,,,,,,,,,,,,,,,,,,,,,,,,,,,,,,,,,,,,,,,,,,,,,,,,,,,,,,,,,,,,,,
424,hard-031,525756315,rm4d_only,hard,NOT_RUN,,,0,False,,,,,,,,,,,,,,,,,,,,,,,,,,,,,,,,,,,,,,,,,,,,,,,,,,,,,,,,,,,,,,,,,,
425,hard-031,525756315,no_occlusion,hard,NOT_RUN,,,0,True,,,,,,,,,,,,,,,,,,,,,,,,,,,,,,,,,,,,,,,,,,,,,,,,,,,,,,,,,,,,,,,,,,
426,hard-031,525756315,no_cost,hard,NOT_RUN,,,0,True,,,,,,,,,,,,,,,,,,,,,,,,,,,,,,,,,,,,,,,,,,,,,,,,,,,,,,,,,,,,,,,,,,
427,moderate-031,1316987547,ours,moderate,NOT_RUN,,,0,True,,,,,,,,,,,,,,,,,,,,,,,,,,,,,,,,,,,,,,,,,,,,,,,,,,,,,,,,,,,,,,,,,,
428,moderate-031,1316987547,generic,moderate,NOT_RUN,,,0,True,,,,,,,,,,,,,,,,,,,,,,,,,,,,,,,,,,,,,,,,,,,,,,,,,,,,,,,,,,,,,,,,,,
429,moderate-031,1316987547,fixed,moderate,NOT_RUN,,,0,True,,,,,,,,,,,,,,,,,,,,,,,,,,,,,,,,,,,,,,,,,,,,,,,,,,,,,,,,,,,,,,,,,,
430,moderate-031,1316987547,rm4d_only,moderate,NOT_RUN,,,0,False,,,,,,,,,,,,,,,,,,,,,,,,,,,,,,,,,,,,,,,,,,,,,,,,,,,,,,,,,,,,,,,,,,
431,easy-031,595597498,generic,easy,NOT_RUN,,,0,True,,,,,,,,,,,,,,,,,,,,,,,,,,,,,,,,,,,,,,,,,,,,,,,,,,,,,,,,,,,,,,,,,,
432,easy-031,595597498,rm4d_only,easy,NOT_RUN,,,0,False,,,,,,,,,,,,,,,,,,,,,,,,,,,,,,,,,,,,,,,,,,,,,,,,,,,,,,,,,,,,,,,,,,
433,easy-031,595597498,ours,easy,NOT_RUN,,,0,True,,,,,,,,,,,,,,,,,,,,,,,,,,,,,,,,,,,,,,,,,,,,,,,,,,,,,,,,,,,,,,,,,,
434,easy-031,595597498,fixed,easy,NOT_RUN,,,0,True,,,,,,,,,,,,,,,,,,,,,,,,,,,,,,,,,,,,,,,,,,,,,,,,,,,,,,,,,,,,,,,,,,
435,moderate-032,415462856,fixed,moderate,NOT_RUN,,,0,True,,,,,,,,,,,,,,,,,,,,,,,,,,,,,,,,,,,,,,,,,,,,,,,,,,,,,,,,,,,,,,,,,,
436,moderate-032,415462856,rm4d_only,moderate,NOT_RUN,,,0,False,,,,,,,,,,,,,,,,,,,,,,,,,,,,,,,,,,,,,,,,,,,,,,,,,,,,,,,,,,,,,,,,,,
437,moderate-032,415462856,ours,moderate,NOT_RUN,,,0,True,,,,,,,,,,,,,,,,,,,,,,,,,,,,,,,,,,,,,,,,,,,,,,,,,,,,,,,,,,,,,,,,,,
438,moderate-032,415462856,generic,moderate,NOT_RUN,,,0,True,,,,,,,,,,,,,,,,,,,,,,,,,,,,,,,,,,,,,,,,,,,,,,,,,,,,,,,,,,,,,,,,,,
439,easy-032,414965416,ours,easy,NOT_RUN,,,0,True,,,,,,,,,,,,,,,,,,,,,,,,,,,,,,,,,,,,,,,,,,,,,,,,,,,,,,,,,,,,,,,,,,
440,easy-032,414965416,fixed,easy,NOT_RUN,,,0,True,,,,,,,,,,,,,,,,,,,,,,,,,,,,,,,,,,,,,,,,,,,,,,,,,,,,,,,,,,,,,,,,,,
441,easy-032,414965416,generic,easy,NOT_RUN,,,0,True,,,,,,,,,,,,,,,,,,,,,,,,,,,,,,,,,,,,,,,,,,,,,,,,,,,,,,,,,,,,,,,,,,
442,easy-032,414965416,rm4d_only,easy,NOT_RUN,,,0,False,,,,,,,,,,,,,,,,,,,,,,,,,,,,,,,,,,,,,,,,,,,,,,,,,,,,,,,,,,,,,,,,,,
443,hard-032,1703231483,generic,hard,NOT_RUN,,,0,True,,,,,,,,,,,,,,,,,,,,,,,,,,,,,,,,,,,,,,,,,,,,,,,,,,,,,,,,,,,,,,,,,,
444,hard-032,1703231483,rm4d_only,hard,NOT_RUN,,,0,False,,,,,,,,,,,,,,,,,,,,,,,,,,,,,,,,,,,,,,,,,,,,,,,,,,,,,,,,,,,,,,,,,,
445,hard-032,1703231483,ours,hard,NOT_RUN,,,0,True,,,,,,,,,,,,,,,,,,,,,,,,,,,,,,,,,,,,,,,,,,,,,,,,,,,,,,,,,,,,,,,,,,
446,hard-032,1703231483,fixed,hard,NOT_RUN,,,0,True,,,,,,,,,,,,,,,,,,,,,,,,,,,,,,,,,,,,,,,,,,,,,,,,,,,,,,,,,,,,,,,,,,
447,hard-032,1703231483,no_cost,hard,NOT_RUN,,,0,True,,,,,,,,,,,,,,,,,,,,,,,,,,,,,,,,,,,,,,,,,,,,,,,,,,,,,,,,,,,,,,,,,,
448,hard-032,1703231483,no_occlusion,hard,NOT_RUN,,,0,True,,,,,,,,,,,,,,,,,,,,,,,,,,,,,,,,,,,,,,,,,,,,,,,,,,,,,,,,,,,,,,,,,,
449,easy-033,48346439,ours,easy,NOT_RUN,,,0,True,,,,,,,,,,,,,,,,,,,,,,,,,,,,,,,,,,,,,,,,,,,,,,,,,,,,,,,,,,,,,,,,,,
450,easy-033,48346439,rm4d_only,easy,NOT_RUN,,,0,False,,,,,,,,,,,,,,,,,,,,,,,,,,,,,,,,,,,,,,,,,,,,,,,,,,,,,,,,,,,,,,,,,,
451,easy-033,48346439,generic,easy,NOT_RUN,,,0,True,,,,,,,,,,,,,,,,,,,,,,,,,,,,,,,,,,,,,,,,,,,,,,,,,,,,,,,,,,,,,,,,,,
452,easy-033,48346439,fixed,easy,NOT_RUN,,,0,True,,,,,,,,,,,,,,,,,,,,,,,,,,,,,,,,,,,,,,,,,,,,,,,,,,,,,,,,,,,,,,,,,,
453,moderate-033,1860393162,rm4d_only,moderate,NOT_RUN,,,0,False,,,,,,,,,,,,,,,,,,,,,,,,,,,,,,,,,,,,,,,,,,,,,,,,,,,,,,,,,,,,,,,,,,
454,moderate-033,1860393162,generic,moderate,NOT_RUN,,,0,True,,,,,,,,,,,,,,,,,,,,,,,,,,,,,,,,,,,,,,,,,,,,,,,,,,,,,,,,,,,,,,,,,,
455,moderate-033,1860393162,ours,moderate,NOT_RUN,,,0,True,,,,,,,,,,,,,,,,,,,,,,,,,,,,,,,,,,,,,,,,,,,,,,,,,,,,,,,,,,,,,,,,,,
456,moderate-033,1860393162,fixed,moderate,NOT_RUN,,,0,True,,,,,,,,,,,,,,,,,,,,,,,,,,,,,,,,,,,,,,,,,,,,,,,,,,,,,,,,,,,,,,,,,,
457,hard-033,189038915,fixed,hard,NOT_RUN,,,0,True,,,,,,,,,,,,,,,,,,,,,,,,,,,,,,,,,,,,,,,,,,,,,,,,,,,,,,,,,,,,,,,,,,
458,hard-033,189038915,ours,hard,NOT_RUN,,,0,True,,,,,,,,,,,,,,,,,,,,,,,,,,,,,,,,,,,,,,,,,,,,,,,,,,,,,,,,,,,,,,,,,,
459,hard-033,189038915,generic,hard,NOT_RUN,,,0,True,,,,,,,,,,,,,,,,,,,,,,,,,,,,,,,,,,,,,,,,,,,,,,,,,,,,,,,,,,,,,,,,,,
460,hard-033,189038915,rm4d_only,hard,NOT_RUN,,,0,False,,,,,,,,,,,,,,,,,,,,,,,,,,,,,,,,,,,,,,,,,,,,,,,,,,,,,,,,,,,,,,,,,,
461,hard-033,189038915,no_occlusion,hard,NOT_RUN,,,0,True,,,,,,,,,,,,,,,,,,,,,,,,,,,,,,,,,,,,,,,,,,,,,,,,,,,,,,,,,,,,,,,,,,
462,hard-033,189038915,no_cost,hard,NOT_RUN,,,0,True,,,,,,,,,,,,,,,,,,,,,,,,,,,,,,,,,,,,,,,,,,,,,,,,,,,,,,,,,,,,,,,,,,
463,hard-034,1618598086,rm4d_only,hard,NOT_RUN,,,0,False,,,,,,,,,,,,,,,,,,,,,,,,,,,,,,,,,,,,,,,,,,,,,,,,,,,,,,,,,,,,,,,,,,
464,hard-034,1618598086,fixed,hard,NOT_RUN,,,0,True,,,,,,,,,,,,,,,,,,,,,,,,,,,,,,,,,,,,,,,,,,,,,,,,,,,,,,,,,,,,,,,,,,
465,hard-034,1618598086,ours,hard,NOT_RUN,,,0,True,,,,,,,,,,,,,,,,,,,,,,,,,,,,,,,,,,,,,,,,,,,,,,,,,,,,,,,,,,,,,,,,,,
466,hard-034,1618598086,generic,hard,NOT_RUN,,,0,True,,,,,,,,,,,,,,,,,,,,,,,,,,,,,,,,,,,,,,,,,,,,,,,,,,,,,,,,,,,,,,,,,,
467,hard-034,1618598086,no_cost,hard,NOT_RUN,,,0,True,,,,,,,,,,,,,,,,,,,,,,,,,,,,,,,,,,,,,,,,,,,,,,,,,,,,,,,,,,,,,,,,,,
468,hard-034,1618598086,no_occlusion,hard,NOT_RUN,,,0,True,,,,,,,,,,,,,,,,,,,,,,,,,,,,,,,,,,,,,,,,,,,,,,,,,,,,,,,,,,,,,,,,,,
469,moderate-034,1866280922,ours,moderate,NOT_RUN,,,0,True,,,,,,,,,,,,,,,,,,,,,,,,,,,,,,,,,,,,,,,,,,,,,,,,,,,,,,,,,,,,,,,,,,
470,moderate-034,1866280922,fixed,moderate,NOT_RUN,,,0,True,,,,,,,,,,,,,,,,,,,,,,,,,,,,,,,,,,,,,,,,,,,,,,,,,,,,,,,,,,,,,,,,,,
471,moderate-034,1866280922,rm4d_only,moderate,NOT_RUN,,,0,False,,,,,,,,,,,,,,,,,,,,,,,,,,,,,,,,,,,,,,,,,,,,,,,,,,,,,,,,,,,,,,,,,,
472,moderate-034,1866280922,generic,moderate,NOT_RUN,,,0,True,,,,,,,,,,,,,,,,,,,,,,,,,,,,,,,,,,,,,,,,,,,,,,,,,,,,,,,,,,,,,,,,,,
473,easy-034,119346356,generic,easy,NOT_RUN,,,0,True,,,,,,,,,,,,,,,,,,,,,,,,,,,,,,,,,,,,,,,,,,,,,,,,,,,,,,,,,,,,,,,,,,
474,easy-034,119346356,fixed,easy,NOT_RUN,,,0,True,,,,,,,,,,,,,,,,,,,,,,,,,,,,,,,,,,,,,,,,,,,,,,,,,,,,,,,,,,,,,,,,,,
475,easy-034,119346356,ours,easy,NOT_RUN,,,0,True,,,,,,,,,,,,,,,,,,,,,,,,,,,,,,,,,,,,,,,,,,,,,,,,,,,,,,,,,,,,,,,,,,
476,easy-034,119346356,rm4d_only,easy,NOT_RUN,,,0,False,,,,,,,,,,,,,,,,,,,,,,,,,,,,,,,,,,,,,,,,,,,,,,,,,,,,,,,,,,,,,,,,,,
477,easy-035,763888104,rm4d_only,easy,NOT_RUN,,,0,False,,,,,,,,,,,,,,,,,,,,,,,,,,,,,,,,,,,,,,,,,,,,,,,,,,,,,,,,,,,,,,,,,,
478,easy-035,763888104,generic,easy,NOT_RUN,,,0,True,,,,,,,,,,,,,,,,,,,,,,,,,,,,,,,,,,,,,,,,,,,,,,,,,,,,,,,,,,,,,,,,,,
479,easy-035,763888104,fixed,easy,NOT_RUN,,,0,True,,,,,,,,,,,,,,,,,,,,,,,,,,,,,,,,,,,,,,,,,,,,,,,,,,,,,,,,,,,,,,,,,,
480,easy-035,763888104,ours,easy,NOT_RUN,,,0,True,,,,,,,,,,,,,,,,,,,,,,,,,,,,,,,,,,,,,,,,,,,,,,,,,,,,,,,,,,,,,,,,,,
481,moderate-035,658678540,fixed,moderate,NOT_RUN,,,0,True,,,,,,,,,,,,,,,,,,,,,,,,,,,,,,,,,,,,,,,,,,,,,,,,,,,,,,,,,,,,,,,,,,
482,moderate-035,658678540,rm4d_only,moderate,NOT_RUN,,,0,False,,,,,,,,,,,,,,,,,,,,,,,,,,,,,,,,,,,,,,,,,,,,,,,,,,,,,,,,,,,,,,,,,,
483,moderate-035,658678540,generic,moderate,NOT_RUN,,,0,True,,,,,,,,,,,,,,,,,,,,,,,,,,,,,,,,,,,,,,,,,,,,,,,,,,,,,,,,,,,,,,,,,,
484,moderate-035,658678540,ours,moderate,NOT_RUN,,,0,True,,,,,,,,,,,,,,,,,,,,,,,,,,,,,,,,,,,,,,,,,,,,,,,,,,,,,,,,,,,,,,,,,,
485,hard-035,2099583697,ours,hard,NOT_RUN,,,0,True,,,,,,,,,,,,,,,,,,,,,,,,,,,,,,,,,,,,,,,,,,,,,,,,,,,,,,,,,,,,,,,,,,
486,hard-035,2099583697,generic,hard,NOT_RUN,,,0,True,,,,,,,,,,,,,,,,,,,,,,,,,,,,,,,,,,,,,,,,,,,,,,,,,,,,,,,,,,,,,,,,,,
487,hard-035,2099583697,rm4d_only,hard,NOT_RUN,,,0,False,,,,,,,,,,,,,,,,,,,,,,,,,,,,,,,,,,,,,,,,,,,,,,,,,,,,,,,,,,,,,,,,,,
488,hard-035,2099583697,fixed,hard,NOT_RUN,,,0,True,,,,,,,,,,,,,,,,,,,,,,,,,,,,,,,,,,,,,,,,,,,,,,,,,,,,,,,,,,,,,,,,,,
489,hard-035,2099583697,no_occlusion,hard,NOT_RUN,,,0,True,,,,,,,,,,,,,,,,,,,,,,,,,,,,,,,,,,,,,,,,,,,,,,,,,,,,,,,,,,,,,,,,,,
490,hard-035,2099583697,no_cost,hard,NOT_RUN,,,0,True,,,,,,,,,,,,,,,,,,,,,,,,,,,,,,,,,,,,,,,,,,,,,,,,,,,,,,,,,,,,,,,,,,
491,hard-036,1487579189,generic,hard,NOT_RUN,,,0,True,,,,,,,,,,,,,,,,,,,,,,,,,,,,,,,,,,,,,,,,,,,,,,,,,,,,,,,,,,,,,,,,,,
492,hard-036,1487579189,rm4d_only,hard,NOT_RUN,,,0,False,,,,,,,,,,,,,,,,,,,,,,,,,,,,,,,,,,,,,,,,,,,,,,,,,,,,,,,,,,,,,,,,,,
493,hard-036,1487579189,fixed,hard,NOT_RUN,,,0,True,,,,,,,,,,,,,,,,,,,,,,,,,,,,,,,,,,,,,,,,,,,,,,,,,,,,,,,,,,,,,,,,,,
494,hard-036,1487579189,ours,hard,NOT_RUN,,,0,True,,,,,,,,,,,,,,,,,,,,,,,,,,,,,,,,,,,,,,,,,,,,,,,,,,,,,,,,,,,,,,,,,,
495,hard-036,1487579189,no_cost,hard,NOT_RUN,,,0,True,,,,,,,,,,,,,,,,,,,,,,,,,,,,,,,,,,,,,,,,,,,,,,,,,,,,,,,,,,,,,,,,,,
496,hard-036,1487579189,no_occlusion,hard,NOT_RUN,,,0,True,,,,,,,,,,,,,,,,,,,,,,,,,,,,,,,,,,,,,,,,,,,,,,,,,,,,,,,,,,,,,,,,,,
497,easy-036,1125639427,fixed,easy,NOT_RUN,,,0,True,,,,,,,,,,,,,,,,,,,,,,,,,,,,,,,,,,,,,,,,,,,,,,,,,,,,,,,,,,,,,,,,,,
498,easy-036,1125639427,ours,easy,NOT_RUN,,,0,True,,,,,,,,,,,,,,,,,,,,,,,,,,,,,,,,,,,,,,,,,,,,,,,,,,,,,,,,,,,,,,,,,,
499,easy-036,1125639427,rm4d_only,easy,NOT_RUN,,,0,False,,,,,,,,,,,,,,,,,,,,,,,,,,,,,,,,,,,,,,,,,,,,,,,,,,,,,,,,,,,,,,,,,,
500,easy-036,1125639427,generic,easy,NOT_RUN,,,0,True,,,,,,,,,,,,,,,,,,,,,,,,,,,,,,,,,,,,,,,,,,,,,,,,,,,,,,,,,,,,,,,,,,
501,moderate-036,1769458986,generic,moderate,NOT_RUN,,,0,True,,,,,,,,,,,,,,,,,,,,,,,,,,,,,,,,,,,,,,,,,,,,,,,,,,,,,,,,,,,,,,,,,,
502,moderate-036,1769458986,ours,moderate,NOT_RUN,,,0,True,,,,,,,,,,,,,,,,,,,,,,,,,,,,,,,,,,,,,,,,,,,,,,,,,,,,,,,,,,,,,,,,,,
503,moderate-036,1769458986,fixed,moderate,NOT_RUN,,,0,True,,,,,,,,,,,,,,,,,,,,,,,,,,,,,,,,,,,,,,,,,,,,,,,,,,,,,,,,,,,,,,,,,,
504,moderate-036,1769458986,rm4d_only,moderate,NOT_RUN,,,0,False,,,,,,,,,,,,,,,,,,,,,,,,,,,,,,,,,,,,,,,,,,,,,,,,,,,,,,,,,,,,,,,,,,
505,moderate-037,611919965,ours,moderate,NOT_RUN,,,0,True,,,,,,,,,,,,,,,,,,,,,,,,,,,,,,,,,,,,,,,,,,,,,,,,,,,,,,,,,,,,,,,,,,
506,moderate-037,611919965,fixed,moderate,NOT_RUN,,,0,True,,,,,,,,,,,,,,,,,,,,,,,,,,,,,,,,,,,,,,,,,,,,,,,,,,,,,,,,,,,,,,,,,,
507,moderate-037,611919965,generic,moderate,NOT_RUN,,,0,True,,,,,,,,,,,,,,,,,,,,,,,,,,,,,,,,,,,,,,,,,,,,,,,,,,,,,,,,,,,,,,,,,,
508,moderate-037,611919965,rm4d_only,moderate,NOT_RUN,,,0,False,,,,,,,,,,,,,,,,,,,,,,,,,,,,,,,,,,,,,,,,,,,,,,,,,,,,,,,,,,,,,,,,,,
509,hard-037,1691047771,fixed,hard,NOT_RUN,,,0,True,,,,,,,,,,,,,,,,,,,,,,,,,,,,,,,,,,,,,,,,,,,,,,,,,,,,,,,,,,,,,,,,,,
510,hard-037,1691047771,generic,hard,NOT_RUN,,,0,True,,,,,,,,,,,,,,,,,,,,,,,,,,,,,,,,,,,,,,,,,,,,,,,,,,,,,,,,,,,,,,,,,,
511,hard-037,1691047771,ours,hard,NOT_RUN,,,0,True,,,,,,,,,,,,,,,,,,,,,,,,,,,,,,,,,,,,,,,,,,,,,,,,,,,,,,,,,,,,,,,,,,
512,hard-037,1691047771,rm4d_only,hard,NOT_RUN,,,0,False,,,,,,,,,,,,,,,,,,,,,,,,,,,,,,,,,,,,,,,,,,,,,,,,,,,,,,,,,,,,,,,,,,
513,hard-037,1691047771,no_occlusion,hard,NOT_RUN,,,0,True,,,,,,,,,,,,,,,,,,,,,,,,,,,,,,,,,,,,,,,,,,,,,,,,,,,,,,,,,,,,,,,,,,
514,hard-037,1691047771,no_cost,hard,NOT_RUN,,,0,True,,,,,,,,,,,,,,,,,,,,,,,,,,,,,,,,,,,,,,,,,,,,,,,,,,,,,,,,,,,,,,,,,,
515,easy-037,1995251425,rm4d_only,easy,NOT_RUN,,,0,False,,,,,,,,,,,,,,,,,,,,,,,,,,,,,,,,,,,,,,,,,,,,,,,,,,,,,,,,,,,,,,,,,,
516,easy-037,1995251425,ours,easy,NOT_RUN,,,0,True,,,,,,,,,,,,,,,,,,,,,,,,,,,,,,,,,,,,,,,,,,,,,,,,,,,,,,,,,,,,,,,,,,
517,easy-037,1995251425,fixed,easy,NOT_RUN,,,0,True,,,,,,,,,,,,,,,,,,,,,,,,,,,,,,,,,,,,,,,,,,,,,,,,,,,,,,,,,,,,,,,,,,
518,easy-037,1995251425,generic,easy,NOT_RUN,,,0,True,,,,,,,,,,,,,,,,,,,,,,,,,,,,,,,,,,,,,,,,,,,,,,,,,,,,,,,,,,,,,,,,,,
519,easy-038,980355277,ours,easy,NOT_RUN,,,0,True,,,,,,,,,,,,,,,,,,,,,,,,,,,,,,,,,,,,,,,,,,,,,,,,,,,,,,,,,,,,,,,,,,
520,easy-038,980355277,fixed,easy,NOT_RUN,,,0,True,,,,,,,,,,,,,,,,,,,,,,,,,,,,,,,,,,,,,,,,,,,,,,,,,,,,,,,,,,,,,,,,,,
521,easy-038,980355277,generic,easy,NOT_RUN,,,0,True,,,,,,,,,,,,,,,,,,,,,,,,,,,,,,,,,,,,,,,,,,,,,,,,,,,,,,,,,,,,,,,,,,
522,easy-038,980355277,rm4d_only,easy,NOT_RUN,,,0,False,,,,,,,,,,,,,,,,,,,,,,,,,,,,,,,,,,,,,,,,,,,,,,,,,,,,,,,,,,,,,,,,,,
523,moderate-038,630455259,fixed,moderate,NOT_RUN,,,0,True,,,,,,,,,,,,,,,,,,,,,,,,,,,,,,,,,,,,,,,,,,,,,,,,,,,,,,,,,,,,,,,,,,
524,moderate-038,630455259,generic,moderate,NOT_RUN,,,0,True,,,,,,,,,,,,,,,,,,,,,,,,,,,,,,,,,,,,,,,,,,,,,,,,,,,,,,,,,,,,,,,,,,
525,moderate-038,630455259,rm4d_only,moderate,NOT_RUN,,,0,False,,,,,,,,,,,,,,,,,,,,,,,,,,,,,,,,,,,,,,,,,,,,,,,,,,,,,,,,,,,,,,,,,,
526,moderate-038,630455259,ours,moderate,NOT_RUN,,,0,True,,,,,,,,,,,,,,,,,,,,,,,,,,,,,,,,,,,,,,,,,,,,,,,,,,,,,,,,,,,,,,,,,,
527,hard-038,144662374,ours,hard,NOT_RUN,,,0,True,,,,,,,,,,,,,,,,,,,,,,,,,,,,,,,,,,,,,,,,,,,,,,,,,,,,,,,,,,,,,,,,,,
528,hard-038,144662374,rm4d_only,hard,NOT_RUN,,,0,False,,,,,,,,,,,,,,,,,,,,,,,,,,,,,,,,,,,,,,,,,,,,,,,,,,,,,,,,,,,,,,,,,,
529,hard-038,144662374,fixed,hard,NOT_RUN,,,0,True,,,,,,,,,,,,,,,,,,,,,,,,,,,,,,,,,,,,,,,,,,,,,,,,,,,,,,,,,,,,,,,,,,
530,hard-038,144662374,generic,hard,NOT_RUN,,,0,True,,,,,,,,,,,,,,,,,,,,,,,,,,,,,,,,,,,,,,,,,,,,,,,,,,,,,,,,,,,,,,,,,,
531,hard-038,144662374,no_cost,hard,NOT_RUN,,,0,True,,,,,,,,,,,,,,,,,,,,,,,,,,,,,,,,,,,,,,,,,,,,,,,,,,,,,,,,,,,,,,,,,,
532,hard-038,144662374,no_occlusion,hard,NOT_RUN,,,0,True,,,,,,,,,,,,,,,,,,,,,,,,,,,,,,,,,,,,,,,,,,,,,,,,,,,,,,,,,,,,,,,,,,
533,easy-039,835671230,fixed,easy,NOT_RUN,,,0,True,,,,,,,,,,,,,,,,,,,,,,,,,,,,,,,,,,,,,,,,,,,,,,,,,,,,,,,,,,,,,,,,,,
534,easy-039,835671230,generic,easy,NOT_RUN,,,0,True,,,,,,,,,,,,,,,,,,,,,,,,,,,,,,,,,,,,,,,,,,,,,,,,,,,,,,,,,,,,,,,,,,
535,easy-039,835671230,rm4d_only,easy,NOT_RUN,,,0,False,,,,,,,,,,,,,,,,,,,,,,,,,,,,,,,,,,,,,,,,,,,,,,,,,,,,,,,,,,,,,,,,,,
536,easy-039,835671230,ours,easy,NOT_RUN,,,0,True,,,,,,,,,,,,,,,,,,,,,,,,,,,,,,,,,,,,,,,,,,,,,,,,,,,,,,,,,,,,,,,,,,
537,hard-039,644188741,generic,hard,NOT_RUN,,,0,True,,,,,,,,,,,,,,,,,,,,,,,,,,,,,,,,,,,,,,,,,,,,,,,,,,,,,,,,,,,,,,,,,,
538,hard-039,644188741,ours,hard,NOT_RUN,,,0,True,,,,,,,,,,,,,,,,,,,,,,,,,,,,,,,,,,,,,,,,,,,,,,,,,,,,,,,,,,,,,,,,,,
539,hard-039,644188741,rm4d_only,hard,NOT_RUN,,,0,False,,,,,,,,,,,,,,,,,,,,,,,,,,,,,,,,,,,,,,,,,,,,,,,,,,,,,,,,,,,,,,,,,,
540,hard-039,644188741,fixed,hard,NOT_RUN,,,0,True,,,,,,,,,,,,,,,,,,,,,,,,,,,,,,,,,,,,,,,,,,,,,,,,,,,,,,,,,,,,,,,,,,
541,hard-039,644188741,no_occlusion,hard,NOT_RUN,,,0,True,,,,,,,,,,,,,,,,,,,,,,,,,,,,,,,,,,,,,,,,,,,,,,,,,,,,,,,,,,,,,,,,,,
542,hard-039,644188741,no_cost,hard,NOT_RUN,,,0,True,,,,,,,,,,,,,,,,,,,,,,,,,,,,,,,,,,,,,,,,,,,,,,,,,,,,,,,,,,,,,,,,,,
543,moderate-039,1770335982,generic,moderate,NOT_RUN,,,0,True,,,,,,,,,,,,,,,,,,,,,,,,,,,,,,,,,,,,,,,,,,,,,,,,,,,,,,,,,,,,,,,,,,
544,moderate-039,1770335982,rm4d_only,moderate,NOT_RUN,,,0,False,,,,,,,,,,,,,,,,,,,,,,,,,,,,,,,,,,,,,,,,,,,,,,,,,,,,,,,,,,,,,,,,,,
545,moderate-039,1770335982,ours,moderate,NOT_RUN,,,0,True,,,,,,,,,,,,,,,,,,,,,,,,,,,,,,,,,,,,,,,,,,,,,,,,,,,,,,,,,,,,,,,,,,
546,moderate-039,1770335982,fixed,moderate,NOT_RUN,,,0,True,,,,,,,,,,,,,,,,,,,,,,,,,,,,,,,,,,,,,,,,,,,,,,,,,,,,,,,,,,,,,,,,,,
547,easy-040,1526797714,generic,easy,NOT_RUN,,,0,True,,,,,,,,,,,,,,,,,,,,,,,,,,,,,,,,,,,,,,,,,,,,,,,,,,,,,,,,,,,,,,,,,,
548,easy-040,1526797714,rm4d_only,easy,NOT_RUN,,,0,False,,,,,,,,,,,,,,,,,,,,,,,,,,,,,,,,,,,,,,,,,,,,,,,,,,,,,,,,,,,,,,,,,,
549,easy-040,1526797714,ours,easy,NOT_RUN,,,0,True,,,,,,,,,,,,,,,,,,,,,,,,,,,,,,,,,,,,,,,,,,,,,,,,,,,,,,,,,,,,,,,,,,
550,easy-040,1526797714,fixed,easy,NOT_RUN,,,0,True,,,,,,,,,,,,,,,,,,,,,,,,,,,,,,,,,,,,,,,,,,,,,,,,,,,,,,,,,,,,,,,,,,
551,moderate-040,494018758,rm4d_only,moderate,NOT_RUN,,,0,False,,,,,,,,,,,,,,,,,,,,,,,,,,,,,,,,,,,,,,,,,,,,,,,,,,,,,,,,,,,,,,,,,,
552,moderate-040,494018758,ours,moderate,NOT_RUN,,,0,True,,,,,,,,,,,,,,,,,,,,,,,,,,,,,,,,,,,,,,,,,,,,,,,,,,,,,,,,,,,,,,,,,,
553,moderate-040,494018758,fixed,moderate,NOT_RUN,,,0,True,,,,,,,,,,,,,,,,,,,,,,,,,,,,,,,,,,,,,,,,,,,,,,,,,,,,,,,,,,,,,,,,,,
554,moderate-040,494018758,generic,moderate,NOT_RUN,,,0,True,,,,,,,,,,,,,,,,,,,,,,,,,,,,,,,,,,,,,,,,,,,,,,,,,,,,,,,,,,,,,,,,,,
555,hard-040,1596483039,rm4d_only,hard,NOT_RUN,,,0,False,,,,,,,,,,,,,,,,,,,,,,,,,,,,,,,,,,,,,,,,,,,,,,,,,,,,,,,,,,,,,,,,,,
556,hard-040,1596483039,fixed,hard,NOT_RUN,,,0,True,,,,,,,,,,,,,,,,,,,,,,,,,,,,,,,,,,,,,,,,,,,,,,,,,,,,,,,,,,,,,,,,,,
557,hard-040,1596483039,generic,hard,NOT_RUN,,,0,True,,,,,,,,,,,,,,,,,,,,,,,,,,,,,,,,,,,,,,,,,,,,,,,,,,,,,,,,,,,,,,,,,,
558,hard-040,1596483039,ours,hard,NOT_RUN,,,0,True,,,,,,,,,,,,,,,,,,,,,,,,,,,,,,,,,,,,,,,,,,,,,,,,,,,,,,,,,,,,,,,,,,
559,hard-040,1596483039,no_cost,hard,NOT_RUN,,,0,True,,,,,,,,,,,,,,,,,,,,,,,,,,,,,,,,,,,,,,,,,,,,,,,,,,,,,,,,,,,,,,,,,,
560,hard-040,1596483039,no_occlusion,hard,NOT_RUN,,,0,True,,,,,,,,,,,,,,,,,,,,,,,,,,,,,,,,,,,,,,,,,,,,,,,,,,,,,,,,,,,,,,,,,,
